"u_star2_xy","u_star2_x","u_star2_y","u_star","F_H_kin","F_H_kin_v_0","F_LE_kin","F_CH4_kin","F_H_en","F_LE_en","F_CH4_mass"
0.0259339713035074,-0.0272416222874842,0.014608424519629,0.175816261972682,-0.00392764153275316,-0.00358749797964568,0.00015521263423069,1.17158228451198e-08,-4.87003195730888,6.93218174239854,0.676518474368597
0.0281071616680416,-0.0222252487896653,0.0171674236707083,0.167581278229938,-0.00287425553593162,-0.00252933769612034,0.000155009927189145,1.16262413751325e-08,-3.56397942601987,6.92316701485317,0.671345681965653
0.0286202771816392,-0.0173505563061541,0.0180403919226204,0.158208511077731,-0.00223330520375129,-0.00187426149947813,0.00015837379895315,9.49994964240442e-09,-2.76925028387331,7.07342934427824,0.548565092151001
0.0298889517804934,-0.0107416765700161,0.0192217324431725,0.148389707526792,-0.00155205732856694,-0.00117314621223464,0.000172500353281582,7.52614624396211e-09,-1.92451787005277,7.70438738816135,0.434589788711348
0.0328807183335903,-0.00497055982643857,0.0146189059816638,0.12426109019674,-0.000152661513662299,0.000244826229482635,0.000177468801507522,9.29744519291212e-09,-0.189184216609595,7.92632471555879,0.536871675219517
0.0341758439213518,-0.000810386546538329,0.00860482115637487,0.0929671839173241,0.00114646937970016,0.00155615913796849,0.000169875344212032,9.3691410565957e-09,1.42185276920739,7.58718012545124,0.541011681172062
0.035126244791374,0.00214462814098078,0.00675494547035947,0.0841856411503968,0.00141905445223992,0.0018268336282057,0.000165322154154204,8.11146163590537e-09,1.75990078765319,7.38385267236504,0.46838824070372
0.0327086813786402,0.0071970537526002,0.00437262261303257,0.0917673558818191,0.00177601674765803,0.00218528013293726,0.000180680613223415,9.30536841637444e-09,2.20263121701239,8.06989257500561,0.537329193835126
0.0314187809057918,0.00921401237891483,0.00450164241765501,0.101266440313975,0.00219173122867997,0.00259625116871067,0.000173550933692299,8.46268268645735e-09,2.71819609338565,7.75149164024028,0.488669149046793
0.0296438165944558,0.0115374281845064,0.00357139901124928,0.109897893231776,0.00248083960257953,0.00288272910054185,0.000171188435003111,7.50457833900186e-09,3.07676483456393,7.64600542501112,0.433344371607323
0.0265649325058021,0.0130006115413509,-0.000119430554195147,0.114022629798538,0.00274080559241719,0.00313530583806801,0.000164620099439695,5.23644669520999e-09,3.39919460297219,7.35266335626143,0.302373377968206
0.024711685640346,0.0115661168366779,-0.00172648318346227,0.108140018833811,0.00306716702546404,0.00345300411102845,0.000158836203468362,4.6984837807819e-09,3.8039525790203,7.09435192374935,0.27130924743747
0.0244229061862944,0.00987011010154167,-0.0023062009671925,0.100677492978984,0.00297328690514531,0.00334932881222174,0.000146870586106623,3.66164454677689e-09,3.68752817653443,6.55991076279042,0.211438002709085
0.0207171328877548,0.00352350213682509,-0.00190399537063383,0.0632853067250116,0.00297861081187464,0.0033347711248087,0.000122179778166721,4.95152403632660e-09,3.6941708831503,5.45712260946045,0.285920803953643
0.0178201934086391,0.00230797554771902,0.00191909984918081,0.054787000815718,0.00275146975320115,0.00308531617061811,9.77171370195557e-05,4.94967209308186e-09,3.41254075412439,4.36449861005337,0.285813865342919
0.0166080943828514,0.0023900409184817,0.00605043031983672,0.0806559519835937,0.00261339735830573,0.00293605809997505,0.000113752811795233,1.20185091963849e-09,3.24139359862941,5.08074887674932,0.0693996795036048
0.0163997788592105,0.00268487545340728,0.00981880927536435,0.100892376682697,0.00233088881212441,0.00263773146004251,0.000110390755979485,1.78037707592092e-09,2.89103082527519,4.93059785472167,0.102806093871977
0.0158036618667562,0.000983316494102022,0.0151786446944343,0.123330703350823,0.00223753742137689,0.00250267156997693,6.91281573309632e-05,-8.42439861312962e-14,2.7753154188504,3.08763723624824,-4.86458473516352e-06
0.0153241160719497,-0.000367280943385191,0.018066758287494,0.134426526948557,0.00248760532114854,0.00274332700747367,7.72638517611207e-05,-3.14196476441411e-09,3.08556926944953,3.45105960126324,-0.181429613356328
0.0155822153725041,0.000120120628162351,0.0234977655840988,0.153290810587418,0.00269216546580733,0.00292448775557637,7.38906961596552e-05,-4.57490174330269e-09,3.33939583486264,3.30043550214338,-0.26417312626527
0.0148839213028348,0.00170650680572049,0.0252430684949683,0.159061891156812,0.00284208987040685,0.0030585582722324,6.92823248377245e-05,-3.08242160617368e-09,3.52540687790722,3.09460395535143,-0.177991353226893
0.0131137844274499,0.000126802295512971,0.0236172975583075,0.153680310903408,0.00290002761393465,0.0030869729569613,6.24787248856299e-05,8.55271313917663e-10,3.59732026583659,2.79072533809149,0.0493867867508615
0.0130330087043638,0.000505531650268598,0.0219367686961783,0.148130324031951,0.00263481154983834,0.00280153600171107,6.12764391355544e-05,1.34285491489157e-09,3.26833706811256,2.73701744418709,0.077541814205499
0.013021519121546,-0.00169674962165171,0.0219547751423768,0.148392193883421,0.00212844290495744,0.00227350162647612,7.59686097597568e-05,-1.72758166872537e-09,2.64023967165331,3.39324886096921,-0.0997574758788777
0.0125483415136587,-0.00440734815729981,0.0234331808737007,0.154415184580692,0.00198439655049731,0.00210509566541109,5.93345262730724e-05,-2.15767831597434e-09,2.46160083232179,2.65026498014727,-0.124592976677622
0.0124751532921288,-0.00670815111938761,0.0243908182403391,0.159048634854319,0.00207866971048907,0.00218895733549489,5.55258850147466e-05,-2.62288103660014e-09,2.57857606565001,2.48016896364552,-0.151455642577438
0.0126383443465405,-0.0104548978025869,0.0242009158014526,0.162365784813593,0.00246590312090305,0.00258436738908413,6.99035656820619e-05,-2.05883951061106e-09,3.05903975873573,3.12239902801177,-0.118885628700725
0.0137197007961696,-0.0126371533274792,0.0238086335699585,0.164178460519624,0.00229431730492829,0.00239760394134237,5.18384794781025e-05,1.9042885395957e-09,2.84623901283162,2.31550052946209,0.109961237430414
0.013582732971448,-0.0194926545795539,0.0256919307999111,0.179581830828136,0.00220287485467801,0.00226199842148605,1.09795879935221e-05,8.8618710441515e-09,2.73293112910032,0.490428834149187,0.511719881573484
0.0134669049747236,-0.0230595002927232,0.0263343634124348,0.187092003280573,0.00251013696647755,0.00255581365686105,1.26245206948641e-05,1.19438075665827e-08,3.11421235872662,0.563911476191225,0.689683224124751
0.0139632375312576,-0.0247919773799094,0.0300084609291443,0.197294009215692,0.00216370762627203,0.00219310237737744,-3.06141129544755e-06,9.19953305665912e-09,2.68444889013131,-0.136754732678631,0.531217836823724
0.0143934568676214,-0.0250560555317153,0.0281393685287997,0.194108158992439,0.00224244249903716,0.00227900272755587,8.36835695634529e-07,9.60124172044769e-09,2.78211960701645,0.0373670917937895,0.554414101905531
0.0127823509000496,-0.0246069513211998,0.0228417374287231,0.183233456499035,0.00218202800635748,0.00222891864002827,-1.07573838279469e-06,1.10130358579529e-08,2.70714321987458,-0.0480716379396219,0.635936742581634
0.00952283937040211,-0.0258975034693772,0.0171647105526508,0.176265157533679,0.00217823334875629,0.00225380167243068,1.48849969587128e-05,1.25573192827279e-08,2.702461039985,0.664882367634371,0.725109844661839
0.00669254419575695,-0.0264580309997798,0.0110031988433832,0.169277298967705,0.002116665498784,0.00222862177062855,2.86903247305334e-05,1.55772560727454e-08,2.62612246879682,1.28159217676551,0.899493074664613
0.00500928862006634,-0.0265585758351185,0.00455282107081304,0.164152323824516,0.00192654667943781,0.00207115653220049,3.34525985012956e-05,1.72565467930422e-08,2.39031501649187,1.49434611335876,0.996462038017428
0.00263249259231432,-0.0256754914394947,-0.00124401083976629,0.160329693887909,0.00203302184988556,0.00222915465961111,5.73483954121994e-05,1.74551712835684e-08,2.52248814252243,2.56179152835844,1.00793141059838
0.00018364951398149,-0.0219588021988311,-0.00964864172147972,0.154871254274571,0.00189678381984936,0.00216711614799237,9.24485659885466e-05,1.38219858050342e-08,2.35353014214008,4.1297156081438,0.798136748325895
-0.00116101530315793,-0.0211643900140399,-0.0142793177095805,0.159784128878243,0.00157391498082133,0.00190810951999969,0.000132403483755916,8.82572632491383e-09,1.95302763146183,5.91451183218737,0.509632740905824
-0.0033585145848038,-0.021669514739252,-0.0149817608329214,0.16230920744901,0.00154361410170731,0.0019267229203115,0.000152919171087765,7.50518374639739e-09,1.91542392584727,6.83096890830325,0.433379330251971
-0.0053865110814774,-0.0198901947537674,-0.0100404677157383,0.149267303785642,0.00140517884464169,0.00181838065772736,0.000169802734375143,1.05892235978776e-08,1.74363067298921,7.58516758333502,0.611464127435841
-0.00607048432266097,-0.0189815843668396,-0.00488503462207478,0.140000374300095,0.00185242560414183,0.00228900848165493,0.000195045695285093,8.64473268424387e-09,2.29862257460612,8.71279341901097,0.499181444118978
-0.00574565675012667,-0.0176460007068481,-0.00283003019615625,0.133684319167435,0.0020267064728787,0.00248002334091743,0.000217352460349507,8.27352594557165e-09,2.51490505995547,9.70927315200352,0.477746482201089
-0.00531698580881161,-0.0145867059676523,0.00028795958303498,0.120787201431306,0.00220016872697763,0.00266162036156723,0.000225550226806026,8.11189313184296e-09,2.73019253871722,10.0754953274045,0.46841315700514
-0.00532674281957048,-0.0129854892654079,0.00242491092923871,0.114934603476426,0.00206667290030082,0.00250977790200112,0.000210524774217016,6.63769761836018e-09,2.56453940379034,9.40431186156263,0.38328721127459
-0.00412201643747257,-0.0106255893691354,0.00741560953787892,0.11383060967197,0.00182888970908255,0.0022127298651866,0.000181605144584368,3.49463199328395e-09,2.26950214562159,8.11247326893213,0.201794029820188
-0.0027591695086955,-0.00979209444051287,0.0125210194679039,0.126076623913636,0.00143828874267864,0.00176150618660915,0.000153956112021478,2.65453909824253e-09,1.78483088436741,6.87738560648259,0.153283705688917
-0.000141807017546825,-0.00926917533908445,0.0169245666729205,0.13891218355242,0.00110539988265607,0.00136906869651796,0.000132867147217576,1.43107861072699e-09,1.37175012247009,5.93533650839126,0.0826362032978195
0.00254084645431988,-0.00838299579797566,0.0195086272248359,0.145717162153733,0.000712106673602499,0.000933160661269762,0.00010262664561674,1.45383488966318e-09,0.883725371943827,4.5844620983895,0.0839502418687108
0.00669681108835443,-0.00566648203580909,0.0197877455660598,0.143468105412173,0.000568518300094345,0.00075480229501913,7.65698171871882e-05,1.21816298856632e-09,0.705537141142065,3.42048208667184,0.0703416036117736
0.0145534386012427,-0.00310942785228264,0.0176577069015812,0.133900685556072,0.00110560008706616,0.00130868727679862,8.72938317647275e-05,-3.84558436342447e-10,1.37206838986438,3.89957204502997,-0.0222059423481583
0.0201405514022678,-0.0036101494363413,0.0190680030469881,0.139308109310158,0.00113294553176446,0.00134349977690168,6.15253359643425e-05,2.81855547244368e-10,1.40607321159024,2.74844149765266,0.0162754667200788
0.0303916118695151,-0.00819157227134344,0.0218018070701931,0.152610372801405,0.00127336191996519,0.00152977874563545,6.23417474989257e-05,-1.13512250040281e-10,1.58046138390945,2.78500205111558,-0.006554651366326
0.0366254852197491,-0.0119122184759895,0.0280576943031557,0.174590144146243,0.00176703551888681,0.00208841858890601,0.000100281734085914,2.02943519523978e-09,2.19321423058163,4.4799194071867,0.117187705913926
0.0474568829127912,-0.0124780573523938,0.0356571084328229,0.194364069077239,0.00190075611430264,0.0023042461645005,0.000125213677137161,1.64234334470276e-10,2.35920120384936,5.59372975476542,0.00948354740965164
0.0550861249010822,-0.0101655761183285,0.0394694864957872,0.201885035158059,0.00202484114273868,0.00248620517361898,0.000156279764047088,1.66116528324192e-10,2.51322879587016,6.98157794261893,0.00959223281155214
0.0643407479703097,-0.00695835112487824,0.044007143410208,0.211077876345357,0.00235751884230486,0.00287159635388076,0.000181198941255147,-6.20867936533265e-10,2.92617653782611,8.09482465559369,-0.0358513981271768
0.0793461261155717,-0.00203663140966361,0.0537101772340828,0.231837824321711,0.00315841444143558,0.00376396003786588,0.000236354674066345,1.15182670761285e-09,3.92034267548432,10.5588663105483,0.0665110814043961
0.0876223136544877,0.000770584811401775,0.0618242542373448,0.248654491978173,0.00409666913700267,0.00476809533800168,0.000285215274471873,3.23267625227515e-09,5.08501837480787,12.7416953513375,0.186667657511376
0.0969989180231189,0.00233717592519663,0.0696176390539853,0.263925859628251,0.00487079046945843,0.00561109278589124,0.000319859913163317,2.02935097271167e-09,6.04599315626117,14.2894756715919,0.117182842568263
0.101127345170801,0.00363797386764383,0.0725723760526635,0.269561686199433,0.00492279185428197,0.0057025868645455,0.00036355761779414,-2.43302284602519e-11,6.11061310767528,16.2416447962027,-0.00140492471220878
0.105733751593132,0.00819040604809429,0.0777734317845539,0.279648910211254,0.00450102225523423,0.00528129335810158,0.000352888377681249,-1.38180067668537e-09,5.58716528344344,15.7650782637105,-0.0797906982745198
0.108702675455189,0.0120853987428682,0.0789450344084405,0.282603487935482,0.00431140752589196,0.00508473376876893,0.000336530813440515,-2.31394189693843e-09,5.35187608067075,15.0343619682522,-0.133616260896813
0.109972019737427,0.0159158176676389,0.0804253321190618,0.286330304262267,0.00462893243775915,0.00540977378131934,0.000352400136190147,-1.5649671050123e-09,5.74609141190976,15.743363502313,-0.09036746051183
0.109671858231979,0.0156304739897827,0.0835334456712487,0.291518821725147,0.00516732208761655,0.00596140514947557,0.000353823252626004,1.1370193266309e-11,6.41452108296015,15.8070337696725,0.000656560439969747
0.10813245223619,0.0164256144652754,0.0854987569336884,0.295063156795277,0.00575042581885991,0.00655034536359475,0.000333028494156281,7.73632185909958e-10,7.13850315176168,14.878053158767,0.0446726169431846
0.102287638459064,0.0170632029767509,0.0867526073553426,0.297346176450317,0.00726212510377871,0.00811031440489394,0.000330963639682767,2.54623926007562e-09,9.01540405794733,14.7858964960358,0.147030039833807
0.0962263845982771,0.0201387756850719,0.0867563476066536,0.298434399428645,0.00724250314713028,0.00814474967854729,0.000350449563569319,1.52281278152423e-10,8.99126331722661,15.656549413946,0.0087933301256335
0.0912575017002419,0.024192044008372,0.0893431255518093,0.304237597535419,0.00763648052571989,0.00859074995462781,0.000372885299982313,9.73311357746061e-10,9.48059233411433,16.6590089629727,0.0562028910416886
0.0891485750917462,0.0263409366554036,0.0912878842095027,0.308240529780683,0.00806185187496873,0.00904739747738545,0.000393731342382618,1.29615712410823e-09,10.0088108780053,17.5904035006132,0.0748452969745057
0.0868407478525706,0.0279406455189731,0.0908931905534001,0.308367889689986,0.00846258675782002,0.00946970734610062,0.000401365910949222,2.22909349133527e-09,10.5064294248553,17.9315421864215,0.128716774563664
0.0829392972232832,0.0311840268453294,0.0890950201168283,0.307237262980503,0.00948185529583841,0.0105594254594471,0.000448828728007785,4.13253005063833e-09,11.7720068931566,20.0521013968854,0.23862881524406
0.0802843125077407,0.0321867751107897,0.087402280066614,0.305189235506165,0.00994242448091301,0.0110927572949942,0.000493424557822571,1.67335059126371e-09,12.3439493499221,22.0445848259351,0.0966259565419317
0.0788282157816226,0.0328030505662562,0.0867299454996393,0.304509552207692,0.0101622302980839,0.0113719042454957,0.000537844970929566,1.08006592988612e-09,12.616970686289,24.0292474006147,0.062367327055344
0.0785582675347788,0.0335531964562685,0.0861776965540329,0.304104017991936,0.0101851780519083,0.0114090148119366,0.000546458471331404,2.03294601628322e-09,12.6455095467044,24.4141036521112,0.117390434764258
0.0768941221652705,0.0342041973316961,0.0845588696389456,0.302017787798263,0.0100940862601524,0.0113474806403479,0.000575419584407915,4.62621536764819e-09,12.5325593603621,25.708048628651,0.267136180189477
0.0718751738637707,0.0341668050628199,0.0790695022822085,0.293488821031355,0.00910643132048672,0.0103685606196345,0.000611146354401401,5.11559355647966e-09,11.306642512198,27.3043193444423,0.295394834325361
0.0695884858993317,0.0290845700257553,0.0732449197574326,0.280727960709198,0.00885548271231088,0.0100917911904846,0.000602117403371902,6.68241639058596e-09,10.9952203944232,26.9010259573918,0.385869452057995
0.0659246545383679,0.0231538933343878,0.0660887781808529,0.264626807708249,0.00828343852579087,0.00947676821818554,0.000556444049087618,8.36217911292574e-09,10.2851092002176,24.8605508043627,0.482865670696784
0.054162222960045,0.0207832764085415,0.0571665615294565,0.246631910467602,0.0081827554223137,0.00936010045673673,0.000518667456869914,7.54325366057691e-09,10.1603232917271,23.1728677560282,0.435577639376353
0.0432659567906848,0.0164194783997682,0.0546234099262557,0.238825979925652,0.00749380869281106,0.00870867423936355,0.000574907085995962,8.61496900979093e-09,9.30497202674595,25.6856654558191,0.497462770501367
0.0360843425830372,0.0149967075526878,0.0513647516996339,0.231320647085374,0.00729275934914887,0.00852109474463404,0.00058851958570204,8.42104327597918e-09,9.05545814956381,26.29394764525,0.486264722928142
0.027043513832026,0.014090995078547,0.0476665604962063,0.222947763443079,0.00667055877297481,0.00786504687255721,0.000564839846484731,8.47020673229024e-09,8.28304241381549,25.2361216653974,0.489103617549368
0.0145757298152125,0.0138697894339406,0.0423486978594396,0.211097437681564,0.00671054015211024,0.00788847437743277,0.000536842608875848,1.1222640605627e-08,8.3329047706607,23.9854264740054,0.648040159131326
0.00274070385055599,0.00668582272737412,0.0361099350598213,0.191634198092734,0.0072348332971673,0.00847149688159879,0.000557220945031182,9.30586439067359e-09,8.98415129297677,24.8960106961096,0.537357833375055
-0.00584631453859432,-0.00290199738733707,0.0315190790046063,0.177911191808749,0.00741882594964971,0.00875887580992692,0.000607265728727029,7.06211978089305e-09,9.21283087132495,27.1321008570763,0.407795044627888
-0.0107199926529914,-0.0116814112367622,0.02739340534654,0.172569100483819,0.00819169949823264,0.00970148157490484,0.000668374114234006,6.90492080236494e-09,10.1729096343166,29.8625516547708,0.398717746811761
-0.0137404179122072,-0.0156905792447559,0.0224866496414875,0.1655891548928,0.00893091877712091,0.0105634261611155,0.00074823973167315,8.07533097564567e-09,11.0910769288272,33.4310243252986,0.466301911857684
-0.0144878092185727,-0.0183770620450047,0.0176044261005559,0.159526234105778,0.00936405913967111,0.0110851640820271,0.000806156304343489,8.92629059658619e-09,11.629160233442,36.0188002338627,0.515439724209273
-0.00690109893339124,-0.0165536009681664,0.0103364682763077,0.139698763237435,0.0109189662268022,0.0126933958440879,0.000791313807521591,8.98232525461092e-09,13.5604520694855,35.3557997405553,0.518675389502253
-0.00182423359831895,-0.0138652296217697,0.00755656156202858,0.125661053126222,0.0115496348389091,0.0133246219243816,0.000781228865023013,5.59371458532913e-09,14.3438773098283,34.9053240167123,0.323003455015245
-0.000211678509665125,-0.0136532135694256,0.00647563959832692,0.122927053511212,0.0117296379904717,0.0135008838445607,0.000783622157545992,5.08203690846595e-09,14.5674949042649,35.0122965699098,0.293457139242458
0.00468795288842575,-0.0164241495255366,0.00247708146968595,0.128879382567047,0.0122520668262983,0.013995381648031,0.000771211774097063,1.59674919320217e-09,15.2164490602904,34.4578750966179,0.0922026854122662
0.00958896086928363,-0.0184075538273357,9.98107613098895e-05,0.135675437813513,0.0120223533518581,0.0136843148887737,0.000731804907780253,2.33435811375148e-10,14.9312680375803,32.6972209202905,0.0134795174920466
0.0202608609501101,-0.0199140108501064,0.00203098516857626,0.141482545675406,0.0122367860033441,0.013726262298381,0.000637771236865683,-1.87806893057115e-10,15.1978995175258,28.49582060427,-0.0108447212326901
0.029261765198056,-0.0139226844448744,0.00182348234388479,0.118497212194499,0.0121306010190945,0.0134403167352459,0.000527366364501387,-1.73545137766515e-09,15.0661972891612,23.562924590047,-0.100211904351896
0.037731390632718,-0.00583753046416693,0.00168589703161275,0.0779493528233271,0.010671422206217,0.0117937876266855,0.000445825365341726,-3.15942507773194e-09,13.2540036169824,19.9196973933214,-0.182437841688553
0.0523504211716484,0.00696089674297808,0.00675733543341341,0.0984952936957347,0.00890583557606854,0.00978732670662486,0.00034179155844991,-2.0088620063147e-09,11.0612704706553,15.2715340960006,-0.115999727692636
0.0606675599200018,0.0127811330960317,0.0101585755075214,0.127775123381238,0.00851695976329428,0.00929004005206195,0.000289685269987903,-3.12735572546317e-10,10.5784480201237,12.9434598911371,-0.0180586029011146
0.0655223615138674,0.0136092658806615,0.0121226548717765,0.135002057967547,0.00777128144441602,0.00848536267945831,0.000278222798832713,2.56533093807147e-09,9.65244648150322,12.4314273428917,0.148132469687999
0.0661223022060226,0.0121087742295386,0.0122041383325837,0.131118105501058,0.00753796251439008,0.00825392993938624,0.000309019052261327,3.08321283356782e-09,9.36272574599594,13.8074985725393,0.17803704186154
0.0669652169995893,0.00704299290938605,0.0124730225867057,0.119683361449172,0.0064870380991173,0.00719164425201788,0.00033761706720233,5.20564463389202e-09,8.05754594465991,15.0854442341047,0.300594743739461
0.0663260522135968,0.00657443883106531,0.0111766656000927,0.113872399203883,0.00520990185159308,0.005913344161969,0.000325681130009252,1.02593738700631e-08,6.47135612429807,14.552235935273,0.592417284752925
0.0671699289279715,0.00494487423374568,0.0103028554509899,0.10690211626452,0.00466404655957538,0.00540866973238743,0.000348465713996106,1.14785272264925e-08,5.7933408590805,15.5703555397017,0.66281607616658
0.0682283098637136,0.00582894376303802,0.00969036584866517,0.10634093302209,0.00388294295644221,0.00469108806334712,0.000382669212620372,1.35939316999286e-08,4.82318561814218,17.0986928243886,0.784967992080678
0.0648363377773008,0.00819763645652935,0.0137258841252859,0.126441807639328,0.002502664298002,0.00342481865042802,0.000446016320271844,1.84999261719097e-08,3.10881563624631,19.929210673293,1.06825973687075
0.0582022892991203,0.00732932115579353,0.0166874621456124,0.135004035430091,0.00285173665706385,0.0038338244959759,0.000463858166081701,2.20883105049233e-08,3.54246824398897,20.7264594152843,1.27546740179629
0.0492615565771434,0.00552502063803046,0.0140692769426281,0.122944042426075,0.00344583393935663,0.00446562037505528,0.000465574867805302,2.24957105092594e-08,4.28053640094108,20.8032190195265,1.29899230764668
0.0445836675634781,0.00406846210702609,0.0124512186975894,0.114451101275253,0.00357775720944115,0.00460827939386137,0.000463677490473954,2.12238722329945e-08,4.44443092941161,20.7184630227842,1.22555127822204
0.0347095607301836,0.0025133920088767,0.00854501221731328,0.0943768219262613,0.00318416084394544,0.00423200244654079,0.000476809107187897,1.88466112144202e-08,3.95557466665135,21.3052934335153,1.08827871796548
0.0285953019180932,0.00519425912099678,0.00705691926334925,0.0936079308101211,0.00235293273323859,0.00339301351409427,0.000487775053465619,1.45955634648512e-08,2.92299083945584,21.7953906235703,0.842806216714369
0.0260309479151285,0.00919974267283819,0.00556734606596625,0.103697479826913,0.00230962546908487,0.00328952545611467,0.000416090577152813,1.26981140271552e-08,2.86934413055544,18.5924556526609,0.73323989638405
0.0255421935754377,0.00621243766129687,0.00629688640061883,0.0940512064324981,0.00222221798477134,0.00321172552907589,0.000428290814500993,9.41707782843226e-09,2.76077879031387,19.1377051407557,0.543779742124992
0.0222703925837659,0.00131868971702599,0.0110364572678077,0.105427509743523,0.0024296973214812,0.00343953545185535,0.000452874350691458,7.14647404398714e-09,3.01855475176453,20.2363030088825,0.412665997195994
0.0187617088874542,-0.0035744754738755,0.0156773016177773,0.126805500570616,0.00262080025320967,0.00361056111810445,0.000435215893953039,6.68334340444755e-09,3.25602940109384,19.447332392004,0.38592298154642
0.0179111703072829,-0.0106969824896646,0.0157015081997878,0.137836935808175,0.00304523336728374,0.00400164620568154,0.000428321992795702,3.89080338973528e-09,3.78341697551863,19.139318143029,0.224670550936874
0.0190949642298932,-0.018119569999837,0.0141607780101659,0.151646502539133,0.00282028447089395,0.00373154607135983,0.000433661217870143,2.27745191294455e-10,3.50398089770826,19.37797128331,0.013150918326107
0.017568326755511,-0.0216223344778919,0.0154493951653709,0.163017165126266,0.00242341851247976,0.00331652804535942,0.000439667986343646,-2.18155681685819e-09,3.01097469459701,19.6464414844783,-0.125971816832659
0.0182848210094837,-0.0211076164815917,0.0198064111657617,0.170132929532892,0.00195120017334469,0.00285979738904974,0.000460174075756336,-4.04335279839271e-09,2.42430171388168,20.5628768609576,-0.233479363990389
0.0178487256479186,-0.0223669122221566,0.0240139807105092,0.181154400597302,0.00205439880850549,0.00297172475329779,0.000446334227463807,-3.9765615686924e-09,2.55251203436514,19.9445140215618,-0.229622571222574
0.0104023191454478,-0.0273684379203981,0.0337080962365323,0.208373854231683,0.002955210173966,0.00387648839873719,0.000407073868461284,-3.99027976684225e-09,3.67193219193606,18.1902613147915,-0.230414714856539
0.000868578414186365,-0.0299483351379642,0.0397659521094724,0.223118491843706,0.00316890332065164,0.00410351510941147,0.000414160465113946,-1.09020119342879e-09,3.93756107641263,18.5070256770993,-0.0629525777133518
-0.00762713478675909,-0.0302175475804423,0.0427306749784851,0.228769664263199,0.00363074799190526,0.00459278954834059,0.000422835490613861,6.00004116636322e-10,4.51149048220489,18.8947866138097,0.0346466377110478
-0.0144578951940001,-0.0294257151563677,0.0333846860037639,0.210954491306254,0.00510271916851468,0.00619999175497932,0.000491798794726049,4.66707968934303e-09,6.34074534963999,21.9766543145567,0.269495849581424
-0.0207255096955668,-0.0251132076665878,0.0246366539089625,0.18756353159513,0.00605514294928525,0.00737701524748659,0.000646001791270338,8.48508931516215e-09,7.52446046198039,28.8675904228119,0.489962997414723
-0.0253617896752697,-0.0236736187058569,0.0242856256296756,0.184160440816758,0.00664061248370853,0.00802557292243819,0.000652467705550573,8.36407867484986e-09,8.2520532708981,29.1565983317214,0.48297535900053
-0.0280102289087284,-0.0299141192213978,0.0286653474164511,0.203546920623885,0.00709429476780534,0.00851592711886853,0.00065442426664588,9.99657048629342e-09,8.81587853854213,29.244081523687,0.577241966160527
-0.0280826534696375,-0.042665308425452,0.0406135394302044,0.242703332289195,0.00764697210075224,0.00905612736373763,0.000626700820919039,1.01542719509525e-08,9.50274624556497,28.0053179206893,0.586348279535801
-0.02236284140929,-0.0525741363947679,0.0467831670174422,0.26528372369554,0.00827814557507637,0.00967460587805774,0.000626723808445097,1.00259506530206e-08,10.2871215815782,28.00641721098,0.578938494508024
0.00248365414442977,-0.0566799466928824,0.0447465194136111,0.268726698528093,0.00820027146093668,0.00960119094680236,0.000658832925134065,6.03139268552506e-09,10.1905712914078,29.4413847931407,0.348276739232959
0.0335622671307781,-0.06038855898911,0.0358730278780964,0.265028227666703,0.00878388717800316,0.0101961031349578,0.00064287681103187,5.78614737049644e-09,10.9160606547291,28.7284286459859,0.334115293761947
0.0671924080879696,-0.0600901972622257,0.0300248391455342,0.259179137000942,0.00951923805452077,0.0109448502159881,0.000647319616652667,8.03030350175113e-09,11.8301378637848,28.9271304663789,0.463701845405117
0.0815187869211547,-0.0546205503988881,0.0343184055508049,0.253982350542643,0.00917775630975133,0.0105473160251509,0.000605227904507316,6.95113435134407e-09,11.4060029086598,27.0462814598676,0.401386301984012
0.0910393694986866,-0.0482463399604424,0.0388030478391079,0.248825928661733,0.00840801650425336,0.00965232167046118,0.000501482605908287,2.08840731816155e-09,10.4496671725193,22.410351901138,0.120592992179921
0.0974206323924914,-0.0461319795017454,0.0382617180813132,0.24481479879212,0.0081955262282095,0.00939162143416059,0.00048788114798904,-2.75278211917894e-10,10.1857086736931,21.8026186833511,-0.0158956650689869
0.105224099739197,-0.0405332012554811,0.0338500550555336,0.229801597445245,0.00810674623808045,0.00927644672596879,0.00049055439866911,2.86269968031379e-10,10.0754632288308,21.9221437450735,0.016530373034004
0.11253525319557,-0.0272754244415141,0.0210435102259943,0.185606157973439,0.00762905508480578,0.00875964987781483,0.000482043245593556,1.16496064942425e-09,9.48187370494009,21.5418622439042,0.067269487740354
0.112344172409942,-0.0192618015545061,0.0138692980335472,0.154063330594143,0.00744456676164665,0.00854675170436706,0.00046661502395357,3.09540531637699e-09,9.25262876946304,20.8524440301678,0.178741084588873
0.110017268633411,-0.0156665318554828,0.0111405705960897,0.138649735691432,0.00722987044974836,0.00831123274002028,0.000447719891629751,4.70508802326481e-09,8.9858213426899,20.0080786655434,0.271690602815403
0.102245098174612,-0.0107477626452529,0.00870192064354322,0.117596243487582,0.00679332087961067,0.00784515451133891,0.000438922094753765,8.48405692813008e-09,8.44332755049266,19.6149834270996,0.489903383257943
0.0844680697518679,-0.00124890429470318,0.0150606319520553,0.122932200772794,0.00656875744250209,0.00759716556311118,0.000459492233988953,1.10172495557789e-08,8.16439394276795,20.5343257916774,0.636180058348895
0.0655743728816368,0.0102776794849664,0.0205300908751185,0.151522250145703,0.0058007425267968,0.00673418456802278,0.000402365585277494,1.04917364207977e-08,7.21006041646967,17.9815001114416,0.605834827882544
0.0619326728603895,0.0119576126331837,0.0210437896026606,0.155575814344056,0.0054284808628287,0.00631501145150674,0.00039716566454602,9.11291614052285e-09,6.74749731789801,17.749187732915,0.526216229618351
0.0594336841029452,0.014716697225548,0.0189306220317273,0.154848659210404,0.00473826089243526,0.00556167503825929,0.000349291297573299,8.76675524454876e-09,5.88974892214801,15.6098072229343,0.506227514841224
0.0620141659520682,0.0175914525586381,0.0195833343771614,0.162247499077998,0.00468001771977604,0.00553347306950388,0.000365998891703307,1.10082067716034e-08,5.81745970113511,16.3565712421318,0.635657891819469
0.0642670699192289,0.0194324128259635,0.0187368873925795,0.164299274381095,0.00456626063230033,0.00549720581776566,0.00040514634541912,1.11441901652191e-08,5.6761340667665,18.1061831079936,0.643510116900413
0.06422044233925,0.0203120005101358,0.0183401079663107,0.165428872891869,0.00458665993345073,0.00556578401953396,0.00043370891991229,1.16194918766584e-08,5.70151964133793,19.3827016653903,0.670955938925764
0.0631822592317196,0.021889271320143,0.0160317338084271,0.164718570822665,0.00495578182850163,0.00606229118037974,0.000500300659269638,1.22645052951725e-08,6.16044300153948,22.3588245369759,0.708201593764442
0.0606185319979326,0.0216571918997898,0.016833313050095,0.1656194686825,0.00544172297569607,0.00677337507296728,0.00060516041243905,7.70935297394804e-09,6.76461371634684,27.0452309503007,0.445168878127655
0.0559749221050211,0.0233632969148508,0.0152743162437602,0.167072527574158,0.00625198729157445,0.00774405809653648,0.000673476447788905,8.65968911477443e-09,7.77198037696106,30.0984546667407,0.500045088243535
0.0494725937001173,0.0221642620694733,0.0119225999453156,0.158642670635193,0.0066476463202943,0.00826341685430896,0.000704726723202475,8.44977096132704e-09,8.26401582153383,31.4951849797203,0.487923574390869
0.0460997960378423,0.0193440521178051,0.00407974887232302,0.140604375340675,0.0082527933794481,0.0101170150110742,0.000804633567177391,1.10873117800668e-08,10.2598422659142,35.960327503186,0.640225731428178
0.0452057121429899,0.0131352395396393,-0.00187768991361212,0.115190143854275,0.00970668611714049,0.0117454265834375,0.000892750909079813,1.70113732074628e-08,12.0675521818748,39.8985672743608,0.982304734491732
0.0423360443062787,0.00350245102280408,-0.00484794021639442,0.077335480196034,0.0113873406176173,0.0136589350562128,0.00104194238132208,2.54625175736464e-08,14.1572061839648,46.5663887129461,1.47030761477264
0.0373669190905826,-0.00208804705796649,-0.0064792724272604,0.0825070659660599,0.0115261298255403,0.0138483446468565,0.00107920794883362,3.2299828651695e-08,14.3298850107316,48.2319883100778,1.86512130566348
0.032424381125787,-0.00966919555419744,-0.0109970308781099,0.12100975713451,0.0113317624126668,0.0135886244135775,0.00104340149863004,4.0135752340846e-08,14.0883205157343,46.6319049620526,2.31759888316981
0.0316817521075047,-0.0131656666304144,-0.0110935686511548,0.131211015976672,0.0110982337041326,0.0132608262104483,0.000994277724824835,4.32448357627705e-08,13.7980529416004,44.4365646547478,2.49712979628542
0.0308331983695324,-0.0155102107042566,-0.013267289292693,0.142865243262454,0.0103225466159554,0.012272943769509,0.000890922625745514,5.20444177259466e-08,12.8337481862734,39.8175132965916,3.00525285716706
0.0321751505567505,-0.0181889591091728,-0.0126600361181274,0.148866077086049,0.0096649780936272,0.011440045476012,0.000821602338714425,5.13307422295144e-08,12.0162604975446,36.7195048721839,2.96404237930108
0.0359034094622501,-0.0184909804783078,-0.0128097096480006,0.149981850062748,0.00859776126521491,0.0102011169638288,0.000736242804069662,4.95043069380571e-08,10.6894763833808,32.9046442657643,2.85857669983117
0.035190332499836,-0.0181824209733655,-0.0112317035708607,0.146190791941975,0.00652046049485586,0.00786400347590489,0.000648861263682403,4.61809569009373e-08,8.10693235520474,28.999442208845,2.66667317528772
0.0328013708922113,-0.0123714014521393,-0.00658982038515886,0.118393565275672,0.00471091816306247,0.00584232896710484,0.000542800003088118,4.05850223452223e-08,5.85724255928411,24.2593678469718,2.34354153030252
0.0319035563346869,-0.00622851759587573,-0.00250593157451119,0.081937333207115,0.00336866417751232,0.0043186675774243,0.000456843637384135,3.4407441652986e-08,4.18853902838255,20.417836680734,1.98682331081002
0.0328768426415197,-0.00403593682946799,-0.0011850717699649,0.0648561973109751,0.00315308350060925,0.00403902051270324,0.000416385441390249,3.12041117994271e-08,3.92057266388711,18.6096816529451,1.80185023174612
0.0368921530427854,0.00140397506804929,0.00139114110900549,0.044457467731206,0.0032910014938475,0.00408126392526026,0.000350632109037666,2.42668150580225e-08,4.09226134085284,15.6710488504675,1.40126296871045
0.0405123967074323,0.0110907277357033,0.00743159041070455,0.115543865819575,0.00448508619992628,0.00527723775040375,0.000332005043475921,1.53778147788792e-08,5.57723471113934,14.8386839425889,0.887976536591599
0.0424494377631155,0.0162033488466838,0.0127062457221802,0.143496314067674,0.00572260951525113,0.0066061825530291,0.000365324323747648,1.15597354549871e-08,7.11622459597055,16.3279649391236,0.667505364112774
0.0458264439942753,0.0210082167477971,0.0182761664034838,0.166869255504279,0.00750246920659379,0.0085518266956078,0.000455291712791727,6.74290239818431e-09,9.32965256928844,20.3491211193753,0.389362156080755
0.0525166323902482,0.0248369842159625,0.0264329886190384,0.1904492233963,0.010218762785691,0.0115453582201672,0.000573395189851796,2.21189831830734e-09,12.7076813331244,25.6278556721298,0.127723856492339
0.0586801244430139,0.0262452689950337,0.0349555027210376,0.209073120174462,0.0126541373083974,0.0142116964326521,0.000669577571879702,2.26162644550669e-09,15.7364107425614,29.9268206905387,0.130595357469339
0.0692240131600301,0.0253461176292822,0.0459727702435145,0.229121952824439,0.0163137218354311,0.0181828296512688,0.000796714138165834,1.63023933418168e-09,20.2877264383733,35.6093512155752,0.0941365401129868
0.0766504354374983,0.0240299635747331,0.0542066476896163,0.243503963375172,0.0191037292449894,0.021217930676754,0.000897736567744089,2.47506218441488e-09,23.7576771679426,40.1247154809699,0.142919990776853
0.0897889310172616,0.0283287339966522,0.0625416815261943,0.262027524046208,0.0226359959561665,0.0250677125231571,0.00103620688072794,6.27577988951732e-10,28.150899845175,46.313913432329,0.0362388633940288
0.102110264190927,0.0318541394093268,0.0686098531012281,0.27503434385981,0.0243888288617401,0.0269868052284906,0.00108333676198619,6.19042985546776e-10,30.3311277408178,48.4205138742179,0.035746018157413
0.115489920317834,0.0324356458545614,0.0745219168823764,0.28508729140479,0.0252547327540171,0.0279748490208969,0.00113950286579883,1.61777650634453e-09,31.408421546435,50.931081400619,0.0934168865823588
0.120229338270774,0.0309815975298533,0.0748970763847897,0.284696380718405,0.0251387616483722,0.0278549686490456,0.00112652187664177,2.70992319530902e-09,31.2644427834357,50.3509943689735,0.156481804989924
0.123695134710473,0.0290133533195544,0.0728198483786115,0.279976593602298,0.0244094232323841,0.0270643326599291,0.00107717961676375,3.7416033088851e-09,30.3576770601518,48.1457403783446,0.216055141468261
0.12473962784582,0.0286227992341573,0.068792271081176,0.272963983529483,0.0234508214650316,0.0259848559662872,0.00101514692487664,5.56301936325203e-09,29.1659142219876,45.3733175047869,0.321230990111625
0.122802978885023,0.0294942575336143,0.0626765733659468,0.263191001404067,0.0225081268109744,0.0249264866578052,0.000963017546559076,5.83079092999124e-09,27.9938102116791,43.043466525033,0.336693191461414
0.115091779442003,0.0306722621300481,0.0546490195687111,0.250336169396701,0.0200916966069039,0.0223015146774508,0.000864772240287075,4.95695729001839e-09,24.9889339540602,38.6524408493872,0.286234541754822
0.108632286139504,0.0314496983239633,0.0481724971970725,0.23985361704961,0.0181475730163247,0.0201826431124706,0.000780668937081055,4.93158452650817e-09,22.5713089344205,34.8934277557394,0.284769416898688
0.0944052473153798,0.0252000873563719,0.0399477139299418,0.217329302424434,0.0149462928579791,0.0166939400923563,0.000643437984019919,6.42179541074995e-09,18.590161655777,28.7598538582937,0.370820154198345
0.0807234400554117,0.0180163022895597,0.0337520764197508,0.195600373593432,0.01326274517435,0.0148778786270243,0.000622853742521865,7.97880777980495e-09,16.4964841996099,27.8399149644521,0.460728276437057
0.0630494425908075,0.0094751735291643,0.0249666671634576,0.163414145251282,0.0117178286140233,0.0131914373396242,0.000567727612027833,5.6147838768881e-09,14.5752268971115,25.376097276042,0.324220080187026
0.055570070983996,0.00428057989598515,0.0207286647053046,0.145485503952425,0.01117294436371,0.0126065947357287,0.000561905904059874,4.59367868031533e-09,13.8976753003249,25.1159858912249,0.265257381716128
0.0490420552562797,-0.00163138245853767,0.0183545497028912,0.135745744141437,0.0111152130305828,0.0125311961843841,0.000556934972079954,2.66794562630725e-09,13.8260643160875,24.893888515376,0.154057852245486
0.0426683728041595,-0.0148127278503392,0.0133716638732519,0.141263611082665,0.0102083433091627,0.0116125645128,0.000579392348875756,1.89538528246785e-09,12.6982642752008,25.8978667147604,0.109447127750824
0.035918085123029,-0.0307362367575177,0.0038671975081318,0.17600728573199,0.00881647340940908,0.0101778524677105,0.000558664557739616,-2.80481770455914e-10,10.9671023778704,24.9715000351562,-0.0161961393532063
0.0327318431583025,-0.0416873687190528,-1.76637030767146e-05,0.204174857563977,0.00764941357521487,0.00898964637808472,0.000549335951421665,-1.64777594873585e-09,9.51543464919974,24.5546074283661,-0.0951491743838028
0.0284011771345305,-0.0571694863216777,-0.00331473789124947,0.239302113291982,0.00653098231327288,0.00788978795969465,0.000584521986068573,-6.15398902823156e-09,8.12433965103651,26.1275174796615,-0.355355942446203
0.0203945995962654,-0.0764069110578398,-0.00117632582233276,0.276434378484746,0.00699539971459907,0.00836707031062898,0.000592570167049366,-7.68230004285978e-09,8.70230917740638,26.487364531528,-0.443606733674895
0.0107465651882486,-0.0933663795358244,0.00129288964559498,0.305573772995094,0.00686376177486901,0.00823506728054603,0.00059477176036065,-1.14384109514715e-08,8.53873407588603,26.5858708477779,-0.660499601981767
-0.00406557666651787,-0.105748422325575,0.00600100919814623,0.325451314381713,0.0059401119983696,0.00725210486537701,0.000579128461663639,-1.13551213166768e-08,7.38978978535917,25.886750842829,-0.655690125310187
-0.021305011408836,-0.109034332354384,0.00679842214280946,0.330523935095844,0.00463483220769579,0.0058565703591359,0.000564946907736036,-1.20146248066367e-08,5.76602266855982,25.2529747880381,-0.693772494834427
-0.0321588928313078,-0.107669650547797,0.00318911282889913,0.328202483282904,0.0037054003366686,0.00486553658188848,0.000552276986696425,-9.7909447688123e-09,4.60983315859715,24.6867181637151,-0.565368314730297
-0.0453723525149131,-0.100998192710319,-0.0009665640742072,0.317809404624731,0.00354240028846853,0.0046072407792913,0.000500519269415403,-9.23319044976932e-09,4.40716972460613,22.3732817037025,-0.533161349331479
-0.0520469806095789,-0.0953140125850252,0.000229040205208989,0.308730121266447,0.00344161472197789,0.00446356354579808,0.00049171524557974,-7.0021863922115e-09,4.28184726353697,21.9798038579858,-0.404334251031861
-0.0572222135277149,-0.088639492116085,-0.000120781009536861,0.297723990307666,0.00395990834146262,0.00494778951843723,0.000491255145150409,-5.16550518461394e-09,4.9267125947401,21.9593041333754,-0.298276931380347
-0.0627876954488059,-0.0804873998419747,-0.00030515849219767,0.283704032974733,0.00405841656885513,0.00499433305154131,0.000478288927318454,9.41863122635102e-10,5.04935503397509,21.3798528147748,0.0543869441534413
-0.0587609647793575,-0.0678010602530928,-0.00490068040445315,0.260725796255027,0.00333595401379598,0.00423791028411051,0.000458236679692393,2.66940506793007e-09,4.15059798211008,20.4835987136959,0.154142126242554
-0.0552414069741702,-0.0569929581416446,-0.0069909005536726,0.23962495310247,0.00305446682057977,0.00395827917089959,0.00046394834340967,4.54656758019569e-09,3.80049850479397,20.7389673809728,0.26253699835082
-0.0460422059742601,-0.0422007394425225,-0.0120171593758406,0.209471731220987,0.00361650826594986,0.00455881118200637,0.00048704565384031,5.31422244933835e-09,4.50001250374038,21.771569281983,0.306864461114594
-0.0320344230398528,-0.0292956529151719,-0.0210438896375918,0.189922337977924,0.00553404911744084,0.00662262821110408,0.000550142635233928,1.3020622381825e-09,6.8861231234293,24.5922498012376,0.0751862818816101
-0.0223197839375167,-0.0249421025282576,-0.0242595221875973,0.186531901568868,0.00667216145921999,0.00787478615193036,0.000590022576748859,1.86446825643406e-09,8.30236860747074,26.3750549654821,0.107661854999528
-0.0130131654831262,-0.0236294188526856,-0.0237637772765456,0.183063336127628,0.00834192744376582,0.00970039321696441,0.000654666865810429,5.55924825041015e-10,10.3801840825163,29.2649045455416,0.0321013230971684
-0.00434532231205828,-0.027917269591643,-0.015815862796836,0.179125830884801,0.0102064806438135,0.0118734901644435,0.000802386056283811,-2.9805124216536e-10,12.7005969391759,35.8684730956419,-0.0172106709275965
0.00184301190362981,-0.0303254308966949,-0.0115022749228402,0.180093124186826,0.0116891630564627,0.0135002579052633,0.000830290907764669,7.25797936910739e-10,14.5457616727414,37.1159621442518,0.0419104760689737
0.012151462887462,-0.0298076503296641,-0.00833736634957837,0.175930950663054,0.0131195416639977,0.0151031828247679,0.000890916513357601,5.16887898713765e-09,16.3259196053388,39.8262177766021,0.298471748233276
0.0225490515142503,-0.0280371157009774,-0.0115422186419694,0.174126403568424,0.0140182642781876,0.0161267594123864,0.000934026240234142,9.37812963832057e-09,17.4444481401429,41.7535005689765,0.541530717835183
0.0293181137790352,-0.0265905239701644,-0.0142942856409681,0.173750146432598,0.0145679509961,0.0167777937900428,0.000969785153235318,1.25611359382282e-08,18.1286701273038,43.3521562965487,0.72533023361705
0.0350923306598518,-0.0270022172525995,-0.0184070575585149,0.180774289371586,0.0145639449465244,0.0168655724556122,0.0010114923458263,1.55671330739992e-08,18.1239007017599,45.2167502037455,0.898908532225008
0.0412569034616525,-0.0312375802622437,-0.0185406066949717,0.190592445484246,0.0140573440571821,0.0164428034831707,0.00104166532267198,2.61212707094521e-08,17.4938297047431,46.5658399659166,1.5083466558466
0.0445210407638232,-0.0333991981160365,-0.0187359129547835,0.19569221211735,0.0139465545147499,0.0163419807412634,0.00104054318362035,2.80138426750513e-08,17.3562001894886,46.515831254798,1.61763133142816
0.0479967366974042,-0.0345275386923758,-0.0205754079170902,0.200482573705563,0.0130080226757224,0.0152911668510082,0.000974022933583309,3.26671522073778e-08,16.1885197910056,43.5423653576541,1.88633203706283
0.0510749405297478,-0.0309488655155633,-0.0242461449906231,0.1982813427582,0.0120655754617013,0.0141994105215308,0.000893703473751797,3.38153385764674e-08,15.0158506221684,39.9519582922258,1.95263291075953
0.0523668831439683,-0.0272879571919859,-0.0287409184198305,0.199077163652175,0.0104472864988635,0.0123973835593382,0.00083984535153277,3.11550834897617e-08,13.0021956626718,37.5444482232007,1.7990191410328
0.0509221141053971,-0.0287327497081,-0.0274543389451151,0.199350329836627,0.010654135128779,0.0124969335330816,0.000757041651246269,3.21062074474211e-08,13.2599137443484,33.8428454849648,1.85394084284389
0.0451582606896059,-0.0320189616748193,-0.0210305732198866,0.19572416427021,0.0108121051700611,0.0125452142818706,0.000681668501127146,3.26114338767618e-08,13.4567827995373,30.4734635393846,1.88311463777973
0.0411155802686403,-0.0355146673722008,-0.0183465674657784,0.199933971569495,0.0101899123625884,0.0118496269446615,0.000657683975320364,3.11564036656917e-08,12.6825406868534,29.4013716581967,1.7990953732717
0.0362445898817902,-0.0358543652638911,-0.0190042486405177,0.201443575788864,0.0100728611909701,0.0116246140671144,0.000604727131597625,3.2107194587513e-08,12.5370936658991,27.0341130539393,1.85399784426135
0.028446751845329,-0.0313500058815426,-0.0234185657876901,0.197816117495484,0.0102554620236735,0.0116526979812823,0.000513948641910807,3.12782605078339e-08,12.7646893379025,22.976078295586,1.80613187476436
0.0185798755561552,-0.0289677087804388,-0.0245780026048526,0.194909096725244,0.00945831427773838,0.010721062082807,0.000458951423035912,3.09212227337333e-08,11.7727428236104,20.5175768922048,1.7855150855367
0.0130149245823665,-0.0265976653783741,-0.025533172775843,0.192014982221036,0.00909555519206302,0.0102925799296996,0.000434407915277375,2.86416207928236e-08,11.3213389272022,19.4204431030466,1.65388175106081
0.00829071552346743,-0.0258329186075348,-0.0258671267204357,0.191200053978802,0.00871745667355552,0.00985438386008059,0.000403479818233426,2.83539037928401e-08,10.850802237774,18.0378598174741,1.63726782061376
0.00377037294362832,-0.0250615471227395,-0.0250207634638867,0.188184890932609,0.00843577968309095,0.00949455151013405,0.000366781531699675,2.77669558355357e-08,10.5003502457224,16.397308764525,1.60337509776717
0.000675496052824427,-0.0236457994588087,-0.025073813550203,0.185646879871722,0.00705056909353613,0.00806628141039029,0.000374595872038957,2.50770921721038e-08,8.77622333407917,16.7466913593319,1.44805161038596
-0.00339513985799098,-0.0187751605605373,-0.0309482123958855,0.190257839761046,0.00577117924379498,0.00671620740354886,0.000385220026250804,2.15483957501223e-08,7.18382895581999,17.2216908477948,1.24429056419506
-0.00809834869615183,-0.0116219204218769,-0.0337317894425069,0.188885577339074,0.00534052424989976,0.00616682722576296,0.000330502817418781,1.9450228041127e-08,6.6478477105357,14.7755704199552,1.12313396800684
-0.0117625574505631,-0.0114062661046939,-0.0306529047927346,0.180848891876512,0.00428353031406728,0.00501758822257934,0.000289556841109381,1.52733129197911e-08,5.3322049388035,12.9450784201217,0.881942181240419
-0.0150802240166708,-0.0136727579803561,-0.0273626077647849,0.174895696383062,0.00344166814408423,0.00410437109454344,0.000257085928609762,1.17579902120224e-08,4.28435582109789,11.4934707705304,0.678953386803019
-0.0188121103204604,-0.0170246832276756,-0.0253118490435717,0.174655610546135,0.00307048102926055,0.00367298948202719,0.000234426643049289,1.1931352185183e-08,3.8224159341424,10.4805288208515,0.688964000581205
-0.0180802803236166,-0.0202221542713056,-0.0246295495015143,0.178515262321695,0.00341212651972942,0.00399392276937588,0.000222672088018233,1.21158200388952e-08,4.24786448620578,9.95508639339072,0.699615912325963
-0.0133585557166102,-0.0145497058002419,-0.0234479784230983,0.166118388522431,0.00481264147996944,0.00540234156662338,0.00023795291187019,1.45960272759549e-08,5.99163631460996,10.6383346662251,0.842832999022737
-0.0127947407748922,-0.00953505166402147,-0.0217237082068736,0.154026555592253,0.00569305138746337,0.00628340529071551,0.000229953585974624,1.79959694982493e-08,7.08789146120293,10.2807239019371,1.03915926270691
-0.0152181012455458,-0.00545189340283963,-0.0207793890290608,0.146569758818611,0.0064124262184414,0.00700497288516142,0.00022900874972485,2.07568077388345e-08,7.98359867747351,10.2385343822958,1.19858110607126
-0.0153959112360763,-0.00459917358844392,-0.0200546698334372,0.143440861666998,0.00669907472954372,0.00729842870516354,0.000233651501908708,1.86133929803265e-08,8.34054433022141,10.4461408024543,1.07481176425597
-0.0173495052697396,-0.00271811267987471,-0.0172488139579463,0.132142590719167,0.00727669110942287,0.00788897361216407,0.000229529960438388,1.73390054187802e-08,9.05981439670731,10.2619125941607,1.00122352890205
-0.0187437844937051,-0.00115827445523122,-0.0156804221170327,0.125391958958854,0.00742396317774912,0.00806407038354081,0.000265284832909009,1.95510077269129e-08,9.24322191784881,11.8605157886294,1.12895339018286
-0.0182791946275072,0.000509893181422581,-0.0116335126113013,0.107910525336578,0.00762062069946282,0.00828498229214514,0.000287436819978556,2.01314833890919e-08,9.4881498231713,12.8509565346062,1.16247237681972
-0.0114003048905157,0.00586683881919625,-0.00680445659612203,0.0947863637767669,0.00823112221837198,0.00893908415366245,0.000313081781150353,2.0703571098931e-08,10.2484453301545,13.9976038753647,1.19550700953667
-0.00947772781329346,0.0113113975877215,-0.00262996005218912,0.107764156862541,0.0088025720478815,0.00956209412962328,0.000351077040421224,2.11549330121997e-08,10.9601548126144,15.6964221202981,1.22157045185646
-0.0146610366410069,0.00998201881949307,0.00362891766318826,0.103059172866058,0.00837843415994499,0.00918564768617611,0.000376869721008905,1.77856351328581e-08,10.432344884259,16.8497055837966,1.02701371511176
-0.0161165442552628,0.00642818603022756,0.00582113451520534,0.0931246878447297,0.00762191904844588,0.00844310843365507,0.00038248480355028,1.32818580470355e-08,9.49060873914929,17.1007914231529,0.766947611068019
-0.011700089149236,0.00637728133906652,0.00809191052000591,0.101502959212382,0.00725684777466836,0.00809238684468149,0.000392095547309074,7.32526239116902e-09,9.03619176712866,17.5305506617787,0.422989951515664
-0.0108333462839366,0.00727559708829173,0.00806742700272842,0.104228569859731,0.0070968139060547,0.00793232528990792,0.000390336884813737,7.05362336934329e-09,8.8369938115689,17.4519565295416,0.407304427839359
-0.00799636015159418,0.00689363785328043,0.00878566040671791,0.105675760558731,0.00680657669246744,0.00763524983205783,0.000381516244313171,7.55583389448716e-09,8.47568038179283,17.0576084429655,0.436304072403267
-0.00650389085029916,0.00513686794345633,0.0131443128258867,0.118795703067819,0.00670892306571372,0.00752224714368447,0.000366291778750985,6.07460267101216e-09,8.35420153518516,16.3769822312049,0.350771856634926
-0.00310567651893768,0.00699450476782358,0.0140924265898701,0.125430279976582,0.0065409620358982,0.00733880407872219,0.000362163012166443,4.00345620943432e-09,8.14512007378756,16.1924591751319,0.231175575357575
-0.00204274875110423,0.00924820871306895,0.0146278703960843,0.131552965058254,0.00617657819968005,0.00693818183409095,0.000345068391842869,3.14261395070512e-09,7.69144060726058,15.4282018906503,0.181467099969517
-0.00182664506840042,0.00993129867389887,0.0149971149754417,0.134116863477514,0.00581624712324082,0.0065544399948364,0.000333674703807769,2.88238155267535e-09,7.24277407503075,14.9188093351002,0.166440240377686
-0.000107870496955794,0.00958199108673523,0.014956489036858,0.133276526880261,0.00468949375522399,0.00535633836284845,0.00029437556102101,2.97289012486414e-09,5.83975429946575,13.161787186174,0.171666567370155
0.0059342716975432,0.00961008411336911,0.013526007935419,0.128811357944185,0.00354940583308649,0.00413561547134993,0.000254997004705042,4.59629208255903e-09,4.42010974006599,11.4012329150522,0.265408290015289
0.00906934266905827,0.0101459199067682,0.0109807579710985,0.122272139612183,0.00254614941909231,0.00311362374189517,0.000248464583465482,8.46959526997794e-09,3.1707899408263,11.1092177877421,0.489068309269606
0.0113101513066453,0.0109601493189803,0.00769658578969316,0.115726493610656,0.00209799802935661,0.00267756318272683,0.000261090752737909,1.12893587154061e-08,2.61271686246811,11.6738028680528,0.651892729662407
0.0175625512485973,0.012539461507218,0.00532212326228877,0.116713985516488,0.00172480769855032,0.00238225149900503,0.000305555917704429,1.77625853306378e-08,2.14801080488349,13.6620247881337,1.02568272733235
0.0255791607020381,0.0140428398076874,0.00520734970549255,0.122381551304198,0.00160175428308561,0.0023500594463291,0.00035956839443026,1.9279676745465e-08,1.9948039084518,16.0770916302064,1.11328565399013
0.0372480849331355,0.0171647800114163,0.00380009607762955,0.132591094202013,0.00152678301836364,0.00240415172214543,0.000428461927459156,1.9796306483447e-08,1.90151933120594,19.1575516688563,1.14311792158016
0.0493888988448502,0.0190700566995557,0.00376103929716946,0.139418072645887,0.00186109170663165,0.00292651504908676,0.000506551433950139,2.34502974980792e-08,2.3180004702707,22.6492788569017,1.35411397872909
0.0606925178308817,0.0182716286291691,0.00572076803961543,0.138370042129036,0.00199696284507205,0.00320562090914775,0.000556193924110912,2.25134275224045e-08,2.48728311550163,24.8690078644719,1.30001535885373
0.0778923417866018,0.0144403011809553,-0.00425152978829093,0.12269134404731,0.00299264076006942,0.0044443560856101,0.000662099144920905,1.92029141336822e-08,3.72755083681048,29.604477765342,1.10885307373534
0.092961796322166,0.0138585481501558,-0.010231959336304,0.131249767039497,0.00341470054245318,0.00504404562011971,0.000752633854003807,1.91269112381766e-08,4.25328737332882,33.6526715212791,1.10446436253727
0.11179586441438,0.0135055216761335,-0.0120113486005253,0.134439797162905,0.00414571642209902,0.00594709579738628,0.000825293166119649,1.87394015016464e-08,5.16389648071115,36.9016098006937,1.08208800031107
0.14118183655292,0.0154753502928274,-0.0121183601681753,0.140198295492141,0.00582234067919268,0.00787605415290751,0.000968936362528859,1.88746278810295e-08,7.25240127046494,43.3245941621297,1.08989651236217
0.159520042984537,0.0153580386925803,-0.0129221707021238,0.141672755234476,0.00662834980962911,0.00880841450462733,0.00102511930856552,1.70814969655752e-08,8.25645580057244,45.8368763308728,0.986353960780172
0.177579154415013,0.0152994097908115,-0.0161597070751765,0.149175303104249,0.00741762663778416,0.00965975431005894,0.00104666910374504,1.77367763215613e-08,9.23970807483994,46.8006263852178,1.02419241191223
0.182192765968231,0.0144201868881203,-0.0183506459190097,0.152769603330327,0.00743050031698538,0.00964319213575758,0.00103026081115934,1.86124959776864e-08,9.25581769976348,46.0670561513762,1.07475996773552
0.189262749709259,0.0139048854679723,-0.0219672888469627,0.16123964582183,0.0068054634172349,0.0089167022975568,0.000994929637966701,1.67603568271118e-08,8.47731469246145,44.4874653716611,0.967810044624742
0.190565297612464,0.0184521191610565,-0.0289561682189405,0.185298950988137,0.00658965828921483,0.00861583398202788,0.000963696574116786,1.95390787948694e-08,8.20853169668146,43.091005713359,1.12826456593094
0.18902828469287,0.027772695034366,-0.0276015978776066,0.197878055708459,0.00593878830194224,0.00785404314249269,0.000915478996994922,2.40122882677527e-08,7.39783025853758,40.9351156136316,1.38656557373311
0.179013766969884,0.0374590121847005,-0.0252352507832984,0.212523667106598,0.00508316909835845,0.00683759372372681,0.000831476314331714,2.88381016497579e-08,6.3320654170381,37.1791590704087,1.66522734166362
0.169111897779252,0.0429721483847557,-0.0257335637308197,0.22380379957244,0.00440719303564122,0.00605776407646994,0.000784915290788004,3.1050225367022e-08,5.49005240865123,35.0973262648441,1.79296421359332
0.148252490979897,0.044945713871619,-0.0239212601426758,0.225643669035953,0.00393597900266808,0.00542846042440068,0.000683557491477575,3.0950558337075e-08,4.90329419663341,30.5653637815436,1.78720904061606
0.134985030243489,0.0483725709819734,-0.0200719201541049,0.22884848643665,0.00378661750492285,0.00520318274561506,0.000636581211018996,3.2028462697394e-08,4.71740499806754,28.4649653678462,1.84945154999832
0.123496467223281,0.0516869327380714,-0.0144077512115793,0.231640785378969,0.00423562570990853,0.00563389978949042,0.000621132121448145,2.97645588090238e-08,5.27694539189062,27.7742956673038,1.71872468386827
0.10985056634777,0.0555834743316488,0.00404960550546535,0.236073714542914,0.00596162793006228,0.00746792013850507,0.000640860802105117,3.11577301385181e-08,7.42762777205399,28.656657713343,1.79917196911859
0.100769143755603,0.0597072632951037,0.0126767959511423,0.247059045651652,0.00782380283620949,0.00943745791824805,0.000670308108556835,3.35917722479985e-08,9.74782980313924,29.9735726297249,1.93972329668843
0.0795214763626683,0.0647263221850447,0.0298718339112849,0.266996082271395,0.0111080550266855,0.0129080311171397,0.000747060060013197,3.18721495667178e-08,13.8399758352331,33.4058285931808,1.84042540458055
0.0694772148101521,0.0648142004850891,0.0357850804497349,0.272097101242567,0.013688703289761,0.0156463418168634,0.000806917324803882,3.08251914129571e-08,17.0554962614188,36.0825673471154,1.7799698529498
0.0644377136931118,0.0679848374601595,0.04032476504662,0.281148445236447,0.0186884460826318,0.020939765938279,0.000946181240995471,3.22648251004025e-08,23.2853341350119,42.310228590395,1.86310006059764
0.0596518845080482,0.0750562439622981,0.0484586227994197,0.298898371744216,0.0230242527355131,0.0254592346209962,0.000983797227261383,3.13783641922908e-08,28.6879704038142,43.9924215448976,1.81191226191964
0.0553935791598722,0.0823385610628603,0.056145237476241,0.315688217095165,0.0260906333133405,0.0286825185484606,0.00105261348920477,3.04290401032481e-08,32.5089917362606,47.0698475650268,1.75709449172196
0.047778152143296,0.0865722680015677,0.0581464184465677,0.322934868082159,0.0287448126158798,0.0314477889893102,0.00109871031553936,3.14199181435034e-08,35.8165982903207,49.1313836081915,1.81431175327846
0.0392792042010142,0.0864336690096795,0.0591542265077986,0.323632161055692,0.0298290636525308,0.0325606954943207,0.00112120505145479,3.11324258386527e-08,37.1678934601118,50.1374306510074,1.79771079762716
0.0334416503445291,0.0842330067316386,0.0593681118908663,0.321017567491664,0.0304159948085847,0.0331039614563942,0.00109177624903885,2.87956967283993e-08,37.8995757061936,48.8216059603894,1.66277871188469
0.0280007970512567,0.0812323379496581,0.0554704725878399,0.313631891823474,0.030814403605927,0.0334383873670743,0.00108875797193605,2.40916486153303e-08,38.3966601885516,48.6868156608465,1.39114815764363
0.0255878420769985,0.0796562404260241,0.0524139331195474,0.308794019977964,0.0309507822912907,0.0335455608565291,0.00108266434490133,2.54992886021172e-08,38.5670534994599,48.4144629425584,1.47243092104065
0.0196335876528149,0.0668329953588534,0.0554635647955796,0.294702593839817,0.0304519887521813,0.032943557056529,0.00102223339613077,2.05384584642372e-08,37.94620413595,45.7123623554518,1.18597274555891
0.00690253562722237,0.0544305724021394,0.0685063917572269,0.295799767385025,0.0289464939325103,0.0312963048645421,0.000937302403971131,1.94155786190554e-08,36.0706929485797,41.9145568313179,1.12113317177874
-0.0063401339770474,0.0354250462155172,0.0741323089503832,0.286638497214979,0.0258492743998071,0.0279617807870822,0.000846392780208425,1.55424206748279e-08,32.2119962115869,37.8494445352479,0.897481539447263
-0.0171569599556938,0.0238308312448121,0.0712872614701154,0.274162420593833,0.0241251432477863,0.0260924267704417,0.000783032670771134,1.28058666539638e-08,30.0640174245809,35.0162240423296,0.739461964066483
-0.0300858735861858,0.0141940888759317,0.0676731170222483,0.262955632290606,0.0230338451859616,0.0248923907087696,0.000743253445519818,1.00185642787598e-08,28.7045956812301,33.2374741959606,0.578511975712706
-0.0343308470359263,0.00971478965884795,0.0649389656670346,0.256245205261759,0.0227219871864268,0.0244642924471306,0.000637459040063073,1.00204884234288e-08,28.3165603855803,28.5066164618244,0.578623083522471
-0.0409666093751199,0.00484142281994327,0.0619115699302835,0.249199876865505,0.0236348468412074,0.0253580718249113,0.00063500153764504,1.22643011556449e-08,29.4546969036577,28.3968485972985,0.708189805931557
-0.0516747182021869,0.00111185504853178,0.0498315732735951,0.223257644281171,0.0244710352333768,0.0262271232448205,0.000702024544235914,1.17671719859826e-08,30.4975553236486,31.3943303888469,0.679483579158581
-0.0508172745234391,-0.00306368579412175,0.0438230359618819,0.209594840519361,0.0243926692264909,0.0262012145847529,0.000753271585311848,1.06177153358007e-08,30.4003689270982,33.686266583347,0.613109354350474
-0.0443446064916124,-0.00828781430289715,0.0370262748231056,0.194788332702026,0.0252375678870501,0.0271447362992201,0.00082470453227756,9.65186171404045e-09,31.4538794475304,36.8809445094364,0.557337102815552
-0.0277839774977718,-0.00521645973049424,0.0172724700938509,0.134324216675433,0.0266485337103471,0.0287984974363103,0.00100537593161439,3.70001901857404e-09,33.2131559747877,44.9609336780495,0.213653898208539
-0.0202712232804255,-0.00385376984970382,0.0100148168532561,0.103589131710955,0.027269737158037,0.0295273143856052,0.00109489823208783,3.34327672057931e-09,33.9877696450295,48.9645600921014,0.193054170953132
-0.00461450166776533,-0.00326199980753038,-0.00462613924723028,0.0752366154341347,0.0277634280218242,0.0300648265136429,0.00111126874188925,5.94937467369055e-09,34.6037470501831,49.6968354752971,0.343540691157587
0.00921577792218564,-0.00556758223412038,-0.00926926152586571,0.103984733720132,0.0271234836015304,0.0294158349459038,0.00110739867341252,8.63770053441635e-09,33.8064713909285,49.523849996872,0.498775379659338
0.0274228719878346,-0.00781833426815995,-0.0137929504026968,0.125915487825345,0.0262508539909456,0.0285050529974859,0.00109341385474455,8.32563527294019e-09,32.7193445592352,48.8985169030278,0.480755483200658
0.0395567254389019,-0.00506002098003586,-0.0143438357612188,0.123329539980105,0.0249618736685767,0.0271681276613506,0.00105817909327307,3.68846141685747e-09,31.113125795052,47.3228596501154,0.212986516055018
0.0497764256934111,-0.00358587979985958,-0.0127435149159549,0.115058323554046,0.0230263374586418,0.0251377070611103,0.00100845714645355,3.7002418705738e-09,28.701045694932,45.0993437795152,0.213666766574413
0.0558797020334142,-0.00523293662353956,-0.0121311317831514,0.114941989332516,0.0210907971617402,0.0229876806708461,0.000860215807794709,3.82614785476718e-09,26.28892195736,38.4699767406391,0.220937081725676
0.0550198057344844,-0.00325032891352505,-0.0127300004497695,0.114622859008704,0.0189689629116021,0.0206430773989181,0.000741528228941757,7.31262931365143e-09,23.6444497602478,33.1622141698581,0.422260467087488
0.0537534381326586,0.00134610039230276,-0.0105575021525031,0.103164777390657,0.0155730412680458,0.0168442691114112,0.000503281260143763,1.1495000898805e-08,19.4119433269132,22.5076304971266,0.663767331900595
0.0537919924009719,0.00150967597097763,-0.00963867410719146,0.0987734060073427,0.0139650395071137,0.0150281536097,0.000384512521566325,1.16820440808438e-08,17.4078115883817,17.1961865554971,0.674567953404245
0.0499166821019509,-0.000689707667180713,-0.00398732891854336,0.0636124226953016,0.0112748542260664,0.0121547418157533,0.000311437527582591,9.59382195273802e-09,14.0547928405038,13.9282382340525,0.553985654838904
0.0476482315074142,-0.000391870184783036,-0.00240888602725004,0.0494019434253074,0.0103193406998536,0.0111292631892715,0.000286997639484336,6.81410383046607e-09,12.8638453684262,12.8352905469966,0.393473611586433
0.0419664655533258,-0.00631315317906584,-0.00177183296794883,0.0809757974422724,0.00918381027204959,0.00992778688999586,0.000279078148878015,2.86693067748415e-09,11.4485517585991,12.4811742876395,0.165548045040645
0.0388291285844958,-0.0121700580069262,-0.00610756670643494,0.116690327728522,0.00822659321596745,0.00894296435624788,0.000286665579048163,6.42568717196801e-09,10.2554512893579,12.8205489247155,0.371044880058121
0.0397065381255233,-0.0172189895299865,-0.0105275242178079,0.142064172048168,0.00725098638693708,0.0079498294014929,0.000283457266745106,6.56189540930826e-09,9.03939931395483,12.6771341567581,0.378910088515096
0.0443707183601,-0.0175528496171754,-0.0142305529288753,0.150322010963479,0.0068294354246314,0.00755624901822142,0.000297991714581042,7.38922492447384e-09,8.51411211583931,13.3272513734959,0.426683404038817
0.0484128887823921,-0.0128452315786443,-0.013320402145716,0.13603289180486,0.00751030213573634,0.00829004850481629,0.000322150575447995,1.0937779146083e-08,9.36318137528551,14.4078043557673,0.631591119011419
0.0519140472828617,-0.00914004274988672,-0.0106089538267232,0.118335218820615,0.00781449990497064,0.00863299146280674,0.000343137571954078,1.54686488002586e-08,9.74261406397846,15.3464693947171,0.893221656322134
0.0528243727939491,-0.00739230140368605,-0.0110500605474879,0.115302793661862,0.00794111474591585,0.0087761759898232,0.000341915331294924,1.72229349243952e-08,9.90055956553974,15.2918296214373,0.994521154274279
0.0531931313872328,-0.00397979556730102,-0.0138130649151766,0.119895629989907,0.00870844650081679,0.00959655921802124,0.000365256379143091,2.12823319112251e-08,10.8574492179851,16.3357970237453,1.22892697388178
0.0520047637518018,-0.000877021341250844,-0.0181516419005241,0.134806590309829,0.010033169988849,0.011040232377319,0.000437324011653961,2.25041681277387e-08,12.5093941778768,19.5591024893583,1.29948068436815
0.0511780499254114,0.000894542268033541,-0.0187423229362682,0.136980503563192,0.0104381805006386,0.0115012515804037,0.000466068370083461,2.38731842585486e-08,13.0144902211003,20.8447463704156,1.37853315182563
0.0497355702612471,0.00475172923357121,-0.0190509424578436,0.140123500774331,0.0106768833959862,0.0118018335838192,0.000501534795878546,2.54553606632541e-08,13.3122389818618,22.4310381171596,1.46989434613895
0.0472835849575073,0.00937670667039414,-0.0162250495948701,0.136892878356375,0.0111778927163174,0.0124281704626384,0.000578258082138787,2.60172131873766e-08,13.9371143849943,25.862609210539,1.50233795829187
0.0443186061828998,0.0117963118748092,-0.0124144841592813,0.130863278042925,0.0124724607514663,0.0138588468984749,0.000686838086780247,3.37626526313008e-08,15.5514536371384,30.7190169102905,1.94959061354183
0.0433268982612907,0.0122192000300641,-0.00732321655062807,0.119355113817542,0.0129987543629757,0.0144504717735606,0.000710690952398533,3.38809018160407e-08,16.2078452617476,31.7859393647183,1.95641879446545
0.0427884874197603,0.0120072516311446,-0.0055098346413002,0.114939418655046,0.0128610339401679,0.014330807109427,0.000726793485546311,3.45754029971775e-08,16.0361871385982,32.5061732470442,1.99652207066902
0.0416074784442946,0.0089945825887482,-0.00414217915340714,0.0995114727834581,0.0124373794617763,0.0139260404955308,0.000746709095589833,3.51753727399166e-08,15.5081275324076,33.3970080169233,2.03116672349374
0.0422686569224946,0.00774568497896217,-0.00382436421522555,0.0929428198058356,0.0114930975684107,0.0129857487649512,0.000736588767329469,2.98057627821327e-08,14.3309608749573,32.9444765966569,1.72110396609147
0.0432046481329742,0.0067130500426998,-0.00226001678928729,0.084162166099995,0.0114444609614057,0.0129420936810488,0.000741159915362183,2.45251299925019e-08,14.2705877442959,33.1489998706866,1.41617910628703
0.0449303876151227,0.00667773338694646,0.000911604833846293,0.0820954908507926,0.0112907532471504,0.0127611390720148,0.000711169766792418,2.57761772867072e-08,14.0792819381688,31.807766214392,1.48841958124362
0.0471415997396004,0.00598675883047323,0.000561130420561244,0.0775435252439647,0.0107162763347023,0.0121644779885005,0.000669961492760735,2.12068829653107e-08,13.3631692419154,29.9648112258725,1.2245702499489
0.0502518908594744,0.00530073148650483,-0.00243817694785369,0.0763844995393236,0.0104044189772527,0.011887323242239,0.000715181984310947,2.04555520814128e-08,12.9744140331952,31.9875079145342,1.1811853993891
0.0559304843860688,0.00103181138829034,-0.00744769775969955,0.0867111995886592,0.0100138630761308,0.0115020002034366,0.000725899305545866,2.22848437179181e-08,12.4875759259753,32.4670572308625,1.28681601564746
0.0563858032229877,0.00356989606357678,-0.0150525591977004,0.124378818044108,0.00925286902631324,0.0106653410720595,0.000636834257704152,9.6269521329849e-09,11.5389552650508,28.4837198050533,0.55589872396708
0.0526456735617837,0.00536251404152383,-0.018314013403403,0.13814111398746,0.00975268900130937,0.0111926016339311,0.00065516746141525,6.690229865914e-09,12.1625100686833,29.3038456972598,0.386320633377338
0.0508472984738387,0.0133041763783122,-0.0225313317714371,0.161759225682836,0.0104243414002987,0.0119197905807987,0.000686617135424029,3.67003180251457e-09,13.0003099197019,30.7106477711413,0.211922316404401
0.0493334541178852,0.0208801275058327,-0.0345076836370406,0.200831054334014,0.0114605958841443,0.0130809064710459,0.000751878948090868,-2.29328388723308e-09,14.2929551403675,33.6298170245245,-0.132423384784387
0.0474562246121227,0.0200292140483125,-0.0316640446868229,0.193564117086738,0.0112202295475179,0.0129136117663015,0.000787118344607934,-1.11528012844868e-09,13.9933901524614,35.2060989981353,-0.0644007357371405
0.0542796709413991,0.0238794290430205,-0.0126992471504013,0.164457349718684,0.0102342451582007,0.0120894468722394,0.000934187681168922,-9.9036851555913e-10,12.7640448451552,41.7844550490279,-0.0571878395624464
0.0649739384619552,0.0327263884722525,-0.000566675468932723,0.180917921317166,0.0121768541077778,0.0141427288053453,0.00103062931663127,3.1882750996256e-09,15.1872556577909,46.0982973863289,0.184103757352781
0.0717415939887186,0.0385696465222008,0.00807147655415365,0.198507321273686,0.0134782624955288,0.0154034020928198,0.000950199458470437,2.58164082000187e-09,16.810622197907,42.5009572479161,0.149074267510188
0.0779639799863938,0.0470952033747359,0.0151691816294997,0.222436275374744,0.0138736939017661,0.0157182786768935,0.000912422457745907,1.81529903651532e-09,17.3040239253641,40.8113870573821,0.104822627564541
0.0845077667291695,0.04921895738296,0.0197141594678591,0.230261406753951,0.0133682024572971,0.0151392947473752,0.00088954092504162,4.32646465676088e-09,16.6736724724005,39.7880122616741,0.24982737514
0.0910423033383392,0.0506133306046263,0.0218419760718644,0.234787437587608,0.0123515837833941,0.0140147735791144,0.000834577463421862,5.60911881433817e-09,15.4058239394247,37.3296459971241,0.323892956815144
0.0937767291752343,0.0498936017677839,0.0230333473805889,0.234422005697458,0.0117244036332547,0.0133161971331348,0.00079193900213047,7.56812746191426e-09,14.6236524314975,35.4225262479324,0.437013952160777
0.0951684510905327,0.0437893329231331,0.0256493056893257,0.225273890383711,0.0109993634353063,0.0124548564538033,0.000718148833849038,7.33211777903796e-09,13.7194611612474,32.1220457824135,0.423385809032768
0.09384123227794,0.0372452719726429,0.0335613629719822,0.223909736046837,0.0095762226330296,0.0108058567639878,0.00060989149875937,9.58427684948614e-09,11.9446043669191,27.2799070126105,0.553434482396728
0.094602017060113,0.0394846362616326,0.028611218752454,0.220819005069464,0.00889763840423052,0.00998309664879602,0.000534374954193463,9.24372757419085e-09,11.09829786815,23.9021634912601,0.533769805044076
0.0845428953274678,0.0336164171988061,0.0122767492528663,0.189177207496933,0.00802374637714395,0.00882507452776318,0.000328651392316851,8.16390510029551e-09,10.0083914813684,14.700408284058,0.471416536111464
0.0752551479128441,0.0311950777979362,0.00701509090552841,0.178813088057473,0.00626737592100066,0.00689447230083594,0.000239178749423724,6.98836081440075e-09,7.81771794497271,10.6984092932059,0.403535906866757
0.0584843332041479,0.028524746808376,0.000607510332339743,0.168911856744604,0.00390196592002954,0.0043591132053076,0.000179114465255088,6.56332118470087e-09,4.86734952528711,8.01178400085326,0.378992418489367
0.0429467681093297,0.0305170538691412,-0.0032754498496577,0.175192267100798,0.00274824848147262,0.00307980863026286,0.000116291107961429,6.78757369888603e-09,3.42825703264967,5.20172302641708,0.391941655668475
0.0329647249057596,0.0329681860473663,-0.00510575009138158,0.182650498612128,0.00214058999262488,0.00240722948795993,8.74133405311571e-05,7.984054753836e-09,2.67022782782709,3.91002509737025,0.461031257705506
0.0211534625110725,0.0369813555800653,-0.00996554762718492,0.195705285425048,0.00119770833747627,0.00137392175019184,5.36465954616293e-05,7.48870518451297e-09,1.49398513917271,2.39962650258719,0.432427792174517
0.0145634978496777,0.0390583159810209,-0.0118402526042783,0.202023569477243,0.000364354483820467,0.000486485854509142,3.60558285806511e-05,8.53426132038946e-09,0.454367543632683,1.61278354326673,0.492802385684569
0.0113641450323116,0.0402135353790379,-0.012922107462742,0.20552060210507,4.81536691289589e-05,0.000149366166244647,3.19676844543832e-05,8.49783395012523e-09,0.0599090139690637,1.42992169583327,0.490698923616031
0.0059585106422269,0.0427509367999506,-0.0148821978002028,0.212760976868224,-0.000337632257423305,-0.000261215401550207,2.15804378758035e-05,8.71060652372558e-09,-0.421346922657811,0.965307626641228,0.50298526310601
0.000302555802126551,0.0464403601502029,-0.0157937857314859,0.221478058046002,-3.42227596380427e-05,4.1831977081255e-05,1.50505414375713e-05,8.20823228298481e-09,-0.0427351114833707,0.673211523423789,0.473976164948675
-0.00515755535504383,0.0578878603109405,-0.0123097917824533,0.243273963935701,0.00302482017367078,0.00311213860859352,-3.54657310006122e-05,1.20217522666559e-08,3.77407819588962,-1.58648891200979,0.694184062885779
-0.00751564525724608,0.0646556594881503,-0.0104097411161118,0.255906812669944,0.00440490583656763,0.00457873634627115,8.73929479222165e-06,1.43721353820739e-08,5.49606130515419,0.390948626308464,0.829904585502476
-0.0127160214053163,0.0668726240469832,-0.0148377517790119,0.261723048636389,0.00636494232217787,0.00674049637052105,0.000129888797960207,1.58974399380488e-08,7.94170494724622,5.81034006007126,0.917981771782688
-0.0172388942146418,0.0705641877001339,-0.0195592229807986,0.27060076827181,0.0105392062763433,0.0111857843034555,0.000276052586495825,1.94942838270334e-08,13.1501689259609,12.3487184176873,1.12567792530822
-0.0214191436340175,0.0734678638315716,-0.0238177175074317,0.277906795229073,0.0135216807294905,0.0143362912128772,0.000352339250583857,2.01024149747191e-08,16.871580028729,15.7612833870805,1.16079385030018
-0.0272777088484355,0.0761777453754301,-0.0258646576653629,0.283635195648428,0.0168394735217253,0.0179091968231868,0.000419111876503623,1.80892617884918e-08,21.0114486303918,18.748254257397,1.04454633271467
-0.0299506561077552,0.0778983985098651,-0.0276024873709619,0.287478979640339,0.0196821092541288,0.0209674267682103,0.000500146732649477,1.67980145879163e-08,24.5584865431094,22.3732564338912,0.969984554364641
-0.0314788786554916,0.0753788314742892,-0.0305915236768199,0.285219074464144,0.0221478362447715,0.0239989827347789,0.000783746823301628,1.75120157711557e-08,27.6353430074944,35.0598827462212,1.01121383868961
-0.0306120157479251,0.0708243981270691,-0.0388724086880012,0.284237291957638,0.0233334414065444,0.0257438839910565,0.00106447937458457,1.46009069891087e-08,29.1149835026103,47.6182403085192,0.843114773179094
-0.0301468483362269,0.05979705947999,-0.044734836147025,0.27327386254003,0.0241545332742661,0.0272228706633808,0.00137827209010169,1.01380721839541e-08,30.1400970386021,61.6555480178098,0.585412840190248
-0.0291796184737282,0.0512385171271311,-0.0461268705259517,0.262569114714277,0.0250414089620785,0.0284868857355235,0.00156606030773058,7.24561368204959e-09,31.2471135303164,70.056169753558,0.418390716456272
-0.0286238420325238,0.0374464011754986,-0.0423214608171013,0.237717555947328,0.0270929496273597,0.0311498733004134,0.00181505640305897,7.97413760506912e-09,33.8075574630027,81.1950709616229,0.460458601867112
-0.0155827827908964,0.0259906877265863,-0.0375441189592143,0.213688184688446,0.0288124006502529,0.033537223312002,0.00210550575762127,8.05283768742859e-09,35.9538316454456,94.1885780275554,0.465003059422877
-0.00667390504466894,0.0167071462467026,-0.0363548113310436,0.200025027883661,0.0272279217635586,0.0321822473592649,0.00214862412203094,6.1839423106806e-09,33.976977779947,96.1176610627099,0.357085564787941
0.00460071096405051,-0.00198849723330987,-0.0435913103237346,0.208893851561684,0.0243564620858397,0.0295019734446742,0.00223336920095342,6.27331792244603e-09,30.3942543596052,99.9089784767891,0.362246470113724
0.0140809646431322,-0.0176237916360913,-0.048371577229604,0.226896691671316,0.0240827443810925,0.0294123792929336,0.00236032057152398,8.48211448724817e-09,30.0530091945098,105.588263040974,0.489791218951658
0.029483889919996,-0.0334309515031531,-0.0570805540234737,0.257196359308135,0.0245422515063303,0.0299705296366043,0.00239099064681493,1.45484256039546e-08,30.62724291048,106.960544429345,0.840084288074757
0.0371664346377128,-0.0361812564740445,-0.0667974287859671,0.275621053751003,0.0253555919411341,0.0306826272425314,0.00232602167845456,1.60340389133851e-08,31.642667892763,104.054471276647,0.925869543014507
0.0506043051112011,-0.0379133785436043,-0.0744692266979344,0.289075915557175,0.0272005135450264,0.0320861353301054,0.00213464520222996,2.15298898438209e-08,33.9458431047165,95.4937486879759,1.24322195914159
0.053235126598113,-0.0383790236485497,-0.0794055955002378,0.296974903102885,0.0262887325890436,0.0307955391085627,0.00202815551345296,2.27886756111789e-08,32.8086111743178,90.7303297768803,1.31590928449192
0.04814885769215,-0.0327509873512401,-0.0941080580932777,0.315664593604804,0.0262203983056215,0.0301476599440169,0.00182178777304697,2.60771225347174e-08,32.72442566691,81.4990792479669,1.50579736364472
0.0379315586227178,-0.0296353161213578,-0.0974064479837281,0.319084427006761,0.0267222026228687,0.0303920158108551,0.0016991696770429,2.91663098527221e-08,33.3512980742555,76.0140553280759,1.68417939613559
0.0167792437072679,-0.0179399183966999,-0.0974788252878598,0.31482678112342,0.0301964633190968,0.033755382096173,0.00169120571898128,3.33273608703635e-08,37.6881444558109,75.6582236360957,1.92445512609827
0.00656587751723935,-0.000358135830334105,-0.0953363110671414,0.308766876045248,0.0340953295739783,0.037674071640498,0.00168088937254801,2.9624827907397e-08,42.5549373455728,75.1971367965036,1.71065606268473
0.00266719069013625,0.00805482637325128,-0.0911922930435617,0.302567901405479,0.0358032119440205,0.0394085768546645,0.00168659480982669,2.81081047902257e-08,44.6871122570881,75.4525780343726,1.62307440300679
-0.000564020963824637,0.0150294879815742,-0.0830673857074239,0.290544469869174,0.0371494646731168,0.0408216161760614,0.00172364137840141,2.50281598234796e-08,46.3681197879851,77.1101365974399,1.44522606084701
-0.00511223579567473,0.0194208760856965,-0.0601373179750006,0.251387092150767,0.0399507410165706,0.0437902423472935,0.00176463208470537,2.51714773256827e-08,49.8656701128815,78.9443781128004,1.45350178669422
-0.00664742618777966,0.0235535792330901,-0.0451491898445024,0.225662740989761,0.041595681866467,0.0456243625560256,0.00185658092734245,2.53199376039871e-08,51.9196532420553,83.0582184629402,1.46207447700463
-0.00327740401156139,0.0262296967737018,-0.037822847859187,0.214541068235474,0.0430454959407928,0.0471747820713911,0.00187356444643471,2.6478164647541e-08,53.7297543857968,83.8181981926975,1.52895513940761
0.00310820610622152,0.0306890202481309,-0.0314963374492953,0.209703108070562,0.0445861352462453,0.048845705137638,0.00185938844058844,2.49479346604453e-08,55.6535928912543,83.1843822138341,1.44059353903276
0.0166705782095375,0.0331554607071826,-0.0205000454613137,0.197436652819718,0.0469844319064111,0.0514493361478508,0.00191447775736321,1.90530172755501e-08,58.6484950122967,85.6494800362591,1.10019742955937
0.0245066121168215,0.0351894904782036,-0.0174597107464622,0.198198998011933,0.0489078108831659,0.0535058761777997,0.00197032878059695,1.32428912349244e-08,61.0502583272959,88.1484865370263,0.764697511469472
0.0350395623359859,0.037637183409298,-0.0165412732790706,0.202760185794619,0.0513744137642914,0.0561208415480741,0.00203815485386085,8.47014777571726e-09,64.1302262754813,91.1832520969477,0.489100213161018
0.0426983960272555,0.0297359976138564,-0.00354424766814808,0.173050492654869,0.0548806035792103,0.05983457758872,0.00210204937139341,1.09777058440904e-08,68.508401725618,94.042267770971,0.633896646261154
0.0420976453092889,0.0298029985216701,-0.000803284705539593,0.172666794963791,0.0574883032944089,0.0625979087888178,0.002186087836684,1.223042143727e-08,71.7646160295015,97.8023123018866,0.706233455473716
0.0398637778793284,0.0281335687871642,0.00235474244245278,0.16802363290121,0.0601871231589016,0.0653842191175044,0.00220574814661534,1.27414753171697e-08,75.135242081602,98.6822914232153,0.73574375071465
0.0352103151506957,0.0257161210366917,0.00457346239500247,0.161615707920728,0.060394824089722,0.0656089965219818,0.00224019446176182,1.37169237784888e-08,75.3954955539455,100.223747050004,0.792070046665057
0.032209364005613,0.0237241430897884,0.00430510244817372,0.155279078036573,0.0604451345194718,0.0656574796332759,0.00226207088530842,1.33977213784094e-08,75.4586463535639,101.202602602736,0.773638023274873
0.0235640181213017,0.0236185974205834,0.00167165942982596,0.153875538178598,0.060020965429932,0.0651216167099267,0.00220411799389611,1.2220820871849e-08,74.9302237908311,98.6102646258657,0.705679080424047
0.0155341718886723,0.0236937953735339,0.00018197022697615,0.15393015993013,0.0588126613601775,0.0637668850688378,0.00217676667145466,1.46475208401663e-08,73.4226519303214,97.3869190425594,0.845806443394565
0.0042944806945501,0.0230066223980041,-0.00319007262440139,0.152403200109761,0.0565054865462369,0.0611315530919425,0.00202432631849237,1.3423047340526e-08,70.5435472223662,90.5672693385598,0.775100445631332
-0.000937056153517049,0.021605141068793,-0.00657753410551311,0.150280403536878,0.0542612617841241,0.0586375577635556,0.00188954056668177,1.29503504856607e-08,67.7425651207529,84.5372616410345,0.747805038443991
-0.00757539697410782,0.0118437526901973,-0.00606493901334873,0.115352992597106,0.0496054066252493,0.0535623047535489,0.00166685546322129,1.5064644570617e-08,61.9310438782534,74.5747450579237,0.869892836085706
