"u_hor","v_hor","w_hor","T_air","T_air_0","T_v_0","FD_mole_H2O","FD_mole_CH4","u_star2_x","u_star2_y","F_H_en","F_LE_en","F_CH4_mass","u_star"
18.5033108146755,18.5033108146755,18.5033108146755,35.9519845333967,18.5033108146755,34.4407342843274,40.99428638174,24.671224633762,114.042268793675,316.017346345183,167.162466339549,94.7049036571549,119.569523009465,108.680795166308
18.4427383887753,18.4427383887753,18.4427383887753,27.3293966716111,18.4427383887753,25.7501514658146,42.8202745352728,26.7357395855913,126.875307543345,459.160343483838,243.367156635101,98.8175442768218,106.962627371704,154.783986086904
17.3511097892515,17.3511097892515,17.3511097892515,29.1831706984736,17.3511097892515,27.4035382019107,41.3934350703724,26.7535942882298,142.405390361186,924.031228753286,303.739915727377,100.464483521641,136.165543825624,125.902877293004
15.139817499983,15.139817499983,15.139817499983,34.5590922531552,15.139817499983,33.5102947422857,38.4313644811437,23.6390966077486,181.222122466893,5716.02504725932,342.875677357307,98.3655834200317,181.559176008733,608.379488682948
18.1215633148393,18.1215633148393,18.1215633148393,36.5900344149595,18.1215633148393,37.5898500513825,36.5169219370551,29.1867221109019,243.191315113588,1234.0100785078,815.636230525701,97.5349720450527,183.918279624467,314.983800648737
18.491019549257,18.491019549257,18.491019549257,32.4226945805476,18.491019549257,34.7772011309196,41.2319981134723,29.5504749051748,387.891021042073,1651.45235160859,71770.6425142629,85.5164826816708,207.140843776038,264.147122770154
17.9728890495431,17.9728890495431,17.9728890495431,29.1741022036344,17.9728890495431,30.6056733617174,40.9376868642873,30.6956104339732,542.357915426889,1344.54780533693,4213.62456583162,87.5447950038041,245.717223216802,283.033415165609
17.5079494750178,17.5079494750178,17.5079494750178,27.0988613120932,17.5079494750178,27.6705021984519,39.4238830905377,32.5849871017678,1225.33490474988,844.477504282326,1428.9454700802,107.685791531981,214.828409172289,347.866723988221
17.592538383787,17.592538383787,17.592538383787,27.4280863591177,17.592538383787,26.9699745719945,36.8384210449503,32.0746006906436,1695.32883592945,646.820563205142,1096.99622899763,102.057620307912,236.498330750101,362.200050471126
17.9793091171224,17.9793091171224,17.9793091171224,28.8122325738014,17.9793091171224,29.2374614090799,32.5202158250726,31.4075082696256,4728.62292360537,580.705614803859,868.246151575074,99.6137572144504,259.340428488652,660.378102575544
18.5322709451671,18.5322709451671,18.5322709451671,29.4173140311942,18.5322709451671,30.6151940170926,38.1124725827885,30.5081051741672,1304.76840200677,561.729084403424,620.334381940759,102.748351994418,358.631643075396,359.886453448763
18.5388343552008,18.5388343552008,18.5388343552008,30.9446777635255,18.5388343552008,32.6293878488377,38.9875754780453,29.8148066982837,1016.52052120268,586.773837055907,360.422081412671,103.802655334198,354.450439477518,306.747405293226
18.4159256786245,18.4159256786245,18.4159256786245,31.8520191209753,18.4159256786245,33.5254735003001,38.5700477766656,28.3160585547147,1184.65554157652,686.133018848098,358.5979220636,107.917491492088,429.032825797953,337.824072347917
17.9890682420405,17.9890682420405,17.9890682420405,32.44985197001,17.9890682420405,33.992592426075,37.2916385519904,29.8655640478041,14826.7716518067,41175.1289488587,339.513135504835,124.151150510151,259.055450817537,1825.42748567503
17.3707141593109,17.3707141593109,17.3707141593109,32.3138401993039,17.3707141593109,33.2821481085683,34.3167932332046,26.9472876163869,848.959605066112,5782.91386082319,380.745744424947,136.466346742772,292.839631137792,440.418031473735
16.52184679112,16.52184679112,16.52184679112,32.2004045338435,16.52184679112,32.9508925533456,30.8796737339763,26.5510918661242,555.382853831606,1854.94416719988,436.037298057688,100.785404805516,1227.87433168846,408.24932342194
17.2118830863088,17.2118830863088,17.2118830863088,34.6786593886624,17.2118830863088,35.8196380966682,36.8346905052254,27.8205764863478,436.50402591194,1097.55813344271,547.61804982843,116.317888008777,737.632230740114,325.665375201354
18.7769404688487,18.7769404688487,18.7769404688487,35.5058848251181,18.7769404688487,36.4271557378903,38.2422548364538,31.3495640082122,308.886335152826,1218.16332723405,776.819489971819,151.731947278541,17049.2932608241,343.041050550197
19.1937323150722,19.1937323150722,19.1937323150722,36.1334341338344,19.1937323150722,36.4699475556165,36.9986800584037,30.1185143276441,259.15023482596,1499.44708061684,677.252476588125,155.744179471704,459.435960110793,347.643055591186
17.1085108207136,17.1085108207136,17.1085108207136,36.7425359983298,17.1085108207136,36.6966368648637,28.4444233953839,32.5503108308415,210.144937597637,843.26507835427,630.550678835111,156.571378874412,319.52728525028,281.032873787854
16.707334906837,16.707334906837,16.707334906837,36.1155518715812,16.707334906837,35.9005424504702,25.3417047941703,32.5001760338204,205.275971934079,542.541752950066,592.520848817834,165.618020330901,478.080656209107,232.718941752629
18.7667361959211,18.7667361959211,18.7667361959211,26.6060017213841,18.7667361959211,26.2600008283332,26.8908591356894,33.9316479758371,226.015322209573,982.673998302348,617.862647391147,187.998775219132,1598.55573053187,299.70819062001
19.326478067816,19.326478067816,19.326478067816,23.2876813857771,19.326478067816,23.1370287889954,27.8533294360194,31.3754996149764,238.148767175076,1090.76412465794,815.310047836133,203.902371616227,1145.74450679921,324.556860307572
18.611573901553,18.611573901553,18.611573901553,21.9465589429818,18.611573901553,22.0647483577997,27.4890634690827,28.7316321120685,241.431744483521,1690.11606307709,1440.81889970671,159.694359061212,957.321354754723,391.591826288336
17.071648613958,17.071648613958,17.071648613958,22.4055503559152,17.071648613958,22.507775446951,29.8997155222623,29.8589949249766,225.907667914133,7420.17896251831,1686.77684844387,189.210905549783,732.950933918548,681.966587595712
14.9546966257128,14.9546966257128,14.9546966257128,22.7188177036195,14.9546966257128,22.7794170242711,31.6718595034588,22.4167006908038,222.438213374549,3571.34271741218,1455.59152006067,221.684067343728,595.00439382796,574.651710897309
18.3369290900566,18.3369290900566,18.3369290900566,28.8683198188293,18.3369290900566,29.3407233818545,35.2204520140826,20.8466779512034,227.300133215364,1012.52480811959,1124.08106791942,245.054657828443,840.384685117119,257.498995706739
18.9403453418606,18.9403453418606,18.9403453418606,28.0564667627458,18.9403453418606,28.5062094090728,35.6255625240428,22.0195111697369,224.504639997156,664.251343025317,1316.58333269025,260.593415410983,555.040093948896,249.88748534976
16.8515189425038,16.8515189425038,16.8515189425038,26.6000979474782,16.8515189425038,26.8884219374986,33.1779949905829,22.4676429363927,192.082854246641,293.053574186593,1326.43675015252,434.238815798712,163.987010728964,152.033086625413
16.993296882895,16.993296882895,16.993296882895,26.0543854236191,16.993296882895,26.1116573331537,31.1342853828732,24.7352714254885,175.308840104282,255.250155244451,881.158666687492,387.913042059504,128.654919198098,135.006417502144
16.4895073174748,16.4895073174748,16.4895073174748,27.2097545958781,16.4895073174748,27.4312327877668,33.6448638990943,25.6161633438481,174.443952926279,220.540755457417,1414.29720133426,535.000685029175,152.355760108801,130.941755997426
16.5241000105695,16.5241000105695,16.5241000105695,28.6595802813469,16.5241000105695,28.8616715549439,33.5614537498021,25.7383950126019,177.710828111126,245.142333476287,1436.70673870091,511.653285364016,160.547815116156,126.40028538271
15.479430427529,15.479430427529,15.479430427529,26.1670222483891,15.479430427529,26.2010477218505,31.8278666511607,26.2095561455283,224.396874409948,280.6545485421,1685.03037797075,563.094297465146,141.165533907821,133.787859435849
14.9510372521012,14.9510372521012,14.9510372521012,26.3838294976835,14.9510372521012,26.1174262851003,25.8192063362642,25.2453744334034,265.096595202252,247.519657149305,1729.47329425696,452.230384322464,125.932470392633,153.906369348585
15.7594951506013,15.7594951506013,15.7594951506013,24.4993328410205,15.7594951506013,24.24609716278,28.0674789218455,24.468900806781,301.21168349393,228.023289924088,2163.26064995212,421.446587299685,94.9528405603312,168.675589793719
16.3704498455839,16.3704498455839,16.3704498455839,27.3248488699003,16.3704498455839,26.9972315766302,33.4926777370763,24.7187785449497,395.132126219366,212.394570518939,4373.22019768813,359.863364577107,83.5608554682735,168.526728824818
17.4710851540351,17.4710851540351,17.4710851540351,26.1054659081653,17.4710851540351,26.6103085106773,38.1622046618521,23.9800599953264,675.449238745341,209.676675353231,3708.82500945664,245.435740146562,83.5053768777895,166.647201962715
15.3635128611968,15.3635128611968,15.3635128611968,26.2734623140251,15.3635128611968,26.7444074279263,37.7217046275973,24.2344077460003,1498.25670546168,208.184303518816,7391.72276275971,171.835424157919,92.2435671744584,170.355352827184
13.0050877317589,13.0050877317589,13.0050877317589,26.003057116988,13.0050877317589,26.9414095635134,36.3401100447591,21.5366789591553,736.801047480458,188.229842856619,3613.49494486528,126.999476793112,154.442647163093,137.068597592914
16.7794884472055,16.7794884472055,16.7794884472055,24.5340304118001,16.7794884472055,25.6613179871748,36.6083441112147,21.7606434467569,1269.69918515635,168.881660707844,3252.73408898081,121.393425729908,191.004753369874,129.451885307759
18.7213936914373,18.7213936914373,18.7213936914373,27.274848697782,18.7213936914373,26.9596636752386,40.8308324384148,23.2887988662907,1972.89773263301,241.279883719005,2481.42094136701,162.875707090329,126.745860357447,176.192443928604
19.1657791472221,19.1657791472221,19.1657791472221,30.2056676319537,19.1657791472221,30.1488235164514,41.6756366461607,23.5861389985807,714.399590176468,278.513361804735,42310.2879901947,127.696996413225,149.796344322597,165.381977689369
19.2113702165998,19.2113702165998,19.2113702165998,30.9634894423393,19.2113702165998,30.9784164383273,40.8305266252143,24.9250778011854,611.628538009389,305.589245897594,7106.08557788274,109.100587649712,152.407582462007,175.397349985052
18.4581703941576,18.4581703941576,18.4581703941576,29.1410011233751,18.4581703941576,29.118894698636,36.4720377048479,27.081699870496,547.155728066371,376.994930288686,3421.35560694962,100.245990902435,151.136123312804,177.131740852844
16.6841285346351,16.6841285346351,16.6841285346351,31.6608222199918,16.6841285346351,31.4992602949723,30.3652823154023,26.1590741905752,481.755652671052,489.905108830946,6773.34199130159,113.601922810638,173.674865706529,193.987191456098
15.2663829545466,15.2663829545466,15.2663829545466,36.3187101473168,15.2663829545466,36.4371934529229,29.4940590448071,26.1408933741198,359.247170484826,1074.53968946418,8510.22646061562,131.500461295172,268.279554744596,184.905723722231
16.0922340565682,16.0922340565682,16.0922340565682,39.2350993220665,16.0922340565682,39.5654528815274,29.9989273430402,25.1674891981295,263.574918851286,3904.12026876161,1767.4992125991,159.775399654562,306.426644656536,162.470336500364
16.7518737721953,16.7518737721953,16.7518737721953,36.1994930158542,16.7518737721953,36.975827035283,32.1915339312153,21.8780272400484,224.205920324453,2194.40744305327,1041.17976897209,178.991723132319,431.200534868472,193.593015004822
18.5407408511052,18.5407408511052,18.5407408511052,30.4661065543993,18.5407408511052,31.5994605325561,30.865906269369,21.551788638956,209.588119395628,873.21172503304,674.301479691121,224.297442031652,395.514667143974,175.780248630887
18.5503045838438,18.5503045838438,18.5503045838438,27.9161457010409,18.5503045838438,28.247283335985,32.8044670324901,22.1520497524722,190.181306329567,717.105756983494,611.409653367996,319.305035183725,352.173022500212,182.028774523725
17.8914491847795,17.8914491847795,17.8914491847795,37.0451938874219,17.8914491847795,37.425726349149,36.0407768069084,20.5918510853264,172.340897618155,757.580187607169,1041.754477303,282.51617282993,823.004748325594,210.040056872334
17.5526489011952,17.5526489011952,17.5526489011952,38.0725545450837,17.5526489011952,38.7122335040937,37.54292908855,20.204558024519,161.202485086908,834.868215775058,1129.03280545528,410.914005069555,578.849032949492,284.481982543244
14.2631783058357,14.2631783058357,14.2631783058357,33.8941428907278,14.2631783058357,35.309947253004,35.6651324921471,23.7261243419687,171.169593848788,3986.41908851641,1640.00111426475,393.493588789769,694.223526610322,256.833432041804
12.6480933115671,12.6480933115671,12.6480933115671,28.9574261546843,12.6480933115671,29.5998557975458,34.1200526282361,25.3877586070888,165.452361648676,3083.58659930553,12697.1952495843,241.148237705366,282.696339820246,196.618570513681
16.5195730687889,16.5195730687889,16.5195730687889,25.8172912223913,16.5195730687889,25.9791758978906,35.1938876672469,25.7897758329123,128.014584158524,1563.64402746903,7146.16971439604,199.88690706577,574.468740128235,113.040074206881
17.4406072971385,17.4406072971385,17.4406072971385,25.8696858075815,17.4406072971385,25.8747206019162,37.9172139041058,25.2199119961011,156.275408203982,2375.84244088048,4080.86627316961,161.943555659897,582.972376831558,126.640824625796
19.1080431319318,19.1080431319318,19.1080431319318,27.5854678561513,19.1080431319318,28.1405786393383,39.2273670629987,26.729943838271,170.312088420392,9950.78996805063,1748.20998930524,143.53221071832,905.322505189352,130.749688794381
19.232722033171,19.232722033171,19.232722033171,25.5716081175209,19.232722033171,25.8243661411715,34.434059896902,26.3218652109203,163.43072916516,2221.80272595999,736.514092478364,114.875956846866,399.023195476413,143.751405249848
17.4087372540682,17.4087372540682,17.4087372540682,25.7701191474466,17.4087372540682,25.6389190134987,32.9283932313926,27.6613628788558,147.092253066166,714.974339432302,513.105514338357,97.1176144762092,240.014350065694,120.039005257096
16.5845041218714,16.5845041218714,16.5845041218714,27.2545081501216,16.5845041218714,27.2410957808322,35.184521874381,27.4260298528735,128.682963998757,396.515178618407,389.706474674206,89.4207475314278,290.061337343743,158.828216475086
18.1619303373904,18.1619303373904,18.1619303373904,30.2875539963819,18.1619303373904,30.180345266294,30.7959380740158,29.3954576035351,133.754546852825,316.426539745516,375.270747845691,74.5664755938026,478.640109332968,169.663078086191
19.2758413704076,19.2758413704076,19.2758413704076,26.8944786069719,19.2758413704076,26.7346228961081,37.2916768173003,26.1869923711396,129.276617227189,220.822634516166,430.924195344139,83.6740882955686,810.994956928411,145.581743694198
19.2374427597833,19.2374427597833,19.2374427597833,28.9558178941785,19.2374427597833,28.7298371782678,40.2866538950033,24.6375700134383,111.936128346001,188.004466875516,479.922681674094,102.014026051504,1421.96243161262,137.019299723432
17.6795373612128,17.6795373612128,17.6795373612128,31.1488567237275,17.6795373612128,30.9067925255214,40.1337202748516,24.2764471497768,106.808434246739,165.262102916256,415.97893451751,96.2096215446481,750.04078468404,128.338014616902
16.0093071287757,16.0093071287757,16.0093071287757,32.3747290771022,16.0093071287757,32.3080244809961,34.151809860871,26.6992070745711,122.095212150335,137.20707965139,315.287326019101,93.1434147465472,385.358635466159,115.891085143276
18.1391057624969,18.1391057624969,18.1391057624969,33.2454175602691,18.1391057624969,33.2259966845659,32.3588875897632,22.217223598412,131.595068981296,130.724943153919,277.217297792421,86.2310910849107,300.776095693826,107.580296881104
19.1630609304898,19.1630609304898,19.1630609304898,30.417637243722,19.1630609304898,30.7333922381184,38.6302132640275,21.9187097838216,123.595690556737,125.160509598807,261.213187077547,83.6041068399178,214.995214192334,93.9368757517019
18.483092471636,18.483092471636,18.483092471636,23.2154319338009,18.483092471636,23.6767942306749,36.6720669149254,22.659323179579,110.142878222425,110.783689796977,239.14983437894,101.166378494318,344.124358112228,94.5007272618047
17.2826538800273,17.2826538800273,17.2826538800273,27.519587394205,17.2826538800273,27.7161190452794,33.4695312877526,27.0090240391109,103.888549583398,111.891192039268,216.108123641481,106.482326738997,311.484166475802,105.583350358876
16.1852359545753,16.1852359545753,16.1852359545753,28.4229467690589,16.1852359545753,29.617986541719,36.4536925289087,27.8399579095302,108.944175521888,115.213201171635,219.778932984405,97.3049947616495,282.107749713524,106.711085341773
15.4088552894795,15.4088552894795,15.4088552894795,32.4142994532319,15.4088552894795,33.7283552933202,39.2444541244636,28.4795602094324,121.346283591401,139.16239976368,225.681771893797,96.7599798793008,233.232826083329,115.517888179512
15.0884579098629,15.0884579098629,15.0884579098629,30.7012338981958,15.0884579098629,31.8648280683016,33.8903510367189,19.7125830621761,133.055646406702,175.10185505016,203.741561318217,92.3405085604084,203.931696427519,128.653314216535
15.5707039379405,15.5707039379405,15.5707039379405,30.6659886652515,15.5707039379405,31.6589573719573,35.1712238269829,21.5018000825131,129.485159611727,184.771626884992,181.615227748465,82.9222793316523,278.529363296723,134.015203274081
16.7765979710259,16.7765979710259,16.7765979710259,36.1052392462872,16.7765979710259,36.8899433265707,40.3272235074654,22.149194461857,122.074612768655,173.949511534732,153.045440626241,79.4088975107957,308.821603948149,131.785781273437
16.9305021786461,16.9305021786461,16.9305021786461,37.7408555092427,16.9305021786461,38.4803590473102,41.5591521400899,21.9804083302523,119.548003116992,165.725462193564,139.697647898281,76.3864662739705,258.383387379158,124.193630234127
18.5566946816918,18.5566946816918,18.5566946816918,39.5739608503146,18.5566946816918,40.3131039002463,40.8228892557856,21.4225555139198,123.715526481427,143.486211882452,137.075835272384,72.1575220384987,201.470658278435,111.577910046047
19.4714998387963,19.4714998387963,19.4714998387963,37.1540660677546,19.4714998387963,37.8876584117145,36.0769425673931,20.5834433243868,149.760507390394,139.918162860891,138.6669525778,71.397549498669,186.618745089426,104.372226484721
18.5369658390789,18.5369658390789,18.5369658390789,34.8780611033764,18.5369658390789,35.5191774409706,34.0166074670298,20.4280624489574,139.878563431158,151.950293144127,134.011148807594,69.1192623227929,160.125155733699,120.995884736854
17.028319619547,17.028319619547,17.028319619547,29.4569226306115,17.028319619547,29.8872044266139,38.0487756189246,21.2619221094603,162.930540674738,173.70116633273,144.963729296418,74.5666180313128,139.868084094764,126.371288281865
16.5588303316989,16.5588303316989,16.5588303316989,31.1185372167771,16.5588303316989,32.1911842339238,38.3223030972929,21.5431804149444,175.959563875678,186.437928002903,141.236744742427,75.7943457517117,152.234285345502,127.842386957346
17.9167051866275,17.9167051866275,17.9167051866275,28.6010364755472,17.9167051866275,29.5967358931379,32.9159297889661,20.8121324555004,167.663821621196,154.167703808679,139.919643391222,59.2150457337885,141.037678739498,119.303887145796
19.0096591690203,19.0096591690203,19.0096591690203,24.6687834397553,19.0096591690203,24.9775033642757,27.9311762308945,21.2901093521608,176.841601382158,171.037036865687,140.170090892263,61.0923332642131,141.953950279943,126.733440453649
18.2394109329038,18.2394109329038,18.2394109329038,30.8964139471577,18.2394109329038,31.6490895514778,30.121112008471,20.4666543252238,205.352821060794,208.651886656669,153.181748860288,61.1565569000449,137.852034417399,129.008083002348
15.7980614337683,15.7980614337683,15.7980614337683,32.9168279982232,15.7980614337683,34.1193257308705,31.3357067475819,21.3487826534801,269.807283931016,190.776553468507,157.531603550957,59.24967298276,108.971183703422,159.737968637017
14.8749623100501,14.8749623100501,14.8749623100501,26.3557793523112,14.8749623100501,27.2410461386402,31.4521373657006,21.9262275005705,251.150955975439,272.339143477965,166.119337524027,57.8731295512723,116.057424512489,146.72488952814
16.8633039955898,16.8633039955898,16.8633039955898,25.4700921718925,16.8633039955898,26.8539893449198,34.0238885961305,24.4751377073758,299.934274416497,640.050615402842,160.557148537587,56.4441704540296,123.361023934382,195.420754888788
17.7366171297141,17.7366171297141,17.7366171297141,25.3202103133472,17.7366171297141,26.5661738695885,39.3758222189875,24.405641646154,343.30642297004,8490.30508617862,147.367744515806,52.8107494923476,129.667168873405,575.366373644957
17.9035981606072,17.9035981606072,17.9035981606072,28.2813685235951,17.9035981606072,28.8824980958436,40.2592335958093,25.2900226638827,382.980559346114,1053.85132423631,135.693934083735,50.6168125103345,122.033233089548,219.114214244189
16.5478152565536,16.5478152565536,16.5478152565536,32.549475913277,16.5478152565536,33.2050816067074,35.0500740024391,24.3934427756912,442.955839695841,571.802517656556,118.920836136709,46.3249440468322,107.908109478183,197.289208394304
14.5376882879725,14.5376882879725,14.5376882879725,32.0463829101578,14.5376882879725,33.4211387539524,38.1892016110693,26.1370037457977,748.798054440801,492.513163482292,120.879057479152,67.1459641511883,131.987470342378,211.492507350934
15.1208052415291,15.1208052415291,15.1208052415291,31.0569809676578,15.1208052415291,31.7912355546765,40.9049688380378,25.3991824437405,1058.66876547191,608.240755760609,118.819792563692,77.2412323900097,226.141572708211,291.772839556745
15.1927041343742,15.1927041343742,15.1927041343742,30.6402874953842,15.1927041343742,31.4024767895352,41.2420653198914,25.6712272267674,1172.52281897621,623.796313410011,121.284640162924,77.5192671898222,259.154594648922,294.236822072722
17.2114087144785,17.2114087144785,17.2114087144785,29.1984520831436,17.2114087144785,29.8150099670679,40.7748572563198,27.7458502376981,1394.63403313966,455.233600611162,108.778526364823,73.1950262422962,439.100924710895,209.276420848138
17.6164723592939,17.6164723592939,17.6164723592939,29.3073386768772,17.6164723592939,29.6113191792593,38.9831182204681,28.4952894348659,1422.07501308969,409.81735306229,124.092270365462,66.0979255987775,509.314189443339,199.931637386278
14.9598092752575,14.9598092752575,14.9598092752575,31.4806976658704,14.9598092752575,31.5496076082525,31.5973878539998,30.4024992372742,1185.27656578619,410.374895682952,114.464562220708,58.5129328535483,602.247861345145,197.255483199413
13.8231928038237,13.8231928038237,13.8231928038237,31.8047129500448,13.8231928038237,31.9439547789287,31.2437817771182,26.321223826377,1869.65190264963,489.369351259636,110.051036304529,63.0571527593685,977.318813134909,243.180936085775
16.2232053934088,16.2232053934088,16.2232053934088,31.7952034123258,16.2232053934088,32.1040112695001,36.5531863841471,26.0108703324282,6922.11385006445,904.014991822746,130.640692224328,70.7025674491175,2545.2825356695,822.867111201012
17.0498272632844,17.0498272632844,17.0498272632844,31.0927827173067,17.0498272632844,31.5483274150134,40.1408343216869,23.112693139619,4874.05566608314,999.389970171916,153.462028033724,106.685531684854,1082.01495107949,687.820785688243
16.0526670739024,16.0526670739024,16.0526670739024,33.3822237362312,16.0526670739024,34.1964784911467,39.8211351448509,22.4507996403551,3259.04824152616,487.212564154591,159.554247687212,131.033079317484,579.682340768345,570.268559737677
15.506315734104,15.506315734104,15.506315734104,34.4280414904171,15.506315734104,35.5317949597257,38.858780570852,22.3699501513986,4321.88903554666,431.752902955984,183.227346772151,134.471023246294,303.868211918349,552.993839206176
15.5911915912623,15.5911915912623,15.5911915912623,33.1979661732035,15.5911915912623,34.4224063847413,39.0358758813086,21.9301115616238,7939.68531119712,491.288973794044,188.63395384977,123.163812014959,282.794661167892,625.884234092817
17.2795892677455,17.2795892677455,17.2795892677455,31.1270247854709,17.2795892677455,31.3722998233482,37.5885765915915,23.040915035934,4181.81658860837,709.906351247291,219.369889574395,109.915332375474,235.855894131175,268.014040397021
15.7407311424511,15.7407311424511,15.7407311424511,35.5280287629449,15.7407311424511,35.7433620259605,36.0711453548628,22.7281672374906,6441.28324888168,786.137802393869,283.697499401819,101.682584103398,176.394438129687,279.763466609919
16.8212072673724,16.8212072673724,16.8212072673724,36.1339393649454,16.8212072673724,36.5596701888261,36.7557981862675,22.5943248232151,5275.5463759917,1045.43409590285,329.086083787558,103.148367937344,169.861592739045,321.435685093927
17.959013786509,17.959013786509,17.959013786509,34.2613955443634,17.959013786509,34.4489559730881,34.921684013893,22.5776277245255,8460.61214157244,1003.5258495823,382.967202630233,102.140708246978,160.303191271158,316.670148821932
19.1420333607576,19.1420333607576,19.1420333607576,36.2412689248538,19.1420333607576,36.4442697966886,34.5909458613407,22.5699883205152,3204.1437854781,789.587201784462,692.076049665702,90.4704810392241,128.083922532143,531.35716571731
17.3221964034447,17.3221964034447,17.3221964034447,36.1518453608659,17.3221964034447,36.4247992134566,33.1596132927006,22.3602550219308,1742.56553742858,761.290882252145,541.336517229518,85.3332661520564,100.294226922613,268.992961026871
16.8096113030431,16.8096113030431,16.8096113030431,38.0495499044083,16.8096113030431,38.2376916878388,32.2847532082091,21.1792963734874,2056.81765847426,907.322027306311,483.322537566624,83.0987358974764,106.502427528868,323.500365672625
17.8112392346171,17.8112392346171,17.8112392346171,38.2716388152797,17.8112392346171,38.5170256702153,32.4760485964263,21.5807540508101,2121.8957544209,1209.19573245212,509.358790943318,81.1421433903561,109.861938366425,370.671561887527
18.8320554845451,18.8320554845451,18.8320554845451,34.2225742490123,18.8320554845451,34.7911016757813,33.4041636826,22.4219426116724,3158.89240762724,2846.93492375028,546.160274044806,73.5726117838022,125.737678954544,558.238447437801
18.9352820799663,18.9352820799663,18.9352820799663,25.9214216449351,18.9352820799663,26.597985248785,31.7138358232852,21.5114105095313,95335.5387159534,2027.5935510598,668.968781606845,82.65740879099,177.503761519994,2806.22747715066
17.3219959260261,17.3219959260261,17.3219959260261,22.5420243440675,17.3219959260261,22.757209006266,34.2725163909057,20.6560937610117,2716.16991419401,1272.04146324062,581.454126606396,79.1805691987629,198.802443466352,506.487430154643
15.3070700519909,15.3070700519909,15.3070700519909,22.5022236480116,15.3070700519909,22.744794566575,30.5809080131038,21.1260262955849,14703.8802406985,1704.64978888985,581.176129422093,76.6038419361109,250.020850879254,1111.51810102887
15.4123551993944,15.4123551993944,15.4123551993944,22.0223442619709,15.4123551993944,22.1698511271363,30.2603878072535,20.0365899605421,2150.42435211711,2437.44797303433,529.415566724515,73.5831786816774,290.294964588009,412.856108812862
16.28495748286,16.28495748286,16.28495748286,23.5739885626917,16.28495748286,23.8113707847531,26.4607184761435,20.7123092382754,1025.2010562165,3650.53929314353,494.767755921866,75.1302070837131,345.135390793008,597.342747443413
16.2992402964558,16.2992402964558,16.2992402964558,26.1144394318496,16.2992402964558,26.6112260669543,26.3823950184028,21.3843864680296,721.663907565846,3115.46870124556,431.557735590465,92.1773680337509,604.225276525623,497.813869609761
15.7796354587762,15.7796354587762,15.7796354587762,25.4863511983577,15.7796354587762,25.7873201778167,31.5948852521975,20.0123226597424,562.513642448926,761.262707223495,473.647275909814,87.1884195931378,1988.82042937785,271.023890429103
17.2283179987224,17.2283179987224,17.2283179987224,24.7901694974334,17.2283179987224,25.0946860607333,24.7149239044131,19.9470070165022,523.843473124104,652.33917595675,566.902835051791,77.2649681068102,2426.06662690264,228.788347082256
19.2826882423919,19.2826882423919,19.2826882423919,25.7068922792556,19.2826882423919,26.0747639219225,24.351780868451,22.2244563408858,535.405804044852,1008.59897450453,793.852221648146,82.885380568399,856.454502806778,222.751488332779
18.7794899520222,18.7794899520222,18.7794899520222,29.6318915097349,18.7794899520222,30.3550920918344,31.2316213257888,23.6734461134285,466.332880341011,1240.07102335984,770.688608489742,87.8165217059004,864.445945227733,215.914090761945
17.2299919048221,17.2299919048221,17.2299919048221,31.4901192975878,17.2299919048221,32.887811307014,36.2747032988164,24.1605931049481,323.717540438635,1224.20758567108,652.919040645273,103.440919171458,904.394584379603,179.95139927851
16.434893285317,16.434893285317,16.434893285317,35.2773782413487,16.434893285317,36.715002205677,35.5889949097695,24.3183038617557,293.600677232745,1319.88557170078,698.031704216441,96.8104004398432,2956.65299494219,169.30159226429
18.1961402727257,18.1961402727257,18.1961402727257,33.3431153745812,18.1961402727257,34.5454268174356,32.3047646251876,24.7105257884812,302.616429047439,1435.40959392549,601.918026647235,93.4335465575161,3127.9091096511,214.946789777989
17.5796254745136,17.5796254745136,17.5796254745136,31.6829392133014,17.5796254745136,32.3687816387449,35.1309282248948,25.0648953502845,384.685967412185,723.204615639622,395.764967544436,89.3305005908405,658.102782345799,189.684698125173
12.3419479890227,12.3419479890227,12.3419479890227,27.5210285374332,12.3419479890227,28.3405878412959,38.6965207289944,24.6229294494201,458.500500646183,929.937992537421,329.304200051958,88.5357046124537,362.736999718824,214.125281831836
15.3445576309541,15.3445576309541,15.3445576309541,29.8205205657647,15.3445576309541,30.1484105961683,34.6191619618455,24.1168452001542,469.629649256105,1101.74589695473,323.018724601313,88.1603180814612,418.372000603413,307.204242039572
17.9685353770602,17.9685353770602,17.9685353770602,31.9734955275516,17.9685353770602,31.9867374318711,35.4544908234541,23.3092944140237,381.871616474291,860.639063322345,332.317978836233,103.657476897255,415.356803419076,285.686613513152
18.4268600843176,18.4268600843176,18.4268600843176,31.2738628087575,18.4268600843176,31.2514677212193,35.1188567443243,23.5469200734186,255.061434514085,682.972152241656,304.827547065019,120.547683339136,440.719943657377,224.123516082819
18.0958868287643,18.0958868287643,18.0958868287643,33.33179452457,18.0958868287643,33.6631068145716,34.280322363198,23.1255913711401,194.461333521394,558.580659599289,275.901861665088,119.81558992452,452.032436061469,187.423831123184
16.5620520533057,16.5620520533057,16.5620520533057,35.891197137149,16.5620520533057,36.4512112455188,37.2498609912887,29.7850512211498,201.316082439997,444.638001876505,282.695088868876,110.3038970465,713.738338477838,135.501942596623
13.645107497065,13.645107497065,13.645107497065,39.7665149844935,13.645107497065,40.057681329934,40.5812939898652,35.6901059549939,207.807768248784,383.274311666779,269.240937473566,111.504771699298,694.126462431258,143.053434104473
13.3375169138124,13.3375169138124,13.3375169138124,39.5327785678215,13.3375169138124,40.0025586416421,41.437411168722,34.7857146976593,203.32370387995,463.799455371988,268.598474044407,108.3007690821,547.984794903952,140.854152424601
14.5575584804839,14.5575584804839,14.5575584804839,36.1606388074769,14.5575584804839,36.3378344162941,37.2952413018819,34.0763118806048,207.735970776159,673.279959845311,268.618006923188,113.570135994529,659.72303512743,178.751785919024
17.0321806633188,17.0321806633188,17.0321806633188,40.0420709700614,17.0321806633188,40.019879455846,39.0228243814574,37.2522858376365,193.33672786178,1157.75433295489,248.024385337455,88.6782143111092,1864.80641724637,138.109894305885
17.6299326600019,17.6299326600019,17.6299326600019,42.306236677846,17.6299326600019,42.341296303633,41.9533935499653,38.8123163541928,173.493144654474,1451.26297503616,282.889003223125,87.55042728312,12987.8677388502,133.289864239695
18.3629386864583,18.3629386864583,18.3629386864583,43.031910576786,18.3629386864583,43.1566989232735,43.207275043622,38.9642905272809,193.448470852143,2316.10907322077,308.500476983099,85.5000555836687,8242.94093554816,139.076357142663
16.612325789432,16.612325789432,16.612325789432,40.0235043287906,16.612325789432,40.3779384331589,41.6963769892929,32.0216813877947,281.030023353306,3666.67204029883,310.135564832057,80.6973842566426,2146.71922697777,509.693772405569
14.2708903914569,14.2708903914569,14.2708903914569,35.1512882308178,14.2708903914569,35.7710824644574,38.5172311737453,26.8330131448584,424.73072492013,4928.97700249168,260.145569470288,77.9677863708714,875.045961807394,701.696302150299
14.4292389142238,14.4292389142238,14.4292389142238,32.2333045242833,14.4292389142238,32.8812845561371,36.3416713212785,26.9280418150955,550.493531782974,7255.35188865518,184.421716979344,79.446135224445,539.87150423508,846.483716863644
17.8301104479464,17.8301104479464,17.8301104479464,38.8839805143641,17.8301104479464,38.2193258368716,37.7666319788661,27.3572110782819,914.138435830417,6511.49976291338,179.463951296345,76.4964556957115,276.799833561553,703.155179317314
17.577231599242,17.577231599242,17.577231599242,41.4547584332704,17.577231599242,41.8136431438154,41.647471502583,24.2938038285539,1087.49367042957,531.759184876688,282.04478886991,76.5097079005287,244.522597671638,229.697382894145
18.2365585522123,18.2365585522123,18.2365585522123,41.4533091744059,18.2365585522123,41.6669699122925,42.0546983674851,23.7539092941891,2441.01600173774,320.747226081932,409.125711219207,103.074608209729,222.32189006455,202.608905578805
17.5556319362237,17.5556319362237,17.5556319362237,41.448820107159,17.5556319362237,41.4654319388522,41.0326602092769,22.4633348880516,2507.10236408954,267.201903028707,420.05572104587,109.943108042129,226.154113782991,163.008438287583
16.7750295343563,16.7750295343563,16.7750295343563,39.9832203522618,16.7750295343563,39.929419739527,37.4403321110623,21.8980890042273,5089.05288975589,275.495924630207,387.633019132158,93.8320173609511,226.196509871381,185.906417804023
18.6440649488239,18.6440649488239,18.6440649488239,36.1484456771897,18.6440649488239,36.3429945439555,33.2144847855593,23.5780385662503,3364.3702876672,269.337644521691,373.049855177909,89.2704091646497,186.133210760394,186.686061467573
18.1460283537832,18.1460283537832,18.1460283537832,31.8296055413972,18.1460283537832,32.4343530397837,31.5505114852592,24.363604549292,2498.34381722486,276.779448971152,406.016019062928,101.856775776912,190.928680335544,190.369112331185
17.6440455677013,17.6440455677013,17.6440455677013,30.1408928380843,17.6440455677013,30.6650434242094,32.2827822857536,24.0865949327221,2052.47426480795,275.314741512117,418.753423515151,106.748979428487,179.726193450185,200.336293415157
16.5528863631866,16.5528863631866,16.5528863631866,30.2979670300687,16.5528863631866,29.6594862481089,33.4038935821735,23.6040918605301,1037.12280540133,264.110893853057,383.738188753809,110.096744894067,167.787716499131,204.080395364504
18.0822388349536,18.0822388349536,18.0822388349536,29.3253886014004,18.0822388349536,31.1624251071452,36.2621273669316,23.7342476352412,1305.08744016067,241.557975412155,301.802341440156,101.268965738325,259.69292503799,201.539601090936
18.1924895838861,18.1924895838861,18.1924895838861,34.6557694567221,18.1924895838861,35.8922479507908,39.4197907571523,23.075878616472,873.911072168218,226.245198423291,244.27717640597,75.8834314341154,254.808221295341,163.333549327364
16.9878258732937,16.9878258732937,16.9878258732937,35.4482427235303,16.9878258732937,36.7136289497246,39.5963739404219,25.0475338897,645.076774371205,250.336980669759,260.474514273812,62.6375950850083,273.079723790259,234.281149783483
17.3195891389811,17.3195891389811,17.3195891389811,32.6783827955293,17.3195891389811,33.4901583997918,30.5534610861229,23.8215218109534,443.789677851481,293.190859882029,232.785570640745,69.0663834012544,270.110842069623,156.608969206166
18.4826121592427,18.4826121592427,18.4826121592427,30.5810543424596,18.4826121592427,31.105467888935,28.6177897121071,25.0928484234922,538.692531417764,487.95099357624,240.66279625257,68.3987080022315,216.68373135285,211.575679119542
18.8333839178209,18.8333839178209,18.8333839178209,32.3764622285754,18.8333839178209,33.1387936023839,37.6102073816998,33.0712333787112,790.701438858326,1124.04808876665,180.956775867218,53.542080730821,164.368178914845,334.929821531591
18.3251373492968,18.3251373492968,18.3251373492968,37.7881657474328,18.3251373492968,38.3461564322874,40.9701001307816,32.987922000114,896.026358182507,4000.7947682436,214.185241621345,54.2364796902558,125.668663494043,628.123046793298
15.9850138210518,15.9850138210518,15.9850138210518,39.7720283106987,15.9850138210518,40.4401434551025,41.8855884440235,30.5644742399143,939.808213064833,1475.02211870688,250.722073239719,72.0503177491103,94.8777413490187,357.321611649403
17.0079022221814,17.0079022221814,17.0079022221814,37.5891699869116,17.0079022221814,38.815697620105,41.2081441255726,32.0614888387102,1207.49905223439,1013.93744989437,251.481664052627,85.6249689835425,105.824099047406,280.291634112249
18.2555381452526,18.2555381452526,18.2555381452526,35.2965915439557,18.2555381452526,36.7027108377948,36.9603562077921,36.7719190215054,1326.60199787372,896.265712600635,235.509818760705,93.1446972441123,92.1725487073567,293.183920314905
18.5874278035652,18.5874278035652,18.5874278035652,36.1672517503272,18.5874278035652,36.7226700459816,32.8377675896526,38.0642596925018,1634.06722337349,803.669987123071,219.012788727169,89.8699285326024,87.1733876863296,367.633829334417
18.7021843319092,18.7021843319092,18.7021843319092,37.914742798193,18.7021843319092,38.4769127755717,39.1515250513616,35.8420994541975,1419.44238725621,766.777732564467,228.296900729077,85.6564517508542,81.0749682827405,262.558454741961
18.4148619748762,18.4148619748762,18.4148619748762,40.5605727746805,18.4148619748762,40.9166608753378,41.0467808238254,25.0379257632063,1322.81237238822,851.201923386063,282.796095189581,97.5867200204975,57.5529413120691,281.61857927176
17.853451207773,17.853451207773,17.853451207773,40.0217144007768,17.853451207773,40.2265792184202,41.2173778916121,24.6429449228059,1758.81625824543,5720.82418160112,310.353370549538,105.331745964417,58.6080696755218,702.914055297831
16.5880635315705,16.5880635315705,16.5880635315705,41.1281985660862,16.5880635315705,41.0052814101797,40.0813423081969,24.5424804919624,2345.45158792334,1070.89479274242,326.173715521966,105.516684798311,66.1481501560503,314.213361511042
15.3744444250455,15.3744444250455,15.3744444250455,41.3887924997511,15.3744444250455,41.2320890440346,39.2753509673728,24.4911047591379,2811.31802785129,725.034742784903,318.504703990959,106.39135548038,70.2223264448116,266.035302087741
13.8953566692068,13.8953566692068,13.8953566692068,38.7605241945706,13.8953566692068,38.9665862949082,37.1458145854281,24.9862228196,4618.11204676098,373.804300438065,295.114825873711,105.674208775657,78.4666377010458,198.257378383117
17.2549789340431,17.2549789340431,17.2549789340431,38.098918497179,17.2549789340431,38.583924672317,38.0909104222239,22.8747785959423,2765.80204042074,223.713713200267,234.398051477047,86.31434362065,98.0094872433906,482.761248975133
18.9835914870559,18.9835914870559,18.9835914870559,35.006168011785,18.9835914870559,36.4254625789767,33.9550439636638,22.5217663098072,799.950315947027,183.168329663164,193.190218140782,80.8726748821987,119.298270714028,257.353657462035
19.3312748880818,19.3312748880818,19.3312748880818,29.6204741645931,19.3312748880818,31.2320645678862,33.7683334223119,21.0625840582106,372.293876464247,203.419936545712,155.966167121689,82.7865913472239,135.261068479816,182.918396460471
18.369115534193,18.369115534193,18.369115534193,32.7843955964921,18.369115534193,34.9818756716696,39.4953705504969,22.6589656496435,303.53321702731,215.226648629963,122.324662350316,83.8847506052438,276.376317099668,134.954325639783
17.5953758273578,17.5953758273578,17.5953758273578,31.2845896092415,17.5953758273578,33.792956412456,37.9284499700141,21.6628124543353,282.694741528564,231.867837070278,91.6345047800693,79.3990510148073,290.719614499381,135.417810761735
15.9850129574939,15.9850129574939,15.9850129574939,28.6182834823895,15.9850129574939,30.08873579994,34.2885686699233,23.0012562287782,233.721401676605,250.744157387725,87.1420092432971,68.5610883265356,362.896590021801,151.794314432074
17.5668055308224,17.5668055308224,17.5668055308224,27.5524346912233,17.5668055308224,28.3248966837312,32.5849687128667,25.426507869533,206.660931451029,237.433017731728,79.1755264990436,68.154732157887,339.313700055179,131.060653957265
18.0055475069209,18.0055475069209,18.0055475069209,25.1232895137576,18.0055475069209,25.3514952288553,27.6250845564874,22.2251681828849,167.200331679515,267.5289755005,81.488417637197,63.3722515248954,435.010411523042,154.893754150766
16.9130206829245,16.9130206829245,16.9130206829245,24.5777816311431,16.9130206829245,25.1635488519912,25.4058494663263,25.1257750376811,177.523451091112,294.182754850936,97.2808418843423,65.1589232193568,435.556017243251,156.999069482965
15.8015251367293,15.8015251367293,15.8015251367293,33.1973756583005,15.8015251367293,33.856504324262,21.3710855495134,23.357784527462,169.269971083878,282.944191275045,117.360391289315,69.0301584651773,377.482586085155,162.634257093284
16.8519974490724,16.8519974490724,16.8519974490724,38.3845114618824,16.8519974490724,38.5981678717506,30.2878000142938,25.5035936952979,172.223719452685,275.864548390119,128.523747580107,76.7662382485224,324.576832453293,164.00839706443
18.2384547954501,18.2384547954501,18.2384547954501,40.946984951077,18.2384547954501,40.8965803383927,37.1768295050253,27.2029234249593,176.332495816033,272.337126190874,130.465788358585,80.7150666692345,277.458468742235,164.5997147175
19.1086605847481,19.1086605847481,19.1086605847481,41.1099032586517,19.1086605847481,41.2245710610167,40.5481413974273,20.6042145765953,182.986628118467,249.056338553489,117.180042482949,69.080383150702,217.260514024456,154.736339899142
18.001311965498,18.001311965498,18.001311965498,41.4938184013635,18.001311965498,41.6418333259581,41.7047368645677,21.6808838787751,195.76309022418,222.178967883103,112.038327677604,65.4035497832788,208.631348539053,144.429941380553
16.6787653037462,16.6787653037462,16.6787653037462,40.1876343353842,16.6787653037462,40.3694326232573,38.8489521176421,24.4881662034795,206.933620138316,207.307676630121,121.700274889465,66.7094863095892,215.893751362985,142.333560270048
18.2531841009855,18.2531841009855,18.2531841009855,37.100986989172,18.2531841009855,37.5055616448627,34.1538787930013,23.3976869362618,226.755483717417,216.044140246664,122.393577134855,72.8201286904401,229.000337537336,136.299748493207
18.4526044953084,18.4526044953084,18.4526044953084,37.9774935523913,18.4526044953084,38.0312837261593,34.5612559043611,25.1806013660556,282.36314193347,227.077548019279,109.441306132202,59.8751150636012,158.347178739336,139.468306588202
17.2928584751471,17.2928584751471,17.2928584751471,40.9290829780611,17.2928584751471,41.0379967667363,36.8529144032446,25.0480695173886,286.641198892534,226.486968273949,95.6427078111199,66.1777665844193,142.535424460816,133.515161640484
16.9777126033376,16.9777126033376,16.9777126033376,41.4683673819732,16.9777126033376,41.6577329025589,37.2124013122864,27.795442972841,289.375153431369,319.351741699145,96.3277562593663,63.8520955393714,164.869779436934,162.538636571822
18.1178257329018,18.1178257329018,18.1178257329018,37.5683033576615,18.1178257329018,37.7684638710786,32.5341130657896,32.8157954876006,242.085710745724,495.410915349283,91.4139472146974,65.0896939832119,175.478846171889,169.41673198711
18.2044684285879,18.2044684285879,18.2044684285879,32.4741155738522,18.2044684285879,32.4185175748664,30.5439393720295,33.2511039393199,199.846188787145,814.785476614238,75.8491509808442,61.8875259965451,216.229033535662,143.575781456987
18.3881551099648,18.3881551099648,18.3881551099648,30.6783521887916,18.3881551099648,22.1051674415778,34.2624794565434,34.0259304229066,152.046902065254,2338.32708009956,77.2692880827871,57.3305694346196,248.173663495413,183.452981673091
15.5067875756085,15.5067875756085,15.5067875756085,30.3461239469277,15.5067875756085,31.5361596078562,37.6395221334895,31.5181853076572,197.867564990048,337.09084989677,88.7917366739421,54.8735307297487,330.55229937447,134.130148135808
13.2448966378966,13.2448966378966,13.2448966378966,29.0267452688726,13.2448966378966,30.1680095158218,40.8228049404863,34.0062394699483,208.626870819968,212.102049164065,109.992040336321,65.3042139785258,430.959788637285,126.788278407827
11.8118801018359,11.8118801018359,11.8118801018359,25.8768679905475,11.8118801018359,26.8835640006492,36.7753108884203,33.3299032987578,225.186386442492,183.715875808542,121.088337441246,64.0311934298793,25720.2568621189,133.810640223148
12.9988347926965,12.9988347926965,12.9988347926965,24.7008528173387,12.9988347926965,25.2069025888294,35.1161025922624,30.3446755757383,234.524431652007,168.973238763171,142.733646787583,66.2237302399445,1394.80541433847,120.128055182753
15.6892223799621,15.6892223799621,15.6892223799621,28.3479433014205,15.6892223799621,28.1433419269541,37.1173231747454,25.3893125735578,253.866346850382,156.983985270833,166.067381336691,67.4018235231954,415.939966112904,151.092840547655
15.302058284681,15.302058284681,15.302058284681,31.9576945124066,15.302058284681,31.1955902562249,37.9818508115416,30.7949467155392,277.993313048407,137.913539776347,173.485868782081,67.6928058943806,456.689938423873,161.49333000565
14.9989044889807,14.9989044889807,14.9989044889807,29.4121509320322,14.9989044889807,28.6376033898592,35.1462540534685,24.2918635704666,339.205359263128,123.925090669239,192.657637903761,67.1205832602234,412.160316810475,179.007489099479
14.8520994876553,14.8520994876553,14.8520994876553,29.2765110402274,14.8520994876553,28.3986918268651,31.8407081138996,25.3200457622786,363.093850061987,131.39303408908,208.285756028888,68.0701482815381,712.161789013728,189.8458321802
16.0502380085083,16.0502380085083,16.0502380085083,27.0257601661571,16.0502380085083,26.5698929029499,30.8178991725357,24.8030885598685,351.842495769136,142.632779972002,207.265427759578,71.915481572436,827.025051074895,186.816772766108
17.7786480580048,17.7786480580048,17.7786480580048,24.3184692892125,17.7786480580048,24.8332382437852,33.0866867940669,25.8006143479735,302.832076080747,139.393752368183,207.321995724212,64.6074542536557,4651.22072450865,173.309545505886
19.4811085892311,19.4811085892311,19.4811085892311,29.3080931705051,19.4811085892311,30.619468440917,34.3699632654152,26.2710079365025,261.746518328135,127.938909908237,188.230947349039,51.8354996560686,1417.80685388459,148.265119026668
18.1433982377484,18.1433982377484,18.1433982377484,32.6665673797557,18.1433982377484,33.5713321288432,33.5968514875267,26.8897534039811,281.840260022592,132.435809102813,185.99679310976,59.1963931779012,246.758723529095,143.553976024917
16.9094833253432,16.9094833253432,16.9094833253432,36.4293885217534,16.9094833253432,37.5335638024698,34.1441919957965,25.9605340998294,329.464380323216,142.500232081887,161.535977149809,54.1934376128607,203.086662416713,171.275548911939
17.0375726820585,17.0375726820585,17.0375726820585,38.3606974954564,17.0375726820585,39.3270969104934,35.7131287346116,26.2980465712907,357.668593829331,149.150970256323,146.541946611945,55.2353124697814,163.629637547043,179.782877328245
18.1875694636536,18.1875694636536,18.1875694636536,38.1170132143986,18.1875694636536,38.8205312088548,38.9739936135111,26.4054424909179,409.477584383627,151.029904415407,139.049206747425,62.8874007289813,155.746334600265,185.366455574831
18.8320639987432,18.8320639987432,18.8320639987432,36.5506973751546,18.8320639987432,37.6333954152973,40.4857345751861,25.3060688562861,548.34212887381,138.274837058072,141.258001295294,68.3377608504676,344.043170777539,226.529066570956
17.8828674838246,17.8828674838246,17.8828674838246,33.6770093153303,17.8828674838246,35.8602310111275,40.7778074541744,27.866857891276,799.000597764013,148.954323430652,142.649505632876,61.2806161833378,295.595034819655,187.822775792074
16.9034596317645,16.9034596317645,16.9034596317645,31.2923409310402,16.9034596317645,34.6408426821377,38.2035894718892,29.252985843958,883.333576800861,162.258060247445,140.499971330874,50.5756651603148,333.87094493335,161.566793511063
17.1051969987459,17.1051969987459,17.1051969987459,33.571225951089,17.1051969987459,35.2093531805415,38.7369465169369,26.940394204809,736.653795052305,144.993956425513,125.947131681574,50.0580629940818,402.780104959807,119.606797024277
18.2791256634259,18.2791256634259,18.2791256634259,34.5513482549815,18.2791256634259,35.4206196750136,37.8237005596057,30.3960343676209,647.233483576519,152.681307260955,114.238188290904,51.5059420040057,393.878378075096,136.746630920101
16.406365644609,16.406365644609,16.406365644609,29.5983021511698,16.406365644609,30.7836011330437,36.0352092272875,39.0219874034519,574.896349050049,161.899810287029,114.888624020064,62.2007649542971,319.636780446326,139.242055902876
17.6130793526575,17.6130793526575,17.6130793526575,36.0910241568614,17.6130793526575,37.0926505546257,39.6272054657819,39.8960186918515,620.795033778304,163.638856546328,129.596017521995,62.1911582038351,230.080079502114,134.408415946726
18.4373131419213,18.4373131419213,18.4373131419213,38.0653131307893,18.4373131419213,38.8723887656196,40.2961657622537,36.2048096922586,806.189805597903,172.504333501143,126.274653187411,58.4043997229615,161.558170001331,130.975146690025
17.0989089322749,17.0989089322749,17.0989089322749,35.6242457755385,17.0989089322749,36.3707272531985,39.0906925909913,36.6148742741149,1164.32755599244,177.073502662702,128.711128605163,58.220984912518,148.816416754256,132.436663085788
17.4843313572509,17.4843313572509,17.4843313572509,36.9706549705274,17.4843313572509,37.3357570396167,37.7087756532447,39.2726785833229,1106.22805898943,149.907741848282,127.293646623923,56.9206946842312,107.591760302361,123.5423127796
18.7242388487678,18.7242388487678,18.7242388487678,35.356824226566,18.7242388487678,35.8829696178716,36.6282742918768,39.4564843350407,933.301592646854,128.318729395216,123.580124938203,57.2812422445276,119.779973978567,148.023297317663
19.0404344735618,19.0404344735618,19.0404344735618,36.4795471057611,19.0404344735618,36.7526194306007,38.1256873642612,36.3543203250693,993.291598518367,135.3331413636,129.011326326035,58.0743984245606,102.302533503301,303.423931708749
17.254884229195,17.254884229195,17.254884229195,37.6298765353525,17.254884229195,37.9771395058578,38.9364496386374,30.2230204932746,1165.99501834325,136.282394796068,128.315637442438,64.4391521495644,78.1120656716835,140.716294996791
15.1689977461771,15.1689977461771,15.1689977461771,40.0727041896677,15.1689977461771,40.6065204570495,42.4286006685945,24.5564585696722,47954.613905097,109.080143945143,116.07317494123,69.0829918999091,73.4180358445902,1399.84591643514
14.1492812381552,14.1492812381552,14.1492812381552,39.3173327201982,14.1492812381552,39.8774127490173,40.9519728840508,31.2264771309544,26113.4272929277,99.3102740738078,135.980053134406,65.7812597171395,78.7336537900952,1154.04159559135
15.6515264474346,15.6515264474346,15.6515264474346,35.8030156987218,15.6515264474346,35.9465805135053,36.2059596894596,30.1096302303182,2023.42256312781,107.843579060548,147.58071607994,60.4560066909924,93.0169189432345,408.399166673945
14.4667907179563,14.4667907179563,14.4667907179563,33.9777209827675,14.4667907179563,33.9940543113193,34.1516837199385,29.0571662606406,1120.10544010525,96.7351907227685,153.045769253642,67.3126571560614,95.1881887577379,311.458079426651
17.8682992119915,17.8682992119915,17.8682992119915,38.5171297122003,17.8682992119915,38.9952334980427,38.0227024354204,27.7602969032592,723.472511180318,112.891133605216,149.29419182017,82.8856327954301,86.4270825978959,207.141532922354
17.8586626414766,17.8586626414766,17.8586626414766,35.6980760768187,17.8586626414766,36.7598992555897,37.0031145125098,25.3887041983223,693.508941734921,138.724731939113,147.526470111262,94.9075697782585,82.249603029924,134.747469008106
18.1746098877788,18.1746098877788,18.1746098877788,32.6155272044268,18.1746098877788,33.0295895583397,33.0362346978686,27.6406888266685,588.674981809716,136.079379250315,153.286518128635,91.4887127360674,87.9886982327178,145.08673975383
18.6918317871225,18.6918317871225,18.6918317871225,32.9826015451979,18.6918317871225,32.9579292715986,35.6461936924675,27.6840622797686,534.866109399079,132.094373860431,159.759731288321,86.2371075887452,95.1476020906965,119.710518104154
18.8157880169628,18.8157880169628,18.8157880169628,33.3030516928003,18.8157880169628,33.5477121839448,37.7222273140668,24.8358655493049,466.933918298711,129.019420826427,161.002925458148,85.9968645199315,93.2744214545951,111.516564958841
17.7796706600319,17.7796706600319,17.7796706600319,32.2391152969117,17.7796706600319,32.7479222760275,39.3725917541659,23.9371126730241,398.132771094234,137.324661036292,156.597140135425,97.1289750446781,74.2488171460411,114.262770060345
16.0690731284176,16.0690731284176,16.0690731284176,32.2248986491849,16.0690731284176,32.5994230053061,38.5924064423773,22.2087341520122,380.921318394349,139.128124818396,161.841478886736,83.7346374029518,78.5350684257262,116.874873158618
14.667363677308,14.667363677308,14.667363677308,30.2760311763236,14.667363677308,30.1485582424273,33.9415985276966,24.6393541737696,416.853738851619,109.375458478605,160.950526630825,44.7168531948443,83.1217443792752,103.274441765106
16.5557864553871,16.5557864553871,16.5557864553871,32.675528941308,16.5557864553871,32.4766292371211,38.9810808331326,24.6512532063207,438.166414671923,116.424442003671,146.972658894873,45.5205948701035,89.393161191654,164.110264237527
16.0748879486192,16.0748879486192,16.0748879486192,27.1069389316669,16.0748879486192,26.7303470684803,38.1495698890729,21.6396056797617,395.025745593419,121.583087409969,141.550488469011,72.152636315168,76.9767141374375,129.893147761043
16.4231338288739,16.4231338288739,16.4231338288739,27.3292291460726,16.4231338288739,26.3419350732721,36.4001468551192,22.4860183411409,340.052898543968,123.363839551146,134.627068174956,75.826967998574,77.2553244718166,134.560364293575
15.4109130521426,15.4109130521426,15.4109130521426,31.8265333929434,15.4109130521426,32.6192415984839,37.8360214071888,23.7748057028767,330.353389617922,121.674457695595,140.778202763815,78.1229060291981,79.3294196016989,110.253151872655
13.8245935651158,13.8245935651158,13.8245935651158,33.1654744601369,13.8245935651158,34.3223507758935,39.1409583394678,24.6330585849378,323.836772471857,109.905338393916,151.559668178359,72.8670132855723,79.4356152331256,102.732013220846
12.0897629091978,12.0897629091978,12.0897629091978,37.1431511012162,12.0897629091978,37.7115253784957,38.8458494569594,23.6577587710881,319.847548416573,118.758794786934,163.775240373735,49.6282956985326,76.7056265742765,117.105968461281
13.0459098099077,13.0459098099077,13.0459098099077,37.2945716369098,13.0459098099077,37.6790289948662,37.785061790168,23.2174382646839,393.944004321794,145.76274293313,152.550153461163,52.270407627753,72.9628308686925,169.326245671855
12.7408815890245,12.7408815890245,12.7408815890245,32.6428287967651,12.7408815890245,32.9445086956086,33.2779491332231,24.1944958958346,414.200268550686,182.14062783332,151.949324570284,51.7328428985089,80.9596370126619,169.205601460884
15.1670618922563,15.1670618922563,15.1670618922563,34.4315999532365,15.1670618922563,34.8180989772595,34.3092093898431,23.5518194897533,399.515595225819,178.903457955455,164.55953917077,51.4045588123801,87.4382214467517,175.403010901131
17.6693180567309,17.6693180567309,17.6693180567309,36.0130774739479,17.6693180567309,36.3854304575364,37.3154961224059,24.920977568216,384.07829648344,204.187541017772,166.168202771146,51.7967149676895,107.853074361142,172.098728104299
18.7024117726512,18.7024117726512,18.7024117726512,35.715544804953,18.7024117726512,35.9995392207563,34.1504481928535,24.3748795478765,394.365199934823,227.049450872076,160.473638675469,51.3476258343343,93.6054424539517,183.979122252974
17.9603710527751,17.9603710527751,17.9603710527751,34.1011933413495,17.9603710527751,34.2764868427557,36.2424909511647,23.6551614386318,373.477685946864,264.585890436382,149.361080428224,51.4175661940806,87.4691843669141,177.773029129275
15.9807680971993,15.9807680971993,15.9807680971993,29.0950774506434,15.9807680971993,30.1411375395688,40.3522109831671,22.5386895359533,366.03088219445,358.07623178924,125.722523616144,50.3674564537318,81.3683409905879,165.701469749786
13.6341113629588,13.6341113629588,13.6341113629588,30.4756577856885,13.6341113629588,32.8620740322969,40.7294135392356,22.5435097210304,355.490267136675,478.618055191263,135.601088605783,49.4814875793982,70.4239770350466,181.581109299225
14.2185491225652,14.2185491225652,14.2185491225652,28.5834789033853,14.2185491225652,30.0741494333145,34.9267998096035,22.9892872494889,320.818932490492,636.875399839305,130.564742367626,43.5051307704894,88.0350879568939,169.84588118921
15.6554677493085,15.6554677493085,15.6554677493085,23.8066319982523,15.6554677493085,24.2399258575227,29.9499223644972,22.8772852078652,256.000491968009,610.54600660071,116.856362429281,54.206111664686,98.0353810138144,154.25098779489
15.5996623405092,15.5996623405092,15.5996623405092,22.9127133808684,15.5996623405092,23.2291691292722,35.8910583417483,24.7985237554717,262.220453437693,587.248162792063,137.683770231282,68.3031416883178,125.744121520163,222.008676010355
16.154116078014,16.154116078014,16.154116078014,29.7552396856543,16.154116078014,31.1820359631234,38.5696942369715,25.7715666516568,282.059063537212,759.880485974441,158.052123711283,69.3013902113401,119.516825489978,165.599188754709
17.3375533062617,17.3375533062617,17.3375533062617,35.7286856596513,17.3375533062617,37.0590553739082,39.2477182498563,26.8158452943274,263.774340231151,1036.62806035223,166.026238695173,65.7024988196543,123.08504332835,203.410896913267
18.8021646621593,18.8021646621593,18.8021646621593,39.397813965335,18.8021646621593,40.0490090686113,38.7074403337304,27.6490861701356,248.365252547361,1509.07897198354,148.641396275051,62.315168279642,162.814688729876,381.513659578437
18.4351644292948,18.4351644292948,18.4351644292948,40.2442306870724,18.4351644292948,40.7991410179653,36.9182620120733,27.2657292319139,232.728929957186,2885.80301567486,127.232581517502,64.9155545077183,193.578210729481,534.385467904793
17.2547852461428,17.2547852461428,17.2547852461428,39.0400583045882,17.2547852461428,39.7330840030639,32.0839529138189,27.3151071977513,247.290377338842,240968.942025127,126.142854794927,68.770047897069,185.346533333594,4723.40570787481
16.0359270929671,16.0359270929671,16.0359270929671,37.6063574316414,16.0359270929671,38.3455233013369,29.8254952640702,27.1316505519454,270.477151917442,7478.63765944362,131.831028640046,70.5726285007179,179.461365093807,832.70348867954
15.851358963647,15.851358963647,15.851358963647,31.120677928268,15.851358963647,32.1380048918741,21.7835937392681,26.8433544885567,266.859714870987,4392.72139578434,138.288270670148,65.4121429353854,162.338564924327,628.805112215773
18.5719150728144,18.5719150728144,18.5719150728144,31.0678623798568,18.5719150728144,31.6424477046871,32.0465149198954,26.8712390613735,310.412676705697,4201.56607552008,138.189697097106,57.0993316315172,131.879276553832,584.010208650672
18.2027276224698,18.2027276224698,18.2027276224698,35.6442509348978,18.2027276224698,36.4068750729571,37.3964319430542,27.7325508622907,364.343184539371,62264.6612316032,135.673963193233,58.5567609415403,108.387132747426,2467.57102321057
17.0118866603424,17.0118866603424,17.0118866603424,39.8116429210123,17.0118866603424,40.1861414691219,39.9512825962876,28.6198480259171,527.300464111346,3673.11243462757,149.909284516876,61.3516653130633,98.4594917011229,581.015717316197
17.5265343689371,17.5265343689371,17.5265343689371,40.9964265204652,17.5265343689371,41.1324878687701,41.4894187211345,26.8174075744486,1008.44645542189,2603.25305220856,170.104646268297,65.9433982661378,79.7492761060909,397.760133513301
18.3037473791368,18.3037473791368,18.3037473791368,38.4926835601891,18.3037473791368,38.9708568080804,41.4329294171695,26.2957095081075,1946.81363477646,2963.70065426386,211.673726447284,71.9467730525721,74.1080359789699,422.390025191691
18.0475685376091,18.0475685376091,18.0475685376091,36.5965912215681,18.0475685376091,37.3614021207821,38.7546132816271,27.7569174159344,6259.0330417068,10860.7951761572,291.927001700789,76.9609260814929,79.7679853195341,770.056583804429
18.3520654396511,18.3520654396511,18.3520654396511,37.8226053222698,18.3520654396511,38.6857561280945,40.2101948680156,28.5814727017806,1722.48931284016,11493.575366646,339.090162342688,67.9281482807683,85.2072148578504,475.108599764451
16.066456391065,16.066456391065,16.066456391065,36.9387434285401,16.066456391065,37.9229309194251,36.808905665519,30.3823019414445,2616.19344326024,6669.5194170411,320.643499341852,50.7951276727615,109.379292846809,793.819838170147
17.7980773329276,17.7980773329276,17.7980773329276,31.4962168284581,17.7980773329276,32.5529372237247,37.643378476165,29.8910906827917,1075.94345207861,1467.35544649362,262.480592399708,49.4790361138799,137.964892993692,307.570369075344
17.9299957783723,17.9299957783723,17.9299957783723,30.7451686102394,17.9299957783723,31.1675887386372,40.0599057322374,30.6271926176262,721.411876707027,1194.80144983884,249.19819524407,47.6155277625245,130.385481062445,268.080861084674
18.2342376234811,18.2342376234811,18.2342376234811,30.2803640029466,18.2342376234811,30.4993867772147,40.8137476192977,28.8705170424192,588.492869011947,1231.94968266355,239.630464753913,49.0727818697686,156.169612261856,322.613881165245
17.2097185660943,17.2097185660943,17.2097185660943,31.4184312090798,17.2097185660943,32.5722338989234,37.1552898494045,28.9894482920143,574.419030811996,1885.26132034389,216.832477041365,45.2180289375555,187.592061899318,433.935376392191
16.4978406887124,16.4978406887124,16.4978406887124,27.8739330482889,16.4978406887124,28.5498488467167,32.9299156631211,25.8847078147699,570.024590195806,1800.45294916683,209.230739766484,45.8676591689695,204.635426300507,357.761787904191
15.5435109642464,15.5435109642464,15.5435109642464,32.0672266179779,15.5435109642464,33.3930607583658,32.0873081614411,24.8639861852067,465.614779592132,1324.81958077155,227.950376047616,54.3675930633063,182.972577193096,306.523862839284
16.1173099654217,16.1173099654217,16.1173099654217,33.6630499842727,16.1173099654217,35.3449952019082,37.5536191636693,20.9678816427372,384.733346088851,1042.28743619344,248.947250440744,64.1297594930087,165.050390117313,254.238221968766
18.3747055031626,18.3747055031626,18.3747055031626,37.1334524071271,18.3747055031626,38.5194099530123,40.7985232533166,22.8245892405117,282.586482854992,745.306118430436,328.642843042248,67.2538594926062,167.717872404539,271.945897086865
19.1419553548622,19.1419553548622,19.1419553548622,37.6699244172878,19.1419553548622,38.5556906397467,40.0553565412582,21.7395866940624,208.598311985774,731.770475960841,353.636142285329,62.2005827337971,152.107899928407,268.071447700861
18.2798019396234,18.2798019396234,18.2798019396234,33.9541593025867,18.2798019396234,34.8278224103618,37.4902382220413,21.5845426040043,204.754398091372,1257.2398637435,365.78576992469,58.444961687158,118.685485751932,353.401165168986
16.2850193589628,16.2850193589628,16.2850193589628,35.6543991679383,16.2850193589628,36.4431427997447,36.2162751216075,21.7682213437826,186.288140188645,4742.8290107624,350.985843653103,61.3016691310607,83.9357915576937,633.422046554266
14.8323876668684,14.8323876668684,14.8323876668684,38.8650690687256,14.8323876668684,39.6866728016864,39.7544882585108,21.5580825989561,169.801362993479,9748.53286606609,423.068396664582,63.0685326091314,80.0362726252098,531.162484556026
18.0707461032455,18.0707461032455,18.0707461032455,38.0264818271674,18.0707461032455,38.7738345057068,39.6532880990053,20.8385811280377,165.790455811326,6951.07451826192,618.586387395118,81.9240357646272,77.1295325296673,181.111003531724
19.0444652572804,19.0444652572804,19.0444652572804,39.2433019201374,19.0444652572804,39.8956968421381,40.1291490663238,21.976782641627,172.613518516234,1515.55730335116,719.127323733363,79.2612870706895,77.2110531753026,131.349668752828
19.1349370358955,19.1349370358955,19.1349370358955,37.7098682565844,19.1349370358955,38.6658515775967,41.6208926805573,22.988303960334,185.378478423244,772.273723022545,682.737388955523,90.428380047781,78.2139118903532,135.283145874415
17.3512837516108,17.3512837516108,17.3512837516108,36.5263230379761,17.3512837516108,37.3710448094382,34.901242657216,24.0494786076371,264.228721185118,364.801761174622,493.720380963809,69.1674705407741,84.466742982917,156.297138995079
15.8419035554807,15.8419035554807,15.8419035554807,40.0839317656186,15.8419035554807,40.3454864830183,30.0899568436727,25.5264719158813,302.188987751117,269.929998270514,382.773263794184,64.4765506758842,83.4501757608118,162.811014206045
13.0270263983445,13.0270263983445,13.0270263983445,39.4421055916819,13.0270263983445,39.055244162115,31.9305018972045,21.3224638197331,765.131328428332,178.600522894971,215.328951668618,63.0638351752614,83.8303850062946,270.502289086108
14.1914289351073,14.1914289351073,14.1914289351073,34.5431250059814,14.1914289351073,34.0709685132755,34.6689085895082,21.7964489079322,1352.05995972827,179.993063243188,150.175626924026,64.9100115919847,89.1227366341427,165.907934599812
14.5323020205801,14.5323020205801,14.5323020205801,33.2336762240464,14.5323020205801,35.3906675672595,36.4297567896859,25.8684948759677,972.607981125345,230.939392004389,122.878905016828,63.3844865760176,92.9873222955567,164.812225192924
16.9840295015754,16.9840295015754,16.9840295015754,30.7542889391977,16.9840295015754,33.7028475798426,36.0482775923683,23.6082413862533,952.431889039902,211.743077427231,124.601894717896,65.8274652580716,96.9987200335638,143.992249753747
18.3741480629458,18.3741480629458,18.3741480629458,30.0071280211954,18.3741480629458,31.1284479903276,34.5898644932675,22.6125431577626,846.199214867931,183.725179711161,102.0890433048,63.177270493997,100.680929929902,135.2646910283
18.8088707022834,18.8088707022834,18.8088707022834,35.1867571168775,18.8088707022834,35.2056940078707,29.9728948356737,21.274787501195,506.410391867135,170.551005736683,145.710382241011,64.6769987222114,97.4597504333841,127.134252465656
17.3373827901198,17.3373827901198,17.3373827901198,37.995083099891,17.3373827901198,38.0231560484822,26.2242584471498,21.5673071257848,467.082382632742,171.062699361992,162.782382263121,63.5391814356754,96.8983310062326,127.164278028553
15.7373748827208,15.7373748827208,15.7373748827208,39.8854194778848,15.7373748827208,40.0369632854233,30.9971366542414,22.5629991288952,401.564051100883,188.411421149318,171.505274198409,66.976974321058,104.062068423349,130.757540878801
12.7743815827252,12.7743815827252,12.7743815827252,37.5296673936688,12.7743815827252,37.7601292785363,38.0798052429845,23.3248441411783,286.584451395056,206.288540998975,160.773761901878,64.0749461665999,117.278306190393,133.45547806284
14.7398422544493,14.7398422544493,14.7398422544493,36.5842196234081,14.7398422544493,36.8959269813607,35.0008998036563,21.2969907645107,245.154237472876,189.752395634151,150.571683420069,58.0619760771536,103.779260900722,123.965703517223
13.2738051562308,13.2738051562308,13.2738051562308,38.8764179171195,13.2738051562308,39.3963027752925,41.5545008555309,23.4067650883986,239.169020750229,196.791118884549,151.426898743327,63.8824295800596,135.99032185013,138.597211001529
15.506184988582,15.506184988582,15.506184988582,41.6545054464826,15.506184988582,41.927067558644,42.9930243581401,25.0034355119968,383.504335359418,167.277555357204,170.940151269479,66.0300772273338,176.405672153255,133.324699468089
17.9969257077644,17.9969257077644,17.9969257077644,38.5065744383205,17.9969257077644,38.6505835189253,40.1681258134097,24.8137365646575,1138.43540654936,192.617799386829,157.200520711238,71.2248917830998,233.559368031223,285.784226212153
18.2347726079511,18.2347726079511,18.2347726079511,37.9179293986537,18.2347726079511,38.1600091524931,37.4100317285952,22.9230983315815,50530026.1172948,229.803022373827,143.257759322506,73.0432111502845,284.783724886202,66291.4369605018
17.5426548029768,17.5426548029768,17.5426548029768,42.0064114120029,17.5426548029768,42.1765800635963,38.4676034856147,24.563891145682,1514.03467452229,274.642231787772,141.283800553574,88.9035813345732,376.329268380509,387.430533131807
16.8669779623891,16.8669779623891,16.8669779623891,42.8422896950335,16.8669779623891,43.0167010943236,33.8592633576151,25.497973942767,1025.07968521133,298.102927540184,136.138676775058,81.7812863170521,364.650674481023,319.687434206193
18.4652134210739,18.4652134210739,18.4652134210739,40.4429651512315,18.4652134210739,40.6632592498143,31.9527538540053,25.8742425863084,833.093393369627,317.533467259391,158.610104107138,88.9343965210853,303.334611226052,288.366772216926
17.6808665460284,17.6808665460284,17.6808665460284,36.2905539279431,17.6808665460284,36.6921512041745,29.4050874541009,27.0258395800629,1049.82864325303,398.036788000686,168.990548039749,108.864855945732,289.746283750046,306.11213576571
15.7659686481641,15.7659686481641,15.7659686481641,40.0203040306992,15.7659686481641,40.6799730553493,32.2182240789475,27.5694921436909,917.081167907371,447.137276226385,153.411075545521,111.816428324565,300.467693982071,209.890998941542
14.6978644171365,14.6978644171365,14.6978644171365,41.1818116785036,14.6978644171365,41.9868117973625,33.2078225084113,27.7105688179757,890.024617058064,718.293709931552,128.043437276503,106.095306480635,361.201738605653,246.321945763293
14.2420403773614,14.2420403773614,14.2420403773614,34.3346626455959,14.2420403773614,35.8882733564024,34.6248919483397,27.3827719088217,10517.2692014312,12626.7761446987,111.612108530725,83.5973477032179,2098.48108190772,1101.63081994231
15.4939108001844,15.4939108001844,15.4939108001844,27.467792308242,15.4939108001844,28.8834763951774,30.3201365188867,26.7166851881847,1422.78998913096,1954.58738652196,116.495882123151,65.8065739795557,2227.18737171513,434.006207707007
18.1933081258222,18.1933081258222,18.1933081258222,24.9144318744895,18.1933081258222,26.5174898266568,35.7819531799687,25.1093512307258,580.108606216531,548.730199319328,110.696857442645,84.1083937042904,736.441568426439,239.980240877862
18.6193800165032,18.6193800165032,18.6193800165032,30.8578077848412,18.6193800165032,34.6141591047779,40.561854347779,25.5556987218888,538.412834592444,422.152440698729,123.391467349536,94.1608409113284,472.932924829834,207.385103803882
17.4712878906622,17.4712878906622,17.4712878906622,36.1530003785892,17.4712878906622,39.0733313341014,42.5020055240509,26.7466778167512,535.061891200857,360.101101593558,117.350195168954,94.0268021125767,454.120521091048,230.4705138137
15.4457132902705,15.4457132902705,15.4457132902705,34.5861009211272,15.4457132902705,37.1140385059562,40.7037036851712,24.7273353490312,445.262316453207,422.677231954135,120.507204189994,87.9625728052351,1256.32878696013,210.589374943401
17.2746997411041,17.2746997411041,17.2746997411041,33.0167058944253,17.2746997411041,34.1592393578546,37.6765884349396,23.9170903508887,389.466740184258,494.078554860693,126.285559078198,82.0812668306059,1142.30190871447,181.155148660781
18.7724635036097,18.7724635036097,18.7724635036097,32.6151627932726,18.7724635036097,32.0234197133628,32.3440436813276,23.3952338938036,362.241574277265,458.683106037827,116.700219429117,87.6750921033064,1069.12618389048,168.89486961258
18.9223800842753,18.9223800842753,18.9223800842753,30.0714549030391,18.9223800842753,28.7277357533962,35.5745451772736,25.516162695341,301.332621209731,401.137297077649,123.602770845354,101.805550325634,403.242573792153,156.28962767556
17.4247921077385,17.4247921077385,17.4247921077385,28.95032652795,17.4247921077385,28.7856332367462,32.3368118859894,26.4602300709934,225.864414692871,400.568839334829,140.156836082853,104.750426151927,184.274662547423,145.879605192065
15.6075492015781,15.6075492015781,15.6075492015781,30.6198788452639,15.6075492015781,30.1158897959156,33.6240061281372,26.4222682324135,226.300770080645,445.629502469983,157.717826294376,108.981332147461,182.027202673906,148.276531208408
17.2245687901825,17.2245687901825,17.2245687901825,33.9997084464205,17.2245687901825,34.6647084654036,40.2283202684151,25.1141921541,261.937843268963,502.543906307743,204.019988091508,83.5556933565058,209.819613856464,161.83432340445
17.4663819272686,17.4663819272686,17.4663819272686,37.3841345789667,17.4663819272686,38.1347726028548,40.5444889495384,25.1416556823015,218.528506340115,470.879717312895,211.572580549516,78.7833373167289,273.703031210477,209.25602534365
18.197419257421,18.197419257421,18.197419257421,34.4305770450105,18.197419257421,35.07797492048,38.8871218370435,25.928598896274,363.643677902609,349.782339050692,248.612634430298,74.9887609713996,652.777885829986,161.013199137361
18.6114271014807,18.6114271014807,18.6114271014807,38.3767887761089,18.6114271014807,38.6519185809162,39.7286928433307,26.1932588009113,491.590343536609,275.577922469827,271.648183085256,68.0482085577897,222.008596280142,180.074986293085
18.7967221040128,18.7967221040128,18.7967221040128,42.0130371339014,18.7967221040128,41.898677300935,39.5606356945655,26.3716037577326,599.133225164884,225.340521861126,237.433778971161,74.0854205262854,214.821802863868,147.241467012574
17.8888054205243,17.8888054205243,17.8888054205243,41.9662288682231,17.8888054205243,42.0028017477996,37.9420341584192,27.1389566498162,504.328610122929,196.22273741038,369.397779546659,77.2429612640822,199.146989305408,136.211266239193
16.5310594557499,16.5310594557499,16.5310594557499,39.4121101900947,16.5310594557499,39.8727120208421,39.2678209145039,24.2002581326784,432.185983502526,292.368989432147,486.209077863155,106.119663177917,150.784416294037,163.105066222961
17.9941945737735,17.9941945737735,17.9941945737735,38.2850775100417,17.9941945737735,39.0906936887274,41.8832586548388,23.3243650265602,418.088361224806,418.128074916693,529.759926792218,81.3673230359855,134.983359576187,174.990196609055
18.1780570360998,18.1780570360998,18.1780570360998,35.9959786218062,18.1780570360998,37.4215321262117,41.969671180283,21.9704411792769,386.795010362755,421.131336383984,521.890316111326,92.5377315428668,121.481289430395,194.100435108592
18.9061549858765,18.9061549858765,18.9061549858765,28.9477473940921,18.9061549858765,31.2309794428713,39.2616952315302,26.2510821610523,308.557186357098,387.234018169084,439.067881558324,91.3510852374865,97.6369951653266,156.211454912424
17.675764723585,17.675764723585,17.675764723585,25.359860798856,17.675764723585,26.3589892486986,38.478298258842,26.9822733141767,246.003476861828,402.876207602594,339.714290472477,90.7385834418663,106.129384608117,144.979585005473
16.8628741016631,16.8628741016631,16.8628741016631,28.6054545506515,16.8628741016631,28.5949708325116,35.4495041309298,27.4044465652,247.545345721333,414.38551759965,360.788005220832,87.5663385305272,114.606648157229,145.876252760838
15.5024770338855,15.5024770338855,15.5024770338855,31.9733874556808,15.5024770338855,31.8784388263684,34.9007524488901,26.7859283759837,229.296858937538,450.68727999117,406.305336912139,88.224433657454,113.461677926185,145.886171896694
17.3906546280756,17.3906546280756,17.3906546280756,32.2392749626921,17.3906546280756,32.3055021518705,36.983967767732,26.8146328727618,201.537860772996,593.999557145268,419.993185649983,79.587943252303,112.634099822899,185.088738527936
18.4469285396978,18.4469285396978,18.4469285396978,31.4246531508445,18.4469285396978,31.4874838032145,33.755517928991,26.9771795681733,178.420933070135,938.133055053741,342.007250474773,79.2064978373739,81.2117396811255,141.777998438056
19.1943329839085,19.1943329839085,19.1943329839085,29.9615371293101,19.1943329839085,29.8714893126367,31.2658241772512,26.1878524320577,147.132853039805,1790.26348674322,316.704832053688,78.4987574298594,75.1434107925416,160.059001477076
19.0954363628437,19.0954363628437,19.0954363628437,30.6345106854024,19.0954363628437,30.3677237195723,31.9668929407324,25.9015470862027,152.055546535128,2727.37075112351,319.832883688113,78.948972645198,72.6448913587413,123.220546967387
18.0717170122012,18.0717170122012,18.0717170122012,30.2977367001431,18.0717170122012,30.0805118737131,33.5687701618121,26.5197321714073,200.925534966492,2972.81795050482,344.885022411145,78.5510023161155,70.7003215404188,378.698543739014
15.4684502736718,15.4684502736718,15.4684502736718,30.6387932913188,15.4684502736718,30.3992111266388,31.6904727061527,27.8932591998095,217.321178761842,4115.78002942365,383.988930288457,82.2417210328513,76.7590218766124,202.095829057632
13.7322239687697,13.7322239687697,13.7322239687697,30.5357166612624,13.7322239687697,30.400356528766,34.1519272267756,27.750699190509,235.633686442189,260261.436453059,385.645526412828,83.7231875026593,89.1529275649004,1926.08571828862
14.8969604070947,14.8969604070947,14.8969604070947,23.5829504467594,14.8969604070947,23.5893370865768,36.3074186751171,27.1977887937864,243.695011653185,3180.9218650875,423.035412495744,87.9681602037443,82.0985697686391,444.041492510035
14.3603627470224,14.3603627470224,14.3603627470224,24.1257685847243,14.3603627470224,23.96539193409,34.4926161823256,26.0105911509324,247.560297938402,2815.12584269218,486.939100062872,88.0081241126864,105.662744181455,342.468746524786
13.2930985790578,13.2930985790578,13.2930985790578,23.8284083052708,13.2930985790578,23.4957651051995,30.0661940364596,26.503287708906,258.015068509635,4923.96147303544,544.514277490523,78.5730813664841,101.928588936517,652.216959913706
14.5041854509261,14.5041854509261,14.5041854509261,25.2176654846241,14.5041854509261,25.6674362605284,35.9057941195599,29.3956062412182,287.655675035647,3465.14686100902,662.933480065306,89.5790802684775,99.3870670653089,557.199144560455
16.8591228215853,16.8591228215853,16.8591228215853,27.0542865541745,16.8591228215853,28.303580752157,39.3993336374422,21.6330089317375,200.674059886258,1944.44913719342,845.62279165158,85.8663204665807,233.698724703209,357.297735665918
17.984976293381,17.984976293381,17.984976293381,29.9735677059874,17.984976293381,33.1709584238549,39.5353940965831,21.7482975093577,181.399494598503,4159.83952492319,855.429613729679,81.3167834379983,374.469032663387,620.642933881134
18.4844238525665,18.4844238525665,18.4844238525665,31.932744499309,18.4844238525665,34.3179257134796,36.2745846709058,21.0847903564716,173.25997584828,5589.21780822819,835.022747538099,76.8908660201761,1055.72350592604,292.511314972307
18.4684832597562,18.4684832597562,18.4684832597562,27.4329067846924,18.4684832597562,29.1683889277561,31.6341533221355,21.2247724740129,170.305099366044,5840.90242280432,867.206090071833,80.2949336255042,459.881126938763,500.346920511817
18.0173091498055,18.0173091498055,18.0173091498055,25.935516815628,18.0173091498055,27.8980266675621,36.1212786132417,24.8050083672283,166.924576457081,1350.82925906635,960.427851350109,80.8979906316372,635.983748087632,251.778935221187
16.7119394866266,16.7119394866266,16.7119394866266,26.3157977094721,16.7119394866266,26.8953400999769,35.3920394132158,22.4575549324259,214.8911435514,509.55553035631,1797.42850845938,76.6887289206421,682.018402767892,213.675356995153
13.6074855397534,13.6074855397534,13.6074855397534,25.3263343154611,13.6074855397534,26.0791069340634,34.3545189973072,22.0916788634246,229.446778746818,353.510666341971,1040.7268271702,74.3568141847799,4087.23131302278,155.428160859216
15.2463689451638,15.2463689451638,15.2463689451638,24.499782075074,15.2463689451638,25.0230977132595,32.2134671692185,21.7895626474135,240.246653354207,302.629978621171,824.217796934543,101.88338668326,13854.2663579295,161.287869724288
17.9952234708938,17.9952234708938,17.9952234708938,28.9579397999596,17.9952234708938,29.6743086775406,33.2746516694063,21.6182192315476,206.747168079382,271.982624539285,873.947335241075,116.867921644579,1825.33860741841,159.618978204358
19.0763755009869,19.0763755009869,19.0763755009869,33.7233998387014,19.0763755009869,34.3444137970898,36.5270284530886,22.4444050267206,195.070511343352,263.007355495482,1221.18879065326,118.121990604372,1781.67736121401,159.372539209675
19.2505546790852,19.2505546790852,19.2505546790852,36.9399458174929,19.2505546790852,37.5094386016356,38.1179551265128,22.8134078344786,168.96921342376,264.803019869415,2203.18906022444,122.779382172501,1135.43184921364,162.706835742199
18.588650460382,18.588650460382,18.588650460382,37.5810120840527,18.588650460382,38.2127542143218,39.3217178640618,22.743935320847,171.217899108635,262.136269323396,3862.44431046926,126.423754613037,568.897042031316,142.24492590854
17.6157461352821,17.6157461352821,17.6157461352821,36.3519592398758,17.6157461352821,36.9804554342826,38.7380465652282,22.6162498645684,174.288011541006,241.728333050232,310745.64471408,127.287857302731,637.268413079246,138.125580806377
16.9389886368822,16.9389886368822,16.9389886368822,27.2999560293796,16.9389886368822,27.7857904622365,33.8618649902772,23.6303387691489,186.885041384224,172.088629494354,1772.16795659151,122.917382326429,268.360186934683,112.699000706085
18.5525201360191,18.5525201360191,18.5525201360191,24.7039474203512,18.5525201360191,25.2023500822891,33.6247443584116,22.1153130082715,129.826571602225,204.87397489441,1024.46673059968,143.096978292611,282.11435297459,129.607916706658
18.1177863980346,18.1177863980346,18.1177863980346,29.861792881467,18.1177863980346,30.7073321555793,36.5735120493093,23.8699814876322,153.796121514145,300.303119935691,706.346362222739,133.73482249601,363.889150465784,118.114836287535
18.2004434858961,18.2004434858961,18.2004434858961,31.555552653067,18.2004434858961,31.9835540693791,32.5690439500263,25.2601785825693,139.530150931219,281.005259148924,423.915348538002,135.034102938831,481.413675376187,165.996982017752
18.6136128252664,18.6136128252664,18.6136128252664,38.4357271478494,18.6136128252664,38.9795521306711,33.667100799039,26.2643987526643,124.671512243148,248.663965865689,233.916358365405,214.39507928095,606.663051764203,136.097395082387
16.936122952527,16.936122952527,16.936122952527,33.2218389366253,16.936122952527,33.5940640309951,31.1810215838569,29.7769102177784,132.23360925052,299.078425829817,206.322757438193,236.902461448748,594.115684300783,112.138198201125
15.8785369898591,15.8785369898591,15.8785369898591,27.1724099546859,15.8785369898591,28.033677217946,35.3182410144964,29.531029279632,137.460437378061,276.973252686511,193.875656722486,288.600065588416,387.162705347491,115.17638245484
16.5937966166294,16.5937966166294,16.5937966166294,34.4120782935786,16.5937966166294,35.5856254616443,39.1564096756329,23.5970002657038,137.176621340186,241.607311791209,198.612352029907,408.172579237611,496.108191825973,117.113164703957
17.9419829698,17.9419829698,17.9419829698,37.1450714650697,17.9419829698,38.8152983598721,41.9279303221203,24.9311602217345,132.138292995344,215.299012761266,178.934069143101,554.365668248796,351.855506758022,114.885530873405
18.4259001996899,18.4259001996899,18.4259001996899,37.0388564787528,18.4259001996899,39.2023478552421,42.6400530531281,24.3951814197162,120.921870576582,225.355077267917,156.105709808249,660.491646195454,353.79191681205,107.175283750213
19.1424256890247,19.1424256890247,19.1424256890247,35.0634894825372,19.1424256890247,37.4661284705367,41.7786167149853,23.4920138705465,110.04675273796,234.200912729509,164.524422783007,962.879097829211,352.986710726846,102.646755554369
19.2282978779775,19.2282978779775,19.2282978779775,26.1323303396481,19.2282978779775,27.5912295010559,30.9750541926514,23.1493368452082,115.704386565763,244.791723799171,182.021182495366,1282.52807566184,438.090947359813,105.522654202243
17.6837257168949,17.6837257168949,17.6837257168949,33.7587381594392,17.6837257168949,33.8974629193263,31.9503825528375,24.8987251859715,120.312787480514,231.911641650451,239.908898407863,2650.64630430329,295.179179649056,109.674665177964
15.1316035639389,15.1316035639389,15.1316035639389,29.9743196876884,15.1316035639389,29.9490523563207,30.769334823517,22.8693590983732,116.441031621179,215.550214622785,267.108423740925,7484.86516513566,259.27720423123,108.930154355729
15.9253416163731,15.9253416163731,15.9253416163731,33.2763654336822,15.9253416163731,33.5690103904308,33.1682900504774,23.155747479133,134.761033785813,228.947355320552,287.144842868276,922.42617078003,237.811387013853,114.13177439131
18.8655435798738,18.8655435798738,18.8655435798738,32.22580177545,18.8655435798738,32.6068593962198,37.1745227075913,21.7290461609755,152.92941844759,299.463575482275,387.937994196336,501.132134694665,177.660751899728,120.214730860457
18.7821608598518,18.7821608598518,18.7821608598518,32.8733419052141,18.7821608598518,33.2166622729152,36.5216695600597,22.9106797079865,151.97843945502,328.030861902282,504.831148334053,374.655323489201,175.275389409464,118.987872680548
17.6153672403578,17.6153672403578,17.6153672403578,32.6639933281864,17.6153672403578,32.978410977273,33.6948883752287,24.7015246439206,154.899563856851,325.55172837079,828.855020832674,348.213709936061,253.564247285328,147.81170354312
15.1370911765711,15.1370911765711,15.1370911765711,33.5057348712599,15.1370911765711,34.1273611538327,31.91968940776,25.3578175168589,151.151498811707,332.609312567229,1499.41220543587,308.388351973048,303.621293043246,133.258347621173
12.8987018650373,12.8987018650373,12.8987018650373,35.1696853021771,12.8987018650373,36.1872756428396,37.7156569210486,25.1677413076585,153.306792420501,444.936442894331,4202.90399807558,216.038142269297,265.671069933089,168.003563957682
15.4218974492438,15.4218974492438,15.4218974492438,34.5474890387432,15.4218974492438,35.4175824391856,37.4923671673658,25.5594871707576,167.282378629843,686.407913600123,29331.7084459857,193.506511400253,339.313522128337,217.832256449388
17.1109015491546,17.1109015491546,17.1109015491546,36.8350015151534,17.1109015491546,37.4695645896713,38.6577958363967,24.4882338735576,189.290994944993,1662.65094831262,11437.9296522412,175.642837953224,791.906301025782,403.901214965726
17.551585353746,17.551585353746,17.551585353746,38.8010603793287,17.551585353746,39.2199441598957,39.8735042165476,27.2255043207064,225.895016648986,1553623.48840828,4779.29136958177,165.388144649318,3932.66416455716,11367.8162205746
18.5882591939353,18.5882591939353,18.5882591939353,38.3218180284077,18.5882591939353,38.7716367822649,41.1430213594823,31.9102304323072,290.859163161629,1912.34624609996,2132.46409744311,147.70017788513,2416.1657017036,196.497075481528
16.5962447106039,16.5962447106039,16.5962447106039,35.2293258770795,16.5962447106039,35.3500061036232,35.2419164527765,28.9874539168248,289.000659469102,1233.62378371166,1496.28170678594,123.297092497546,2563.84318461854,168.600748423593
16.1451303501332,16.1451303501332,16.1451303501332,39.0004916432914,16.1451303501332,39.0674300195905,39.0372625584012,29.5165166164605,331.574776907705,842.740339090362,2314.49437662459,132.026627859473,13370.1170240885,191.562495180115
18.7107846745725,18.7107846745725,18.7107846745725,42.5192993990662,18.7107846745725,42.612848593375,42.7430182259517,32.7037466438909,381.208378897362,509.958898128077,21447.1908706873,152.894632516805,29623.0873664999,193.559690189643
18.6615138062486,18.6615138062486,18.6615138062486,42.4006969504154,18.6615138062486,42.5421084225547,42.8302495482761,30.8510490756146,416.854877826523,393.956298805739,39049.6254208546,142.022771893926,1752.20856393119,199.930873915643
17.4215547530804,17.4215547530804,17.4215547530804,38.4671820298652,17.4215547530804,38.6579254193205,39.1304423194297,29.3966813233504,454.76768293665,304.609059436674,9822.63490064976,118.422105674098,454.767773722197,160.519138531862
15.8576175906853,15.8576175906853,15.8576175906853,34.683877036256,15.8576175906853,34.8032105712449,35.140142957808,28.7278688937659,426.466657368237,262.582088944317,4644.68615125774,112.44591054774,374.802137733692,154.333462724567
13.7485461598339,13.7485461598339,13.7485461598339,39.4227780985442,13.7485461598339,39.7599344164902,39.6816162348967,32.1682688459159,537.72771937365,178.72799588459,2252.76376448634,125.106345855995,220.230847396351,153.579103777707
14.1215199862088,14.1215199862088,14.1215199862088,39.3993344199739,14.1215199862088,39.8344831494083,39.9218554946912,29.317676651459,687.834130891456,183.878081313076,2403.88014075271,135.788381121837,198.532735237726,262.026299443815
15.6214552760236,15.6214552760236,15.6214552760236,39.4319519135149,15.6214552760236,39.6154627536393,38.9813852041507,23.3731282298879,1430.29866126142,177.722793341044,1513.47985595421,122.984252324073,170.104100290109,139.407559263645
17.9092429095535,17.9092429095535,17.9092429095535,38.554309008826,17.9092429095535,38.8119947448079,37.7348746194967,23.4657406098869,2128.40451444388,155.577283532479,1041.85413738933,103.252553765719,143.598235021443,454.744454672186
18.9240639439845,18.9240639439845,18.9240639439845,31.9233916007673,18.9240639439845,32.7967716896334,34.071455105991,22.8581706361078,1065.64102723929,135.171284653856,588.922136853283,113.455124494659,120.61832176757,244.74857959851
17.9579887594109,17.9579887594109,17.9579887594109,28.5205694096398,17.9579887594109,29.4571332787346,29.676468664875,23.9360056266182,5369.42234389006,138.445064119146,295.046370112214,114.189998950906,166.230470733356,698.551130919271
17.0582379112538,17.0582379112538,17.0582379112538,26.9336518536905,17.0582379112538,28.0232210695259,28.7662883350188,24.1605088254267,3105.33612477462,134.817645105905,244.935486600961,113.065853939371,180.741574898045,536.570913196706
15.7981725235291,15.7981725235291,15.7981725235291,31.1490078654255,15.7981725235291,33.0512649736777,32.3657745179282,24.0133053403117,1227.95303564192,139.814835088134,220.234762864411,106.908681759448,201.928643474172,330.57710882404
15.1142173077102,15.1142173077102,15.1142173077102,37.6614658571637,15.1142173077102,39.3155326203339,39.7742302998867,23.7982773223975,1087.74769341761,164.297646363818,181.86364464885,96.9740598065407,190.640260809191,185.999636510376
15.9996824334517,15.9996824334517,15.9996824334517,36.6834536602803,15.9996824334517,37.9024364916609,40.2515169420706,23.7213514614284,792.656963266789,194.750667041556,162.957922855463,90.2983686403665,181.437225396245,149.323514920733
17.164774636115,17.164774636115,17.164774636115,36.3436555182359,17.164774636115,37.3586810429115,40.1935493888963,23.524959432782,733.647807756117,217.252047458877,175.128866626344,95.6719977182686,171.3685008088,235.111637995619
18.1368373792625,18.1368373792625,18.1368373792625,36.1457856000779,18.1368373792625,37.0061679233907,40.5969232146307,24.8224337967697,582.05313533802,235.26611960352,151.043968528607,100.338607674637,193.671638042161,157.592450240945
16.7204901739339,16.7204901739339,16.7204901739339,32.7884841941106,16.7204901739339,33.2805105204799,34.3432810236258,27.1585448806231,539.704165089594,285.377742498179,138.734592469389,92.2701291394692,236.047039380458,160.467027478294
16.1766309014344,16.1766309014344,16.1766309014344,32.9063686577863,16.1766309014344,33.8438761690543,37.841598885663,25.9094020801669,456.986437842638,301.425985999369,129.380431925915,77.6700348597156,319.182114157322,172.816301805437
17.7551480727956,17.7551480727956,17.7551480727956,32.7039382407885,17.7551480727956,34.2053974572874,40.6532474201316,25.8282199462132,443.045828590198,369.356373633999,114.651427627206,65.1060553365078,834.92509210696,192.011761747408
18.0395453011735,18.0395453011735,18.0395453011735,32.190818060425,18.0395453011735,33.7400463202561,41.0078706673286,26.9410634674704,650.82543245489,429.579948083813,97.3295199469709,79.4154610780426,386.338569959699,205.601553742029
16.7809620810935,16.7809620810935,16.7809620810935,33.460854160657,16.7809620810935,34.6719899027788,39.1406822361942,26.9655200965227,649.805591747506,423.861101853255,88.0285885079566,73.0151023472605,344.823248277626,205.730394717681
17.1092381352781,17.1092381352781,17.1092381352781,31.5684701746989,17.1092381352781,32.2966200180462,33.1969631163487,26.7824184799415,719.76178894365,481.31875875547,81.2366145892715,62.5036677337154,368.918557189057,217.874826999022
18.7379852852894,18.7379852852894,18.7379852852894,27.3981534461624,18.7379852852894,28.1786280969106,28.2295916029039,27.1327748727083,896.359868808828,617.33616742596,82.9645644572857,56.5253002692246,316.085676473419,247.012256191849
18.9648332078356,18.9648332078356,18.9648332078356,27.374119455336,18.9648332078356,29.4390336017503,27.8412357899299,26.8002273789457,1092.19570298516,584.193504995677,91.5165613787992,55.0594796989586,317.258732571927,233.175516040092
18.3317616474548,18.3317616474548,18.3317616474548,34.3612397760864,18.3317616474548,35.4816983721397,28.3997217706011,27.6102416044929,1129.47206840462,491.878877902037,109.704694809687,68.3194683245289,320.893170788604,318.145268316048
17.297155480121,17.297155480121,17.297155480121,37.8827109257316,17.297155480121,38.4071765551336,33.3914860737352,28.6666761721806,1045.05956531876,472.684481261286,118.578682936667,67.5144243063548,240.47157766666,211.536443329823
15.7298392788529,15.7298392788529,15.7298392788529,40.1850805724086,15.7298392788529,40.4036237773278,39.4912588961012,28.3722042130605,839.456519702014,479.888830071549,111.522487798826,74.5507564866076,278.940685555848,211.137484793737
16.6835400829054,16.6835400829054,16.6835400829054,41.4612477489745,16.6835400829054,41.5972127010487,40.6892048690308,29.5845193269555,795.25266819004,478.742662415936,97.0993761554279,89.6069359899553,318.927289791803,215.899371642242
15.7063092960476,15.7063092960476,15.7063092960476,39.32164066794,15.7063092960476,39.3545524147673,38.5167396382576,32.8770275488847,1471.34509374494,426.650683505855,91.6112017447926,102.144690599449,234.279138373695,224.113277677132
