"f80","LST_MODIS","land_cover_NLCD_Open.water","land_cover_NLCD_Perennial.ice..snow","land_cover_NLCD_Developed..open.space","land_cover_NLCD_Developed..low.intensity","land_cover_NLCD_Developed..medium.intensity","land_cover_NLCD_Developed..high.intensity","land_cover_NLCD_Barren.land","land_cover_NLCD_Deciduous.forest","land_cover_NLCD_Evergreen.forest","land_cover_NLCD_Mixed.forest","land_cover_NLCD_Dwarf.shrub","land_cover_NLCD_Shrub..scrub","land_cover_NLCD_Sedge..herbaceous","land_cover_NLCD_Woody.wetlands","land_cover_NLCD_Emergent.herbaceous.wetlands"
600,289.267811083934,0.0573007172670845,0.0021923056505404,0,0,0,0,1.3607281358038e-08,0,0,0,0,0,0.60985077366135,0,0.330656189813744
600,289.400806015792,0.0572175241386468,0.00151428859622822,0,0,0,0,0,0,0,0,0,0,0.679219341390929,0,0.262048845874196
600,289.523813763096,0.0573066454214373,0.00131352925471598,0,0,0,0,0,0,0,0,0,0,0.726554548591918,0,0.214825276731928
700,289.68681000816,0.0713452924541797,0.00125873150061643,0,0,0,0,0,0,0,0,0,0,0.756920198536673,0,0.170475777508531
800,289.867236554064,0.160272441733831,0.0044718977533389,0,0,0,0,1.90122280658031e-06,0,0,0,0,0,0.657677106854645,0,0.177576652435379
1100,290.024808669579,0.24350065494413,0.0223054980998615,0,0,0,0,0.0002520136970098,0,0,0,0,0,0.544747911711438,0,0.189193921547561
1300,290.09345828225,0.219212583216825,0.0432567490750344,0,0,0,0,0.000290751602977324,0,0,0,0,0,0.562653896938695,0,0.174586019166469
1400,290.134931017712,0.202747903795412,0.0647431741476834,0,0,0,0,0.000401788259692099,0,0,0,0,0,0.55786621012455,0,0.174240923672662
1400,290.187026547554,0.174843119577646,0.0693581925953658,0,0,0,0,0.000371152181015031,0,0,0,0,0,0.59439523301108,0,0.161032302634892
1400,290.234300585323,0.167608281377093,0.0699969019998098,0,0,0,0,0.000360536845869006,0,0,0,0,0,0.603190347586588,0,0.15884393219064
1400,290.252202097806,0.180287912066623,0.0634754605808137,0,0,0,0,0.000490190773424599,0,0,0,0,0,0.582171271915262,0,0.173575164663877
1600,290.244367216496,0.169747554255788,0.0639472777894875,0,0,0,0,0.00133537072075487,0,0,0,0,0,0.56341756622518,0,0.20155223100879
1800,290.208246697751,0.156177861072569,0.0638776947776157,0,0,0,0,0.00267136371773689,0,0,0,0,0,0.554069411745334,0,0.223203668686744
1900,290.213875020339,0.131315803207061,0.0571356068338002,0,0,0,0,0.00386390096545633,0,0,0,0,0,0.586469108089745,0,0.221215580903938
1900,290.243042332884,0.100592168250354,0.0595502426915123,0,0,0,0,0.00376240563927891,0,0,0,0,0,0.619624544508813,0,0.216470638910041
1600,290.33285471373,0.0641800071189444,0.0613281603406737,0,0,0,0,0.00131110553903623,0,0,0,0,0,0.673496283324567,0,0.199684443676779
1400,290.427121953859,0.0310695115362881,0.0469575920218136,0,0,0,0,0.000257653688160646,0,0,0,0,0,0.729336676791397,0,0.19237856596234
1100,290.519604609189,0.0260834340503674,0.018729055004548,0,0,0,0,0.000108369050908774,0,0,0,0,0,0.752007422453098,0,0.203071719441078
1000,290.566461877942,0.0317629305074449,0.0112621176731343,0,0,0,0,1.97037846395047e-05,0,0,0,0,0,0.711086548846411,0,0.24586869918837
900,290.602207429548,0.0323820146772194,0.00673778289986633,0,0,0,0,9.86261612341539e-06,0,0,0,0,0,0.677445998843002,0,0.283424340963789
900,290.62118321074,0.0315987892329828,0.00530447066453506,0,0,0,0,1.45754177810045e-05,0,0,0,0,0,0.652503474509924,0,0.310578690174777
900,290.631839260088,0.0448496534097676,0.00442145267427722,0,0,0,0,2.08995168415862e-05,0,0,0,0,0,0.622515307132,0,0.328192687267113
900,290.630384907068,0.0380813145390169,0.00448169358425673,0,0,0,0,0.000104112480407831,0,0,0,0,0,0.622732728913124,0,0.334600150483195
900,290.638899651728,0.0487815576699136,0.00285025563096262,0,0,0,0,4.17091425102157e-05,0,0,0,0,0,0.616909729227888,0,0.331416748328725
900,290.649765825101,0.0668525530009937,0.0017335840292783,0,0,0,0,5.94909661358312e-06,0,0,0,0,0,0.628011990975276,0,0.303395922897838
800,290.65495626407,0.0607714805281276,0.00112017793067965,0,0,0,0,2.94291924925798e-06,0,0,0,0,0,0.638814442950711,0,0.299290955671232
800,290.661330035634,0.056370319363945,0.00067197573250292,0,0,0,0,0,0,0,0,0,0,0.635765659324232,0,0.30719204557932
800,290.669324506336,0.0479106067723483,0.000459472121823487,0,0,0,0,7.70025561967974e-08,0,0,0,0,0,0.671055050487692,0,0.28057479361558
700,290.684299846653,0.0591653778889806,7.00855768832932e-05,0,0,0,0,0,0,0,0,0,0,0.679103524449549,0,0.261661012084587
700,290.692142543224,0.0402976320399433,6.49379896744493e-05,0,0,0,0,4.76010793850068e-08,0,0,0,0,0,0.697288039588996,0,0.262349342780307
700,290.701253013299,0.0381103967036159,6.4194540625146e-05,0,0,0,0,4.13272901929374e-07,0,0,0,0,0,0.670095210602577,0,0.29172978488028
700,290.707269172918,0.0294425337530612,9.67523110713378e-05,0,0,0,0,2.35924304235482e-07,0,0,0,0,0,0.658783451314535,0,0.311677026697029
800,290.7135143617,0.0204401224958751,0.000145983061682174,0,0,0,0,0,0,0,0,0,0,0.671499982738234,0,0.307913911704208
800,290.707635714516,0.000548493098110591,0.000228098522649937,0,0,0,0,0,0,0,0,0,0,0.664634120923267,0,0.334589287455972
800,290.692160065038,2.54619252960249e-06,0.00038360441078022,0,0,0,0,0,0,0,0,0,0,0.634263437851634,0,0.365350411545057
800,290.663369039834,4.52296963153087e-06,0.000553682376729924,0,0,0,0,0,0,0,0,0,0,0.611882971248281,0,0.387558823405358
800,290.604032434257,1.03035540920312e-05,0.000742455768807485,0,0,0,0,0,0,0,0,0,0,0.591863968648983,0,0.407383272028118
800,290.53635859795,2.52282289415403e-05,0.000780274034984583,0,0,0,0,0,0,0,0,0,0,0.544659394070571,0,0.454535103665503
800,290.428157279277,4.14722750696203e-05,0.00045446141491449,0,0,0,0,0,0,0,0,0,0,0.561100422835763,0,0.438403643474253
700,290.295626395017,0.000303984237177073,0.000255769312668115,0,0,0,0,0,0,0,0,0,0,0.625160053314271,0,0.374280193135884
800,290.161837867958,0.00191680685234125,0.000259192208182488,0,0,0,0,0,0,0,0,0,0,0.623847892808797,0,0.373976108130679
800,290.04138415208,0.00669343881114497,0.000298265690469667,0,0,0,0,0,0,0,0,0,0,0.629471836686581,0,0.363536458811804
900,290.046660568989,0.00644771053083746,0.000360410518492516,0,0,0,0,0,0,0,0,0,0,0.650658655111901,0,0.342533223838769
900,289.944663630853,0.0350346360651096,0.000277217015924947,0,0,0,0,9.59423195269956e-06,0,0,0,0,0,0.591859269822902,0,0.372819282864111
1000,289.859512984644,0.0894196535708036,0.000106665023935945,0,0,0,0,3.21231418825102e-05,0,0,0,0,0,0.560109891093968,0,0.35033166716941
1000,289.783971394475,0.185674402072107,3.44329375320497e-05,0,0,0,0,2.64152516071988e-05,0,0,0,0,0,0.531394538329088,0,0.282870211409666
900,289.714948408019,0.262212624292858,2.87959341194926e-05,0,0,0,0,6.61326490510097e-06,0,0,0,0,0,0.474979266317741,0,0.262772700190376
900,289.661632170457,0.321466400207143,2.57087666555867e-05,0,0,0,0,1.01001658077683e-05,0,0,0,0,0,0.378632180512998,0,0.299865610347396
800,289.64707969219,0.38265803549257,2.60904718050279e-05,0,0,0,0,1.31349894956423e-05,0,0,0,0,0,0.307950879089424,0,0.309351859956705
800,289.64494715098,0.415305951616047,2.21117600920888e-05,0,0,0,0,1.54800410574031e-05,0,0,0,0,0,0.237640775701426,0,0.347015680881378
900,289.673493063929,0.425346606980077,2.51261979191996e-05,0,0,0,0,0.000110689438120229,0,0,0,0,0,0.227596474760839,0,0.346921102623044
900,289.682688565271,0.406473880682243,1.83278750117884e-05,0,0,0,0,9.02233127256614e-05,0,0,0,0,0,0.232235069037983,0,0.361182499092036
800,289.684747956234,0.425645122551015,4.5675502443935e-06,0,0,0,0,3.14310933370786e-05,0,0,0,0,0,0.262821799645176,0,0.311497079160227
700,289.694575387137,0.398372676861636,5.61703507265178e-06,0,0,0,0,2.32769655219178e-05,0,0,0,0,0,0.332355995453276,0,0.269242433684494
700,289.703479369784,0.366398013803314,2.53650005526327e-07,0,0,0,0,7.92502765067536e-06,0,0,0,0,0,0.376757636164111,0,0.256836171354919
700,289.72646007405,0.307022593477175,0,0,0,0,0,1.19836726678559e-05,0,0,0,0,0,0.470579898840506,0,0.222385524009652
700,289.749225404719,0.228134845547886,0,0,0,0,0,2.35641346648018e-05,0,0,0,0,0,0.519555425223655,0,0.252286165093794
600,289.771206944763,0.156972533443901,0,0,0,0,0,4.26134057364805e-05,0,0,0,0,0,0.602298491937432,0,0.240686361212931
600,289.79377827923,0.0976287405818927,0,0,0,0,0,4.97473718120047e-05,0,0,0,0,0,0.672710989184115,0,0.229610522862181
700,289.818003735593,0.0891130232482952,0,0,0,0,0,6.25295607071131e-05,0,0,0,0,0,0.716773888465559,0,0.194050558725439
700,289.834312279893,0.142476256426071,0,0,0,0,0,0.000847820421091018,0,0,0,0,0,0.66595232239005,0,0.190723600762788
700,289.853734041005,0.191863188852524,5.38079983262611e-08,0,0,0,0,0.00919646926384743,0,0,0,0,0,0.601163561198279,0,0.197776726877351
700,289.859506778154,0.226228168922277,1.14839242531394e-07,0,0,0,0,0.0652398747459946,0,0,0,0,0,0.509671149044365,0,0.198860692448121
800,289.86602517539,0.240593546974326,7.74652083435322e-09,0,0,0,0,0.109150596911221,0,0,0,0,0,0.445994916092617,0,0.204260932275315
800,289.873723055383,0.258290062510574,1.11351726935985e-08,0,0,0,0,0.12017760331686,0,0,0,0,0,0.415564809056211,0,0.205967513981182
800,289.859942764296,0.234538063570864,1.13668573699068e-07,0,0,0,0,0.17025730081416,0,0,0,0,0,0.416525850376567,0,0.178678671569836
800,289.831627451426,0.226192596606287,0,0,0,0,0,0.209291164493235,0,0,0,0,0,0.408496078402947,0,0.15602016049753
800,289.810004393885,0.206416405741261,0,0,0,0,0,0.221384469040001,0,0,0,0,0,0.422525354685021,0,0.149673770533717
800,289.785399344727,0.154016079220138,0,0,0,0,0,0.253939738343744,0,0,0,0,0,0.440672056197499,0,0.151372126238619
800,289.757368889366,0.130375105627528,0,0,0,0,0,0.283800632974398,0,0,0,0,0,0.438939539389883,0,0.146884722008191
800,289.732131692134,0.122916464961555,0,0,0,0,0,0.292911036436882,0,0,0,0,0,0.451836794140896,0,0.132335704460667
700,289.699654282839,0.122284261689588,0,0,0,0,0,0.30192462570613,0,0,0,0,0,0.442520675341912,0,0.13327043726237
700,289.677609301687,0.126682081803342,0,0,0,0,0,0.325460839185787,0,0,0,0,0,0.418517366449943,0,0.129339712560928
700,289.669921474053,0.14031206030841,0,0,0,0,0,0.367111740200202,0,0,0,0,0,0.377293134588108,0,0.11528306490328
700,289.657750257516,0.136082125085414,0,0,0,0,0,0.355246430160971,0,0,0,0,0,0.374009029674205,0,0.134662415079411
700,289.669314963964,0.175049164249414,9.37099364272372e-13,0,0,0,0,0.351287611992726,0,0,0,0,0,0.332360925322248,0,0.141302298434676
700,289.707023450412,0.20074100766135,6.14191841289731e-08,0,0,0,0,0.345979841635296,0,0,0,0,0,0.305888333357215,0,0.147390755926954
700,289.749110804919,0.212345286271402,4.783860013207e-07,0,0,0,0,0.337916112516964,0,0,0,0,0,0.254130298224514,0,0.195607824601119
700,289.799456673678,0.226049157605772,1.82010806172828e-06,0,0,0,0,0.339821975719998,0,0,0,0,0,0.232940272184181,0,0.201186774381988
700,289.904774172817,0.256847652382506,2.65826861574376e-06,0,0,0,0,0.30591263972731,0,0,0,0,0,0.235846255925689,0,0.20139079369588
700,289.987018536171,0.269202238746659,9.86395715588684e-06,0,0,0,0,0.253288645202824,0,0,0,0,0,0.251010214941895,0,0.226489037151467
800,290.090583590631,0.272522635292733,1.3488346888913e-05,0,0,0,0,0.178098911479134,0,0,0,0,0,0.310828549400302,0,0.238536415480942
800,290.152346135661,0.277054892615725,1.94534199161435e-05,0,0,0,0,0.102102576284523,0,0,0,0,0,0.404693057187571,0,0.216130020492264
900,290.197736891215,0.243548096880628,7.88074675279519e-06,0,0,0,0,0.0513316375686325,0,0,0,0,0,0.50088901277274,0,0.204223372031247
900,290.225693297852,0.209658170222272,2.00675730869744e-06,0,0,0,0,0.0398170492316344,0,0,0,0,0,0.577634187304066,0,0.172888586484719
1000,290.228663356832,0.174505362528971,8.78074051572746e-07,0,0,0,0,0.0325837334591734,0,0,0,0,0,0.637592376950095,0,0.155317648987709
1000,290.200831149871,0.151887590339205,2.01230092847314e-07,0,0,0,0,0.0172330414244946,0,0,0,0,0,0.709807114679693,0,0.121072052326514
1000,290.140764625618,0.113767120648385,1.25759366039753e-06,0,0,0,0,0.0110359988772,0,0,0,0,0,0.755660386168615,0,0.11953523671214
1000,290.077157263356,0.0979328743780547,2.6594577895271e-06,0,0,0,0,0.00102114246405187,0,0,0,0,0,0.793381215260948,0,0.107662108439156
1200,290.027877289032,0.0546734772771958,1.56798126170733e-05,0,0,0,0,3.88524895072339e-05,0,0,0,0,0,0.836628467737797,0,0.108643522682883
1200,289.960527145334,0.0255494998050087,7.20872019176837e-05,0,0,0,0,3.7261381366972e-06,0,0,0,0,0,0.86209122778708,0,0.112283459067857
1300,289.940060065298,0.0260383170654092,8.17793971178781e-05,0,0,0,0,2.66445750023339e-06,0,0,0,0,0,0.864321771668891,0,0.109555467411082
1200,289.891771296092,0.0240239314825044,0.00163195075762214,0,0,0,0,8.72346159100842e-07,0,0,0,0,0,0.853428756312439,0,0.120914489101275
1200,289.838609742005,0.0407260215878612,0.0118832378284974,0,0,0,0,2.05443217414752e-07,0,0,0,0,0,0.807737925328334,0,0.13965260981209
1200,289.792856293352,0.0595043603929263,0.0172569355334771,0,0,0,0,1.1752342189113e-98,0,0,0,0,0,0.776732771118708,0,0.146505932954889
1400,289.732689537837,0.0982304494804464,0.0237177338156667,0,0,0,0,3.13385839157103e-319,0,0,0,0,0,0.726374293041854,0,0.151677523662033
1600,289.605635008743,0.151801270112868,0.0299285119995364,0,0,0,0,0,0,0,0,0,0,0.658138092488639,0,0.160132125398956
1700,289.538016905467,0.177515632948058,0.0378728461911059,0,0,0,0,3.03935005243949e-08,0,0,0,0,0,0.612293615749509,0,0.172317874717827
1600,289.537677657816,0.176397423932901,0.0305921476731667,0,0,0,0,4.64710206527959e-25,0,0,0,0,0,0.613876644691925,0,0.179133783702007
1500,289.532782713679,0.193571488829005,0.0303099892934906,0,0,0,0,1.83747666051641e-21,0,0,0,0,0,0.584586848041635,0,0.191531673835869
1600,289.472226436655,0.181902985146087,0.0311705471848895,0,0,0,0,3.53936584875356e-23,0,0,0,0,0,0.608606703530209,0,0.178319764138815
1700,289.340009686841,0.192490028134037,0.0296652481415255,0,0,0,0,5.09005893361561e-18,0,0,0,0,0,0.589478536244702,0,0.188366187479736
1700,289.274171289761,0.18293273276371,0.0153582193885081,0,0,0,0,4.02453313369645e-19,0,0,0,0,0,0.590492839484277,0,0.211216208363505
1700,289.205838912781,0.169502872695067,0.00874771118116536,0,0,0,0,8.43689208906419e-17,0,0,0,0,0,0.590435866635204,0,0.231313549488564
1700,289.143725073812,0.153713979066667,0.00669860643736574,0,0,0,0,7.95258239296598e-12,0,0,0,0,0,0.579668668224331,0,0.259918746263684
1600,289.080662428503,0.126211795633504,0.00382241194847556,0,0,0,0,5.73942939505751e-08,0,0,0,0,0,0.563337100715286,0,0.306628634308442
1500,289.039324776632,0.0781955490337368,0.0016639184178859,0,0,0,0,0.000558667008578336,0,0,0,0,0,0.594050175744486,0,0.325531689795313
1700,288.910690847061,0.0759327245962788,0.00155241444412863,0,0,0,0,0.00345321402292951,0,0,0,0,0,0.625896472360052,0,0.293165174576611
1700,288.912231208793,0.0760617276875119,0.00152323052430647,0,0,0,0,0.00336262398170276,0,0,0,0,0,0.62556778877855,0,0.293484629027929
1700,288.870497049757,0.0745303199967434,0.00708387344853861,0,0,0,0,0.00853372614738568,0,0,0,0,0,0.623361386593308,0,0.286490693814025
1600,288.839740330251,0.0686550964671011,0.0155394024787207,0,0,0,0,0.0118954712442885,0,0,0,0,0,0.613666443341719,0,0.29024358646817
1600,288.810658612547,0.0630473446373659,0.0209671185621853,0,0,0,0,0.0128088844509063,0,0,0,0,0,0.606250213881354,0,0.296926438468188
1500,288.782897416843,0.0740491278104705,0.0215231383045301,0,0,0,0,0.0125523664934817,0,0,0,0,0,0.592606465326482,0,0.299268902065036
1500,288.753883032803,0.0974523806527574,0.0192511855771656,0,0,0,0,0.0111446530443336,0,0,0,0,0,0.560895898652648,0,0.311255882073096
1500,288.724994882813,0.120231823883134,0.019191591813665,0,0,0,0,0.0105109814812804,0,0,0,0,0,0.5524478870187,0,0.29761771580322
1300,288.739386549618,0.127003108854027,0.0172146596250998,0,0,0,0,0.010854829828002,0,0,0,0,0,0.550332923485239,0,0.294594478207632
1100,288.751089856199,0.112133617426044,0.015358416516429,0,0,0,0,0.010191263183673,0,0,0,0,0,0.553969014841546,0,0.308347688032308
1000,288.743236516884,0.0986257820196509,0.0147464948070993,0,0,0,0,0.0085624820376766,0,0,0,0,0,0.570349901166386,0,0.307715339969188
1000,288.726526923167,0.0863921826604254,0.0146025056976447,0,0,0,0,0.0037808555639398,0,0,0,0,0,0.598479933760949,0,0.296744522317041
900,288.696645324394,0.0627032238330372,0.0109654642250505,0,0,0,0,0.00110687998193069,0,0,0,0,0,0.633028016792054,0,0.292196415167928
800,288.679877663325,0.0321573159141489,0.00478222475548281,0,0,0,0,0.000234369733082742,0,0,0,0,0,0.678363328638289,0,0.284462760958997
800,288.649900530017,0.0238441689102432,0.00400519963459056,0,0,0,0,0.000118846643863638,0,0,0,0,0,0.695218725785232,0,0.276813059026071
800,288.618866289512,0.0171578055395309,0.00350018743634674,0,0,0,0,4.10522743044921e-05,0,0,0,0,0,0.726804567931121,0,0.252496386818697
700,288.592540297102,0.0140919480024263,0.00328475490247914,0,0,0,0,2.36387913180609e-05,0,0,0,0,0,0.747799965866106,0,0.23479969243767
800,288.552403549431,0.0167699760266763,0.00541934689570129,0,0,0,0,1.00550891425874e-06,0,0,0,0,0,0.739994866683322,0,0.237814804885386
800,288.518822893509,0.0138976406998277,0.00492264779908936,0,0,0,0,2.22053139692074e-08,0,0,0,0,0,0.795505599070398,0,0.185674090225371
800,288.501923015958,0.00710517777523153,0.00337370293120067,0,0,0,0,1.92660655467269e-08,0,0,0,0,0,0.83674579610779,0,0.152775303919712
800,288.471479265385,0.00536993179286969,0.00208427350291929,0,0,0,0,8.09328096305381e-08,0,0,0,0,0,0.85282879318424,0,0.139716920587162
800,288.444186212539,0.00525849502699852,0.00191676152947395,0,0,0,0,3.62781924394321e-08,0,0,0,0,0,0.848619985316535,0,0.1442047218488
800,288.404870477189,0.0063890033859512,0.00230402470137944,0,0,0,0,1.28074998668959e-08,0,0,0,0,0,0.849550842777371,0,0.141756116327798
800,288.37483061234,0.00694547059284272,0.00451435834798635,0,0,0,0,7.16594796173606e-10,0,0,0,0,0,0.853874538247863,0,0.134665632094713
900,288.334548327584,0.010932322066936,0.0121561516348963,0,0,0,0,2.67169587946617e-13,0,0,0,0,0,0.827813494729125,0,0.149098031568776
900,288.294590578069,0.0236402586802918,0.0314661945600145,0,0,0,0,8.08791759922839e-25,0,0,0,0,0,0.79133927634166,0,0.153554270418033
1000,288.254598045029,0.0488411861143838,0.0673381682998562,0,0,0,0,2.83442873650534e-34,0,0,0,0,0,0.747719688254474,0,0.136100957331286
1000,288.214907284644,0.0850981529268656,0.113881431809151,0,0,0,0,1.66509487689e-58,0,0,0,0,0,0.673352086009668,0,0.127668329254315
1100,288.171155686789,0.120279506585294,0.174243640436882,0,0,0,0,1.88111804445315e-116,0,0,0,0,0,0.59466132055122,0,0.110815532426604
1300,288.062120440501,0.153499107813548,0.25138922757688,0,0,0,0,0,0,0,0,0,0,0.496852502100125,0,0.0982591625094469
1700,287.951090046332,0.202352107291022,0.278767196563469,0,0,0,0,0,0,0,0,0,0,0.42010906344107,0,0.098771632704439
2000,287.912356978273,0.217535103878998,0.259427074815329,0,0,0,0,0,0,0,0,0,0,0.402724516684016,0,0.120313304621657
2300,287.865556975556,0.248323401339069,0.249810959643159,0,0,0,0,2.67863953934984e-05,0,0,0,0,0,0.37269729228205,0,0.129141560340329
2100,287.846869380641,0.247182957762055,0.256116261088042,0,0,0,0,3.08277327431557e-07,0,0,0,0,0,0.381371435536128,0,0.115329037336448
1600,287.903174599225,0.229918198142159,0.276917264177603,0,0,0,0,0,0,0,0,0,0,0.416533355803482,0,0.0766311818767568
1600,287.876990253255,0.223973623321895,0.246007008315534,0,0,0,0,0,0,0,0,0,0,0.449562973323668,0,0.0804563950389036
1600,287.861270849685,0.224128202941932,0.215969754218639,0,0,0,0,0,0,0,0,0,0,0.46811610820419,0,0.0917859346352395
1500,287.850903177544,0.190790611241847,0.183180589622448,0,0,0,0,0,0,0,0,0,0,0.528747038371916,0,0.0972817607637887
1400,287.832221214777,0.170307074471254,0.143058206254391,0,0,0,0,0,0,0,0,0,0,0.57290427176797,0,0.113730447506385
1400,287.84474713166,0.167992797547701,0.132033681800061,0,0,0,0,0,0,0,0,0,0,0.589296737615149,0,0.11067678303709
1300,287.802112843985,0.147624657072536,0.101365028186599,0,0,0,0,0,0,0,0,0,0,0.620515886520316,0,0.130494428220548
1300,287.754922903482,0.130423346088307,0.0576940153227011,0,0,0,0,0,0,0,0,0,0,0.679091581675976,0,0.132791056913017
1200,287.701684946871,0.096559642695219,0.0368269710721492,0,0,0,0,0,0,0,0,0,0,0.731568336938865,0,0.135045049293766
1200,287.607974659768,0.0775249031290808,0.0371959380880351,0,0,0,0,0,0,0,0,0,0,0.716707194635292,0,0.168571964147592
1300,287.51730942804,0.0762789673091426,0.0522773262682645,0,0,0,0,0,0,0,0,0,0,0.681202654443305,0,0.190241051979288
1400,287.432707704761,0.0953380949398559,0.078148834537624,0,0,0,0,0,0,0,0,0,0,0.621137312430666,0,0.205375758091854
1600,287.374498938772,0.131105483158202,0.110560526368774,0,0,0,0,0,0,0,0,0,0,0.535042312024107,0,0.223291678448917
1600,287.340233021556,0.133807915803383,0.143703872634542,0,0,0,0,0,0,0,0,0,0,0.490814004163316,0,0.23167420739876
1600,287.324345751043,0.128399828414294,0.17380378755375,0,0,0,0,2.80901585055509e-09,0,0,0,0,0,0.464883457730588,0,0.232912923492352
1700,287.337764376724,0.126461021797807,0.210270813711573,0,0,0,0,2.69440734412109e-08,0,0,0,0,0,0.443420249367582,0,0.219847888178964
1700,287.367619561243,0.124750063227335,0.240635860220348,0,0,0,0,6.26648610489696e-08,0,0,0,0,0,0.430589318502634,0,0.204024695384822
1800,287.416836182234,0.121279751913238,0.235193790936675,0,0,0,0,1.33724880487088e-07,0,0,0,0,0,0.432735962895663,0,0.210790360529542
1900,287.492440871219,0.112341663299134,0.216856611602598,0,0,0,0,1.68027590372341e-07,0,0,0,0,0,0.465111440203059,0,0.205690116867617
2000,287.560811477907,0.0991847687557903,0.216939014092042,0,0,0,0,2.15932780082244e-06,0,0,0,0,0,0.477233134185953,0,0.206640923638415
2100,287.659368368529,0.0910442210264805,0.187891902582094,0,0,0,0,2.87000732676504e-05,0,0,0,0,0,0.514331591925105,0,0.206703584393053
2200,287.746627674042,0.084996963096682,0.170403060899353,0,0,0,0,6.56536828575425e-05,0,0,0,0,0,0.534212367504952,0,0.210321954816156
2200,287.736096436942,0.089667218544454,0.181173827221944,0,0,0,0,8.29525932499801e-05,0,0,0,0,0,0.519724758857037,0,0.209351242783315
2200,287.818150774947,0.0785466040922642,0.15626771229613,0,0,0,0,9.74188358264228e-05,0,0,0,0,0,0.554022882914659,0,0.211065381861121
1800,287.711622771434,0.0720450636346864,0.166219534635939,0,0,0,0,7.31136572722915e-06,0,0,0,0,0,0.545117959855494,0,0.216610130508152
1600,287.754683409781,0.0581737825623257,0.161316236329855,0,0,0,0,2.65056168149239e-05,0,0,0,0,0,0.555499323130165,0,0.22498415236084
1400,287.850833854594,0.0490576871667363,0.135049169477399,0,0,0,0,3.48202359731102e-05,0,0,0,0,0,0.569371686458207,0,0.246486636661684
1300,287.981160091722,0.0374678989350079,0.105114049231821,0,0,0,0,2.89543169833009e-05,0,0,0,0,0,0.583577454580764,0,0.273811642935424
1200,288.164738866555,0.0261516574748258,0.0741396849605746,0,0,0,0,2.66753049399492e-05,0,0,0,0,0,0.607654978116055,0,0.292027004143605
1100,288.457111852683,0.0170368289471102,0.0502035900061455,0,0,0,0,1.58453384545664e-05,0,0,0,0,0,0.614026516585231,0,0.318717219123059
1000,288.708492314569,0.00958492511118145,0.03803438541323,0,0,0,0,2.99817356605293e-06,0,0,0,0,0,0.614558920072111,0,0.337818771229912
900,289.005786118125,0.00463805402036544,0.03171890829993,0,0,0,0,2.08137092216845e-06,0,0,0,0,0,0.590609878258753,0,0.373031078050029
900,289.284102112978,0.00745842791420491,0.0249616055849025,0,0,0,0,1.57156340656616e-06,0,0,0,0,0,0.577917469060824,0,0.389660925876663
800,289.615128604443,0.00671746173417694,0.0237509169837478,0,0,0,0,1.0480837137175e-21,0,0,0,0,0,0.533175645805968,0,0.436355975476107
800,289.824452351592,0.00668823656889698,0.036228846473808,0,0,0,0,9.72351984570147e-12,0,0,0,0,0,0.485308538715703,0,0.471774378231869
800,289.983649319825,0.00734924701776171,0.0507992959898167,0,0,0,0,6.37736046980546e-09,0,0,0,0,0,0.441828614763857,0,0.500022835851204
800,290.102779267021,0.0141643544316888,0.0920638118433195,0,0,0,0,2.57618745992216e-06,0,0,0,0,0,0.360092328053595,0,0.533676929483937
800,290.159759497201,0.036181813372812,0.147325079049822,0,0,0,0,2.01554811080552e-05,0,0,0,0,0,0.27634248095264,0,0.540130471143618
800,290.175845913954,0.0773665194627134,0.205825019714698,0,0,0,0,8.3095686392234e-05,0,0,0,0,0,0.203859514006583,0,0.512865851129613
800,290.156530027452,0.125094345141153,0.234545592975635,0,0,0,0,0.000124110881795491,0,0,0,0,0,0.168509500592374,0,0.471726450409043
800,290.120861509818,0.175980404583152,0.260521906438674,0,0,0,0,0.000187640186902642,0,0,0,0,0,0.163831562117718,0,0.399478486673553
900,290.093458503268,0.200152280347517,0.264184783969005,0,0,0,0,0.000284926704947414,0,0,0,0,0,0.188089298511453,0,0.347288710467077
900,290.074523936239,0.236543980972687,0.237254300970561,0,0,0,0,0.00047922759577035,0,0,0,0,0,0.21150857747449,0,0.314213912986492
900,290.054942904122,0.225960292400742,0.206378631986723,0,0,0,0,0.000691389075780318,0,0,0,0,0,0.262880261243329,0,0.304089425293426
900,290.052984007193,0.257499317153058,0.206232322330741,0,0,0,0,0.000812105034004026,0,0,0,0,0,0.254101023907341,0,0.281355231574856
900,290.026657029054,0.216901228596551,0.159960184948128,0,0,0,0,0.000873178106237534,0,0,0,0,0,0.356378856485859,0,0.265886551863225
800,290.013897677906,0.196244790089423,0.13724974947219,0,0,0,0,0.000758964582466,0,0,0,0,0,0.425444043097734,0,0.240302452758187
800,290.001789380668,0.163974003912008,0.106329771670624,0,0,0,0,0.000622348460109474,0,0,0,0,0,0.489119712485204,0,0.239954163472054
700,289.981903400164,0.104374474837452,0.0814905324444622,0,0,0,0,0.000309813465049945,0,0,0,0,0,0.58036501562728,0,0.233460163625755
700,289.966139304746,0.0985793844883622,0.0394213371778025,0,0,0,0,0.000336730927541501,0,0,0,0,0,0.647134859851451,0,0.214527687554843
700,289.929532217678,0.0850119512826428,0.00457117411377899,0,0,0,0,0.00135431422189742,0,0,0,0,0,0.696411394850905,0,0.212651165530776
700,289.884973757699,0.0706349751150138,0.000573143807925571,0,0,0,0,0.00180952311316924,0,0,0,0,0,0.706715674733816,0,0.220266683230075
2400,289.682446022102,0.137096431479146,0.0133625544604569,0,0,0,0,0.00908044323026066,0,0,0,0,0,0.563873856708347,0,0.276586714121789
700,289.729986788937,0.0504287470957174,1.64926984390795e-05,0,0,0,0,0.00702338242585252,0,0,0,0,0,0.707864037039674,0,0.234667340740316
700,289.568016638764,0.050752271748065,6.93502626112558e-05,0,0,0,0,0.00801822125645972,0,0,0,0,0,0.700271457896824,0,0.24088869883604
700,289.403110164799,0.0439551485270547,0.000189526744058756,0,0,0,0,0.00843943559478091,0,0,0,0,0,0.709997574975597,0,0.237418314158509
700,289.230102157479,0.0450779337737841,0.000334078250280244,0,0,0,0,0.0086595353424088,0,0,0,0,0,0.727156656979226,0,0.2187717956543
800,289.068715291289,0.0651534777151332,0.000466245807005944,0,0,0,0,0.00215692503658388,0,0,0,0,0,0.657010955842804,0,0.275212395598473
800,288.910089366603,0.0793738086750623,0.000891045385361826,0,0,0,0,0.00227048013447289,0,0,0,0,0,0.62156866580359,0,0.295896000001513
800,288.900466628418,0.0897537638674221,0.000885759721181154,0,0,0,0,0.00670368137092107,0,0,0,0,0,0.594729763192744,0,0.307927031847732
900,288.80661436446,0.10236348419532,0.00134433840923109,0,0,0,0,0.00101084258409103,0,0,0,0,0,0.571413449902326,0,0.323867884909032
900,288.74331002982,0.113592344107039,0.00250255137727524,0,0,0,0,4.78006999668144e-05,0,0,0,0,0,0.585429253372695,0,0.298428050443024
900,288.768576741547,0.126105958169508,0.00374472807020469,0,0,0,0,1.39059609911189e-05,0,0,0,0,0,0.579250287922001,0,0.290885119877295
1000,288.859852962636,0.145638116802303,0.00543506036664533,0,0,0,0,6.7528220056043e-06,0,0,0,0,0,0.561897365939337,0,0.287022704069709
900,288.937014768477,0.148050126037198,0.00513941467677401,0,0,0,0,7.19450896160229e-06,0,0,0,0,0,0.557923836530648,0,0.288879428246418
900,289.160300862388,0.171769428125066,0.00582306797420565,0,0,0,0,3.42024313435557e-06,0,0,0,0,0,0.553148996267956,0,0.269255087389638
900,289.421611044556,0.200379342852977,0.00551491080185745,0,0,0,0,1.71405060883846e-06,0,0,0,0,0,0.503828997835281,0,0.290275034459275
900,289.748849630592,0.22202997838424,0.00548396954413584,0,0,0,0,5.97132436396193e-07,0,0,0,0,0,0.469750027104703,0,0.302735427834485
900,290.021244441116,0.231685816945088,0.0051572732894102,0,0,0,0,3.83522476384821e-07,0,0,0,0,0,0.444610427764779,0,0.318546098478246
900,290.361522939106,0.235218589671535,0.00397980514889988,0,0,0,0,3.98799580606514e-07,0,0,0,0,0,0.437863494498368,0,0.322937711881616
900,290.633962853992,0.261774092361719,0.00322458544578218,0,0,0,0,6.02897587952738e-07,0,0,0,0,0,0.40727282451369,0,0.32772789478122
800,290.891799046003,0.282918048361838,0.00243094763871907,0,0,0,0,5.40152261627878e-07,0,0,0,0,0,0.390237516405442,0,0.324412947441739
800,291.212117806763,0.290340666724932,0.00165674915647736,0,0,0,0,0.00305928332103145,0,0,0,0,0,0.336591150058779,0,0.36835215073878
800,291.413561864098,0.275691135032761,0.0016533151109518,0,0,0,0,0.0128972641491431,0,0,0,0,0,0.325397444742465,0,0.384360840964679
800,291.540170849547,0.256058755774397,0.00205403682096789,0,0,0,0,0.0117349121349144,0,0,0,0,0,0.334756540307955,0,0.395395754961765
800,291.637403207189,0.260530251222266,0.00227408927991036,0,0,0,0,0.0137106006080146,0,0,0,0,0,0.326367578754791,0,0.397117480135019
800,291.729268547506,0.27999142324663,0.00195701868201851,0,0,0,0,0.0160761563181918,0,0,0,0,0,0.346618604735852,0,0.355356797017307
700,291.760660890563,0.299379704673053,0.00200519733726958,0,0,0,0,0.0167541163194554,0,0,0,0,0,0.360124926392973,0,0.321736055277249
700,291.767987229671,0.324842125345477,0.00224745066081685,0,0,0,0,0.0168430411846549,0,0,0,0,0,0.339841177390433,0,0.316226205418619
700,291.742788694943,0.306287165802389,0.0111543243928394,0,0,0,0,0.0171933096726016,0,0,0,0,0,0.334304338926543,0,0.331060861205627
700,291.704665824446,0.294324521124916,0.0426144282111985,0,0,0,0,0.0150772486117176,0,0,0,0,0,0.317133905753322,0,0.330849896298846
800,291.641787727939,0.261529312063454,0.100403057459711,0,0,0,0,0.00952660843828874,0,0,0,0,0,0.307474684349404,0,0.321066337689142
800,291.61329895733,0.259432461502503,0.113244055896344,0,0,0,0,0.000334395372730525,0,0,0,0,0,0.320837436156867,0,0.306151651071555
800,291.487487439001,0.280236863685168,0.166672050066348,0,0,0,0,1.26382764475698e-10,0,0,0,0,0,0.255974317240647,0,0.297116768881455
800,291.410284719176,0.247708839537079,0.159595413021633,0,0,0,0,1.39745623915483e-21,0,0,0,0,0,0.266232322733379,0,0.326463424707909
900,291.290528701578,0.216240921621654,0.171436595236854,0,0,0,0,7.02381403701233e-32,0,0,0,0,0,0.275968962151724,0,0.336353520989768
1000,291.196093061787,0.225115240503323,0.17814519481919,0,0,0,0,1.95618571282872e-59,0,0,0,0,0,0.267836401116331,0,0.328903163561156
1100,291.137043263901,0.24259107758338,0.171613535355929,0,0,0,0,2.19733727924781e-49,0,0,0,0,0,0.272555492086539,0,0.313239894974151
1100,291.087893899244,0.269104292390938,0.137894810321,0,0,0,0,6.82877214916187e-46,0,0,0,0,0,0.285167701609658,0,0.307833195678405
1100,291.053889744432,0.305996343522151,0.11476029573,0,0,0,0,1.11644567797576e-73,0,0,0,0,0,0.290109148703041,0,0.289134212044809
1000,291.035302501456,0.326714994762454,0.0708572331868833,0,0,0,0,1.12006143699798e-117,0,0,0,0,0,0.305738251448631,0,0.296689520602033
1000,291.017119208988,0.353068349409422,0.0352177122733605,0,0,0,0,1.60590598546772e-214,0,0,0,0,0,0.312237362572637,0,0.29947657574458
1000,291.005609564112,0.412109898632892,0.0210874570365117,0,0,0,0,0,0,0,0,0,0,0.294877279204646,0,0.27192536512595
1000,290.998203976435,0.492950987282193,0.0150497400072832,0,0,0,0,0,0,0,0,0,0,0.257006974909806,0,0.234992297800718
1000,290.987698285018,0.526829907411137,0.0130977340663616,0,0,0,0,0,0,0,0,0,0,0.228167037521873,0,0.231905321000628
900,290.979586278769,0.526746359074751,0.00996058302288991,0,0,0,0,0,0,0,0,0,0,0.209353458786559,0,0.2539395991158
900,290.94396925604,0.505016516860688,0.00968439094873648,0,0,0,0,0,0,0,0,0,0,0.193087486720288,0,0.292211605470287
900,290.898832816713,0.484336688353726,0.0089964618780785,0,0,0,0,0,0,0,0,0,0,0.176428318146519,0,0.330238531621676
1000,290.831579862638,0.475095763106165,0.0115886343630449,0,0,0,0,0,0,0,0,0,0,0.148674934546171,0,0.364640667984619
1100,290.750089844403,0.472863772878338,0.0141149926075685,0,0,0,0,0,0,0,0,0,0,0.143582998927378,0,0.369438235586715
1000,290.671832535853,0.432406058285267,0.0134628756460206,0,0,0,0,0,0,0,0,0,0,0.163899037566324,0,0.390232028502388
1000,290.538650443271,0.376055772226776,0.0144888143179414,0,0,0,0,0,0,0,0,0,0,0.201177918891576,0,0.408277494563707
1100,290.432447833063,0.357063303011517,0.0174172108032798,0,0,0,0,0,0,0,0,0,0,0.202628421797826,0,0.422891064387377
1100,290.266438775787,0.372463021210698,0.0244957065887916,0,0,0,0,0,0,0,0,0,0,0.211779830988897,0,0.391261441211613
1100,290.081657342121,0.361495734383457,0.0366877413303837,0,0,0,0,0,0,0,0,0,0,0.230734321714949,0,0.37108220257121
1100,289.913070746541,0.379304976392537,0.0520304461814983,0,0,0,0,0,0,0,0,0,0,0.246974208405391,0,0.321690369020574
1200,289.737425357204,0.339436700688599,0.0838217972145028,0,0,0,0,0,0,0,0,0,0,0.273588884374313,0,0.303152617722585
1300,289.557465944692,0.286068751515707,0.137563440540311,0,0,0,0,0,0,0,0,0,0,0.306841999621759,0,0.269525808322224
1300,289.554301780693,0.272582304449683,0.146287489701534,0,0,0,0,0,0,0,0,0,0,0.299902746355472,0,0.281227459493311
1400,289.376175647418,0.252029544766107,0.21180350274546,0,0,0,0,0,0,0,0,0,0,0.310634411958849,0,0.225532540529584
1600,289.205727455471,0.23367001844367,0.310250023663546,0,0,0,0,1.30271594317037e-10,0,0,0,0,0,0.275549891605718,0,0.180530066156794
1700,289.126631792819,0.217518521109736,0.375244341331889,0,0,0,0,1.74919264711796e-09,0,0,0,0,0,0.249155447368031,0,0.158081688441151
1900,289.076044332804,0.195252072960491,0.426413554719456,0,0,0,0,1.52513069553984e-05,0,0,0,0,0,0.225770800204788,0,0.152548320808309
2100,289.079435841935,0.170463315047224,0.449552678550921,0,0,0,0,0.000644836000962031,0,0,0,0,0,0.21128515368844,0,0.168054016712453
2400,289.10193196212,0.141313552315166,0.456069214940876,0,0,0,0,0.00419862976426028,0,0,0,0,0,0.201144307071435,0,0.197274295908262
2300,289.087567545187,0.137657229264159,0.458154239170764,0,0,0,0,0.00276301592255654,0,0,0,0,0,0.203214946623353,0,0.198210569019166
2000,289.059045209112,0.154666440854313,0.450210207977823,0,0,0,0,0.000330496091804412,0,0,0,0,0,0.224316445318105,0,0.170476409757955
2000,289.058342638093,0.171612601237889,0.433283731230111,0,0,0,0,0.000268031931525175,0,0,0,0,0,0.235929719540327,0,0.158905916060148
1200,289.02356985416,0.204526391549247,0.200435402571357,0,0,0,0,0,0,0,0,0,0,0.430286205943732,0,0.164751999935664
1000,289.038408191774,0.181832851740654,0.116311320153932,0,0,0,0,0,0,0,0,0,0,0.507394994399,0,0.194460833706413
900,289.060936281799,0.156386567252368,0.079197111900981,0,0,0,0,0,0,0,0,0,0,0.547292436064436,0,0.217123884782215
900,289.095826276653,0.11557138520027,0.0587287731910047,0,0,0,0,0,0,0,0,0,0,0.585261945816016,0,0.240437895792709
900,289.144227554957,0.0720018678125418,0.0296801609396997,0,0,0,0,0,0,0,0,0,0,0.590570607631942,0,0.307747363615816
800,289.20298780947,0.0328593557293315,0.0138334272320187,0,0,0,0,0,0,0,0,0,0,0.538086262419111,0,0.415220954619539
800,289.255945491127,0.0201006720787091,0.00703024646800691,0,0,0,0,7.53873093809394e-08,0,0,0,0,0,0.46921120268153,0,0.503657803384444
700,289.296827009127,0.0121709461967072,0.00382568947585237,0,0,0,0,3.22706560317767e-06,0,0,0,0,0,0.432173876887979,0,0.551826260373859
700,289.318759243684,0.0380905311813249,0.00269963432948415,0,0,0,0,2.41554557973958e-05,0,0,0,0,0,0.343746462235435,0,0.615439216797958
700,289.320268505071,0.0724937789823777,0.00210716666955514,0,0,0,0,5.71184662261028e-05,0,0,0,0,0,0.262473352926931,0,0.66286858295491
700,289.319713893876,0.103714373482131,0.00147404993615846,0,0,0,0,0.000155195643571975,0,0,0,0,0,0.190035086349685,0,0.704621294588453
700,289.294183726746,0.131292229590707,0.00124842521436859,0,0,0,0,0.000370852761985435,0,0,0,0,0,0.111352357625594,0,0.755736134807345
700,289.242239039726,0.161682227645439,0.00105465037117823,0,0,0,0,0.00068178191934631,0,0,0,0,0,0.0378118240734721,0,0.798769515990565
700,289.169010492742,0.174636835051048,0.000762162688054519,0,0,0,0,0.000954158236981789,0,0,0,0,0,0.0258749442924209,0,0.797771899731495
700,289.087252149235,0.169151191781232,0.000476313519469808,0,0,0,0,0.0010353602925379,0,0,0,0,0,0.0254149006178191,0,0.803922233788941
700,289.018456079875,0.17798380541908,0.000140706013171007,0,0,0,0,0.000548970033790265,0,0,0,0,0,0.0242433927808209,0,0.797083125753137
700,288.931559579606,0.163353509624137,4.58034063229341e-05,0,0,0,0,0.000743880323552804,0,0,0,0,0,0.0340621236603912,0,0.801794682985596
700,288.853235284026,0.150076623872074,2.25486394105691e-05,0,0,0,0,0.00095477899746877,0,0,0,0,0,0.0496986468923126,0,0.799247401598734
600,288.797387124384,0.106035105989832,1.00436685918306e-05,0,0,0,0,0.00197327353231953,0,0,0,0,0,0.0792351849079784,0,0.812746391901278
600,288.730897565018,0.0649210864133027,4.57029444004491e-07,0,0,0,0,0.004847921544673,0,0,0,0,0,0.115844717084124,0,0.814385817928456
600,288.693458963399,0.0464575333753978,2.21190651842963e-06,0,0,0,0,0.0147507165246327,0,0,0,0,0,0.18055897820353,0,0.758230559989922
600,288.672179848991,0.00833353313366931,1.50339033511175e-07,0,0,0,0,0.0442487583783178,0,0,0,0,0,0.250364830224057,0,0.697052727924923
600,288.663120865694,0.0031062570696849,6.94968726289379e-07,0,0,0,0,0.119550482472343,0,0,0,0,0,0.33010994448789,0,0.547232621001355
600,288.667366580522,0.0228342549367555,4.11331271182831e-07,0,0,0,0,0.227752278407934,0,0,0,0,0,0.32150028634541,0,0.427912768978629
600,288.674644770634,0.0428938792463857,7.43889606216853e-07,0,0,0,0,0.332731069378074,0,0,0,0,0,0.291976969890417,0,0.332397337595517
700,288.6808344455,0.0837590702890752,1.16212738570165e-05,0,0,0,0,0.416291299501311,0,0,0,0,0,0.306442729205144,0,0.193495279730613
700,288.681142161718,0.116773063107831,7.87786195827954e-06,0,0,0,0,0.532893597315145,0,0,0,0,0,0.233155110900527,0,0.117170350814539
800,288.676014559021,0.112951110384848,2.77058479569338e-06,0,0,0,0,0.645395713689434,0,0,0,0,0,0.183832269284138,0,0.0578181360567845
800,288.669478711619,0.118528449695406,1.79560177725609e-06,0,0,0,0,0.716938190850126,0,0,0,0,0,0.143152438838907,0,0.0213791250137838
800,288.656446113663,0.150835369835868,6.89900957570392e-06,0,0,0,0,0.741816307542786,0,0,0,0,0,0.0933821517182085,0,0.0139592718935615
800,288.633095247793,0.154236529334366,7.68284645047716e-06,0,0,0,0,0.717687698372424,0,0,0,0,0,0.0984161352078619,0,0.0296519542388981
900,288.604973908963,0.170215840692343,2.30452901207492e-05,0,0,0,0,0.634563426203401,0,0,0,0,0,0.13591024857197,0,0.0592874392421652
900,288.571645818607,0.175822882143996,7.93661010371413e-06,0,0,0,0,0.52762600971998,0,0,0,0,0,0.197874162893359,0,0.0986690086325604
900,288.541035646749,0.144507408843177,6.13156785495844e-06,0,0,0,0,0.453707071381488,0,0,0,0,0,0.253795930324528,0,0.147983457882952
1000,288.494024115336,0.098896331128948,4.52014142741033e-06,0,0,0,0,0.368571267661023,0,0,0,0,0,0.327331227900126,0,0.205196653168475
1000,288.443422262042,0.0876577618465903,7.56124742865688e-06,0,0,0,0,0.259493613206684,0,0,0,0,0,0.406643193632787,0,0.24619787006651
1100,288.377261286247,0.0719066285797449,4.93007095220645e-06,0,0,0,0,0.152234798921126,0,0,0,0,0,0.47531170453193,0,0.300541937896247
1700,288.170517171136,0.0376185782911013,4.3961370766039e-14,0,0,0,0,0.0477971761662787,0,0,0,0,0,0.5456270610287,0,0.368957184513876
1700,288.130764786083,0.0341314755178685,1.71756381271627e-13,0,0,0,0,0.0174811434907894,0,0,0,0,0,0.541690968758587,0,0.406696412232583
1100,288.267765315735,0.0465800691623859,1.97985452017505e-05,0,0,0,0,0.00639113283989526,0,0,0,0,0,0.498483401878767,0,0.44852559757375
1000,288.254712257781,0.0480327580801066,0.000160243748412351,0,0,0,0,0.000292442901378273,0,0,0,0,0,0.490849068489133,0,0.460665486780969
1000,288.236108993103,0.0712551052831574,0.00133881561585798,0,0,0,0,5.53041993175449e-15,0,0,0,0,0,0.501998103221122,0,0.425407975879857
1000,288.20260825551,0.0793751413892994,0.00545184158117071,0,0,0,0,5.07367747889099e-22,0,0,0,0,0,0.483650539318528,0,0.431522477711001
1000,288.168033210771,0.0903728012955662,0.0140233340653048,0,0,0,0,2.7242444211811e-53,0,0,0,0,0,0.472563021084831,0,0.423040843554298
1000,288.135496805663,0.0927145754840228,0.0522120152904851,0,0,0,0,2.10744226756783e-63,0,0,0,0,0,0.455810394512059,0,0.399263014713433
1000,288.112471779465,0.101989542091978,0.112781198603505,0,0,0,0,3.54087105837151e-134,0,0,0,0,0,0.413606141838083,0,0.371623117466434
1100,288.087429871451,0.127751713148887,0.181747552046524,0,0,0,0,4.25702805275127e-85,0,0,0,0,0,0.364029137229461,0,0.326471597575127
1100,288.073168218105,0.183592350989456,0.215541630859374,0,0,0,0,5.07645256722745e-108,0,0,0,0,0,0.332716871290258,0,0.268149146860911
1300,288.046506151343,0.244022363603372,0.171192169681278,0,0,0,0,1.47796180885875e-171,0,0,0,0,0,0.338191734347945,0,0.246593732367406
1400,288.04969150621,0.306218281088296,0.165637790649554,0,0,0,0,1.13404164710893e-145,0,0,0,0,0,0.306890505588935,0,0.221253422673214
1500,288.042211654856,0.307714319241404,0.183952675988801,0,0,0,0,2.34699413435017e-177,0,0,0,0,0,0.300778041755206,0,0.207554963014589
1300,288.065733366388,0.376821511797562,0.166596650657978,0,0,0,0,0,0,0,0,0,0,0.272434468913911,0,0.184147368630548
1200,288.090380390674,0.435535172403478,0.176471754880879,0,0,0,0,0,0,0,0,0,0,0.241815024521197,0,0.146178048194446
1100,288.111183270944,0.475589875682875,0.155831658642916,0,0,0,0,0,0,0,0,0,0,0.240105678212303,0,0.128472787461907
1000,288.127222980174,0.467680485388236,0.120865166854882,0,0,0,0,0,0,0,0,0,0,0.280672171222585,0,0.130782176534298
1000,288.137505596526,0.51842967958288,0.0657999178057006,0,0,0,0,0,0,0,0,0,0,0.284349659651925,0,0.131420742959495
1000,288.148370464413,0.474958190544734,0.0546862533168546,0,0,0,0,0,0,0,0,0,0,0.325101878088901,0,0.14525367804951
900,288.171398632991,0.41822378994074,0.0229147501200163,0,0,0,0,0,0,0,0,0,0,0.386689392346677,0,0.172172067592567
800,288.193244960531,0.370312209580169,0.00282591746504511,0,0,0,0,0,0,0,0,0,0,0.438878024695692,0,0.187983848259094
800,288.199198106748,0.327403446832865,0.00131664989320503,0,0,0,0,0,0,0,0,0,0,0.457290134724062,0,0.213989768549869
800,288.205928012413,0.282115358588583,0.000399035009183196,0,0,0,0,0,0,0,0,0,0,0.489062437700668,0,0.228423168701566
800,288.206736413635,0.264923105744079,7.89527379183038e-06,0,0,0,0,0,0,0,0,0,0,0.479867663293017,0,0.255201335689112
800,288.198388659076,0.204203395781041,2.31912449159679e-07,0,0,0,0,0,0,0,0,0,0,0.51355529462549,0,0.28224107768102
800,288.181749875266,0.153816443253787,6.50804636353915e-11,0,0,0,0,0,0,0,0,0,0,0.554585298879537,0,0.291598257801596
800,288.183862335881,0.140191121371014,4.68292958457386e-11,0,0,0,0,0,0,0,0,0,0,0.576977585925761,0,0.282831292656396
800,288.144751750633,0.141489354884351,1.99577811593311e-16,0,0,0,0,0,0,0,0,0,0,0.60252966512349,0,0.255980979992159
800,288.112681366081,0.16585120176955,2.22218120386669e-17,0,0,0,0,0,0,0,0,0,0,0.597082617141141,0,0.237066181089309
700,288.060498106921,0.148966814724432,7.03875401453388e-11,0,0,0,0,0,0,0,0,0,0,0.653062932588787,0,0.197970252616393
700,288.007022334776,0.154202520789811,1.94447155316945e-08,0,0,0,0,0,0,0,0,0,0,0.681994275849254,0,0.163803183916219
700,287.952149339729,0.112981853673734,0.000897672141121078,0,0,0,0,0,0,0,0,0,0,0.761367784054888,0,0.124752690130257
700,287.892348213033,0.0613963665026345,0.000945073230767851,0,0,0,0,0,0,0,0,0,0,0.830242678805692,0,0.107415881460905
600,287.832027905942,0.0133111466336368,0.00090197289632654,0,0,0,0,0,0,0,0,0,0,0.903164635378785,0,0.0826222450912514
600,287.757163446379,0.0030741227559912,0.0020058023504882,0,0,0,0,0,0,0,0,0,0,0.952633622782218,0,0.0422864521113021
500,287.706758499262,0.0041233679893857,0.00204895704420293,0,0,0,0,0,0,0,0,0,0,0.977016277499671,0,0.0168113974667403
500,287.672766776607,0.00450333653479967,0.00167269561456246,0,0,0,0,0,0,0,0,0,0,0.980961819961625,0,0.0128621478890133
500,287.588062943544,0.00766297806814813,0.00214382870945158,0,0,0,0,0,0,0,0,0,0,0.954683515234523,0,0.0355096779878773
500,287.559744564721,0.00411319930051216,0.00114926659124716,0,0,0,0,0,0,0,0,0,0,0.973744734144292,0,0.0209927999639489
500,287.49230454335,0.00670662625650719,7.80492168803697e-05,0,0,0,0,0,0,0,0,0,0,0.891172264440103,0,0.102043060086509
500,287.44117623777,0.00296609377700153,0.000619732569565288,0,0,0,0,0,0,0,0,0,0,0.856756104932347,0,0.139658068721086
500,287.404378729018,0.00287400517361903,0.00189817036136207,0,0,0,0,0,0,0,0,0,0,0.807754453167228,0,0.187473371297791
500,287.373487997356,0.00921036495710428,0.0132002080612964,0,0,0,0,0,0,0,0,0,0,0.724098121925752,0,0.253491305055848
500,287.355419846033,0.0215188161288649,0.0369361248796943,0,0,0,0,0,0,0,0,0,0,0.656751634288942,0,0.284793424702499
500,287.341675584756,0.0245459281577285,0.0497115922926927,0,0,0,0,0,0,0,0,0,0,0.611129713754798,0,0.314612765794781
600,287.334639856183,0.0220194250491773,0.126936927934432,0,0,0,0,0,0,0,0,0,0,0.543279964946994,0,0.307763682069396
600,287.326601849353,0.0268375895484486,0.162986418991293,0,0,0,0,0,0,0,0,0,0,0.500069860005504,0,0.310106131454754
1900,287.106584517282,0.0104534782589998,0.183865031040636,0,0,0,0,0,0,0,0,0,0,0.469873058256327,0,0.335808432444037
2000,287.021086620541,0.0145698537430545,0.234028084573483,0,0,0,0,0,0,0,0,0,0,0.423566655070671,0,0.327835406612791
2100,286.889276046804,0.0328925382202666,0.408148318586953,0,0,0,0,0,0,0,0,0,0,0.267510964205739,0,0.291448178987041
2200,286.821111500533,0.0362705310254295,0.403434896187541,0,0,0,0,0,0,0,0,0,0,0.262080004116173,0,0.298214568670856
2400,286.70634267321,0.0729558839857073,0.426275570545002,0,0,0,0,0,0,0,0,0,0,0.222755844477636,0,0.278012700991654
2400,286.630612483966,0.112221427154321,0.403874908502277,0,0,0,0,0,0,0,0,0,0,0.211909469907583,0,0.27199419443582
2400,286.617177406687,0.112019245474748,0.410651839455392,0,0,0,0,0,0,0,0,0,0,0.21358836704694,0,0.263740548022921
2400,286.5726697416,0.169679522878574,0.388648682077073,0,0,0,0,0,0,0,0,0,0,0.194760128718003,0,0.246911666326351
2300,286.56592971765,0.177642896688488,0.395052182834176,0,0,0,0,0,0,0,0,0,0,0.191346786277603,0,0.235958134199733
2300,286.565338887209,0.201528994130571,0.393313418356305,0,0,0,0,0,0,0,0,0,0,0.175458171220053,0,0.229699416293071
2300,286.55690647989,0.237704841209024,0.382328406083188,0,0,0,0,0,0,0,0,0,0,0.163106753441552,0,0.216859999266236
2200,286.589086749157,0.250090913322159,0.368415543480169,0,0,0,0,0,0,0,0,0,0,0.164981815957409,0,0.216511727240263
2000,286.627190053204,0.309396340605658,0.348996803830312,0,0,0,0,0,0,0,0,0,0,0.137101775268812,0,0.204505080295218
1900,286.637475681248,0.350264329335583,0.341677106640254,0,0,0,0,0,0,0,0,0,0,0.11445457463616,0,0.193603989388003
1800,286.640734390137,0.425969725273024,0.296162242814547,0,0,0,0,0,0,0,0,0,0,0.0804999007952115,0,0.197368131117217
1600,286.657286757247,0.478157643137266,0.248582373160081,0,0,0,0,0,0,0,0,0,0,0.0533363662793033,0,0.219923617423349
1600,286.62120625854,0.48756982198741,0.201740218336741,0,0,0,0,0,0,0,0,0,0,0.0480028709976937,0,0.262687088678155
500,286.709630290574,0.229101391161451,0.00194063362354229,0,0,0,0,0,0,0,0,0,0,0.13051154889088,0,0.638446426324127
500,286.656149021721,0.150141293029377,0.00121112839415022,0,0,0,0,0,0,0,0,0,0,0.18454117678394,0,0.664106401792533
500,286.608832307384,0.0508364006023409,0.000379765027125067,0,0,0,0,0,0,0,0,0,0,0.22159020513766,0,0.727193629232874
500,286.574521854838,0.0298689527863444,0.00016949542500612,0,0,0,0,0,0,0,0,0,0,0.285540792180153,0,0.684420759608496
500,286.547272499065,0.0131635797563807,6.25536261085165e-05,0,0,0,0,0,0,0,0,0,0,0.305239417326805,0,0.681534449290706
500,286.534936573543,0.0053256317714308,2.14834984355087e-05,0,0,0,0,0,0,0,0,0,0,0.347085500976436,0,0.647567383753698
500,286.531341405181,0.00361555066310961,5.76936494547215e-06,0,0,0,0,0,0,0,0,0,0,0.450664578397537,0,0.545714101574408
500,286.518391776894,0.000729952788715563,0,0,0,0,0,0,0,0,0,0,0,0.545743699906431,0,0.453526347304853
500,286.521952981069,0.000389048630326607,2.2338589566835e-08,0,0,0,0,0,0,0,0,0,0,0.644912820271588,0,0.354698108759496
400,286.534806173103,0.000131264339246457,7.13987906772319e-08,0,0,0,0,0,0,0,0,0,0,0.71447503285753,0,0.285393631404433
400,286.555363821814,5.23685837364967e-05,2.3613845803659e-09,0,0,0,0,0,0,0,0,0,0,0.717567831450306,0,0.282379797604573
1200,286.594554649508,0.00742770656383217,2.84246036115855e-06,0,0,0,0,0,0,0,0,0,0,0.549952373417195,0,0.442617077558611
1300,286.592325268796,0.00419340377242204,8.61084901736179e-06,0,0,0,0,0,0,0,0,0,0,0.508416159699748,0,0.487381825678813
1400,286.576961093905,0.0102065117222773,0.00514828207005084,0,0,0,0,0,0,0,0,0,0,0.390150212628554,0,0.594494993579118
1500,286.554822878475,0.0333797995113708,0.0320559058090926,0,0,0,0,0,0,0,0,0,0,0.320262537728215,0,0.614301756951321
1700,286.474634496969,0.103293144553863,0.176803798322907,0,0,0,0,0,0,0,0,0,0,0.227551850699274,0,0.492351206423957
1700,286.42833183472,0.174735926567806,0.156524309424249,0,0,0,0,0,0,0,0,0,0,0.180959763024924,0,0.487780000983021
1800,286.350936257698,0.228610601509798,0.0555411216623867,0,0,0,0,0,0,0,0,0,0,0.155317540969912,0,0.560530735857903
1800,286.285581316293,0.217071907383739,0.0380682451966087,0,0,0,0,0,0,0,0,0,0,0.149295046317465,0,0.595564801102186
1800,286.233908070404,0.219045487778563,0.0348649070686792,0,0,0,0,0,0,0,0,0,0,0.156439504929818,0,0.58965010022294
600,286.551986030891,0.00154408029933008,0.000161960895309131,0,0,0,0,0,0,0,0,0,0,0.138021707489207,0,0.860272251316154
500,286.490282705267,0.00137940776901533,0.000119471605973816,0,0,0,0,0,0,0,0,0,0,0.117431354577349,0,0.881069766047662
500,286.475611097793,0.00136878880382088,7.47428773910627e-05,0,0,0,0,0,0,0,0,0,0,0.105052267900711,0,0.893504200418077
500,286.454004486283,0.00134528556780035,6.43232745139483e-05,0,0,0,0,0,0,0,0,0,0,0.0849594661458963,0,0.913630925011789
600,286.410002223461,0.00129018431492923,4.80703218118744e-05,0,0,0,0,0,0,0,0,0,0,0.0769566552639489,0,0.92170509009931
600,286.366354695145,0.00132220624480598,2.50103026661214e-05,0,0,0,0,0,0,0,0,0,0,0.0994551851984971,0,0.899197598254031
600,286.321987991463,0.00115198143773611,1.10537213486564e-05,0,0,0,0,0,0,0,0,0,0,0.113968657321203,0,0.884868307519712
600,286.281243829598,0.00122642493287593,1.06615685278683e-05,0,0,0,0,0,0,0,0,0,0,0.157296226326532,0,0.841466687172064
600,286.241140861852,0.00227653802946621,0.000150992757537018,0,0,0,0,0,0,0,0,0,0,0.240695681562131,0,0.756876787650866
600,286.197593315092,0.00382904775002442,0.000589857883364972,0,0,0,0,0,0,0,0,0,0,0.321114035554753,0,0.674467058811858
600,286.162670611915,0.00665802487836259,0.00108014006778864,0,0,0,0,0,0,0,0,0,0,0.354688890035628,0,0.637572945018221
600,286.125574248954,0.0141099453368793,0.00388141807549084,0,0,0,0,0,0,0,0,0,0,0.417725498217512,0,0.564283138370118
600,286.118755413684,0.0140080902098353,0.00359608981790686,0,0,0,0,0,0,0,0,0,0,0.441654081736386,0,0.540741738235872
600,286.082210841226,0.0122221776516549,0.00442690570583397,0,0,0,0,0,0,0,0,0,0,0.557329614552323,0,0.426021302090189
500,286.041768593618,0.0118159035729421,0.00565968121537005,0,0,0,0,0,0,0,0,0,0,0.679316384201829,0,0.303208031009859
500,286.009897336742,0.0102269560171832,0.00447392281898707,0,0,0,0,0,0,0,0,0,0,0.723595605920138,0,0.261703515243692
500,285.948716685401,0.0131914345781484,0.00652676644644723,0,0,0,0,0,0,0,0,0,0,0.747716000051061,0,0.232565798924343
500,285.882636929311,0.0249665042756145,0.0133858817510977,0,0,0,0,0,0,0,0,0,0,0.723288977800372,0,0.238358636172916
