"w_met","u_met","v_met","uv_met","T_air","T_v_0","FD_mole_H2O","FD_mole_CH4"
0.257233052826858,0.610242045119016,0.570968419496707,0.556808948023414,0.157395762321743,0.159351510969931,8.44208095153191e-05,5.41300394015279e-09
0.267223783736418,0.593231044772417,0.57473512090484,0.5457966770858,0.155123691622052,0.157198428370796,8.42506139098651e-05,5.3397383126362e-09
0.277021449685137,0.585596043615367,0.573874147280195,0.540690248598364,0.153825832188307,0.155952028253403,8.39263950938614e-05,5.31725555470421e-09
0.292536878925454,0.58492922603303,0.572674128889938,0.539541707485741,0.152899574439341,0.155054621480768,8.35991993108839e-05,5.32460125343556e-09
0.305313898802779,0.581106182478489,0.565506853293432,0.533221801895973,0.151459487972403,0.153632315372114,8.23579321546321e-05,5.49553925202955e-09
0.311034932540136,0.571303842291698,0.554290685918843,0.522372383521432,0.150036521647715,0.152201836081293,8.09508102734117e-05,5.4965913904739e-09
0.311719623114742,0.56509262290459,0.546321071687336,0.5153882600784,0.149235992883878,0.151392951673016,7.97742451466629e-05,5.49681491867572e-09
0.309180296296687,0.559347205627734,0.536644009088473,0.510953609571148,0.148308638889307,0.150467672567486,7.83924651891928e-05,5.51743376033851e-09
0.301876835501205,0.55411630851605,0.531517371731774,0.507288050154073,0.147539040905574,0.149713451665238,7.78122282807282e-05,5.53651098931201e-09
0.294035129099684,0.550727768080897,0.527272691558939,0.504952487180447,0.146816026268093,0.149010698545675,7.74895451321525e-05,5.50111632081497e-09
0.278801161809017,0.548395564277142,0.522543388799544,0.502895663573445,0.145770589840408,0.147997390464024,7.7292292797334e-05,5.49209105832588e-09
0.267792937209128,0.547455552440764,0.52021432142457,0.502224654461685,0.144976339989716,0.147229081482796,7.7227088801906e-05,5.4577923851794e-09
0.264552856930253,0.546522097819083,0.519985940639308,0.501600107637249,0.144620019870884,0.146886667679506,7.71901704721595e-05,5.48230742147845e-09
0.255903473569195,0.541803120166884,0.518989115893931,0.501196671515577,0.143791256996924,0.146086891537788,7.70035956178339e-05,5.49276471567588e-09
0.253160091327142,0.537941259920422,0.519044244796416,0.500768710250885,0.142964948778324,0.145284839869113,7.69232349209325e-05,5.35319576798993e-09
0.253691545023478,0.537196011220156,0.520610349879063,0.501750379157865,0.141899641611321,0.144249733700106,7.63701156771088e-05,5.15722989262001e-09
0.256233286333434,0.53748695589662,0.52320034286737,0.502535069721681,0.141195286475637,0.14356420433396,7.60180343549051e-05,5.03579029011661e-09
0.27675269390976,0.540668192929278,0.527481666375622,0.506289570787342,0.140139488091079,0.142519849214203,7.54382039249138e-05,4.94645836385946e-09
0.292440966808581,0.543919451539585,0.531133473863271,0.5100782549046,0.139669059246436,0.142062437969542,7.51259516130497e-05,4.84409417975165e-09
0.303907038198299,0.548311990441814,0.538248904803418,0.514852917907937,0.139109967366145,0.141541099108095,7.46653517110219e-05,4.79424324405028e-09
0.308932355396997,0.551497649698553,0.541528724148619,0.518789616044717,0.138785983958407,0.141255626070307,7.45043516314755e-05,4.81818323346686e-09
0.320967948324081,0.556875362840706,0.549541813273417,0.526291231929204,0.138489870242887,0.141023481705717,7.45427786381113e-05,4.81641036056347e-09
0.320560046004168,0.557808131502016,0.553833416391003,0.528153265874179,0.138293334733602,0.140868647660927,7.45925204525511e-05,4.77226503033599e-09
0.317809396554473,0.562287872136298,0.563632820307865,0.533928010972584,0.138152587087241,0.14079567843166,7.47079228709866e-05,4.65223813228809e-09
0.315794665260618,0.565424726018485,0.571701511731464,0.538791803166717,0.138086410468791,0.140776123613929,7.49022039966324e-05,4.6740852677145e-09
0.313920704200526,0.569364445892694,0.578386871921567,0.544492372737801,0.138046842970341,0.140780023278781,7.52015931839468e-05,4.74012855608273e-09
0.304088978954192,0.576406374455697,0.591132312344729,0.554379926771846,0.138242678877498,0.141043815155534,7.60342524089058e-05,4.86308947718203e-09
0.29202489465233,0.581041348935391,0.599862598966902,0.561022600821036,0.13821962822844,0.141070832453985,7.64670516644567e-05,4.8163145965213e-09
0.296801630357758,0.587719635781112,0.612622335019172,0.571286115924874,0.138378382773553,0.141287836784283,7.73477806592012e-05,4.80241820743063e-09
0.295719570893956,0.592343672207141,0.622069041773509,0.578226342441619,0.138540356384786,0.141487740778206,7.78171873977123e-05,4.80124841579063e-09
0.28532528441688,0.596694530065314,0.634880590162131,0.584895041782858,0.138613390662213,0.141625100514555,7.85652183864797e-05,4.74963407809458e-09
0.287010832981879,0.598972324749773,0.641875391058487,0.589389964984981,0.138724672550667,0.141786126146814,7.91778902463884e-05,4.71482612198651e-09
0.298526870240287,0.602085980306816,0.646597858179849,0.595499472492282,0.138891618857434,0.142002383362159,7.96402414359874e-05,4.67396603791399e-09
0.300953304198587,0.603415684827103,0.648361075606487,0.601604176285677,0.138940521211842,0.142132985871138,8.03840483300985e-05,4.74656883938583e-09
0.299120942822481,0.59996476646542,0.646955649810698,0.602432681816307,0.138980262273253,0.142256491479546,8.11955336167026e-05,4.6982344766305e-09
0.301799434071476,0.594721164844194,0.644988776471745,0.600662007812909,0.13888071697424,0.142229130461714,8.19234827633288e-05,4.69812065016582e-09
0.303057550133852,0.588128498886492,0.644703946187699,0.597849447242186,0.138902943955867,0.142326505533235,8.29137927143589e-05,4.73447973889798e-09
0.295125839533175,0.579322243581091,0.641466058130726,0.594416699815789,0.138729310966349,0.142249967736612,8.4057673516962e-05,4.77832312525579e-09
0.292353058390774,0.572676922510772,0.640091695446769,0.592428782620207,0.138511886305748,0.142101880217069,8.49206463189233e-05,4.68998321244552e-09
0.296771748929274,0.569127728648645,0.637639714397977,0.593283612129656,0.138433521691797,0.142078177587757,8.55658485723895e-05,4.79931278947325e-09
0.30269373479448,0.569098138491467,0.634534405457322,0.595137268527067,0.138536019934555,0.142249441896058,8.60680374712746e-05,4.88389897188954e-09
0.294235256377411,0.568270945913439,0.632373466714633,0.594461068703154,0.138485041641833,0.142240345846543,8.6430280085861e-05,4.9503784149845e-09
0.29268013756391,0.567881067995376,0.631467482988669,0.593950705142409,0.13851596456556,0.142290892181953,8.6687893684808e-05,4.94688065387969e-09
0.291933484113111,0.565304471729137,0.630978003128525,0.592657291141853,0.13849971218806,0.142313813947399,8.70107504122423e-05,4.85693177739864e-09
0.29071469760255,0.563824231884591,0.632826679635872,0.592564573566627,0.138441413622697,0.142277391134538,8.70279600565004e-05,4.83192771687338e-09
0.279428201510523,0.562552871564735,0.63628598234083,0.592935130688934,0.138220669557419,0.142063052821309,8.65483898270275e-05,4.80616229278682e-09
0.266203006187395,0.561639379717835,0.636565059525839,0.592930927674143,0.137944526405661,0.141770981680481,8.57632174285882e-05,4.78737149691448e-09
0.253392338723082,0.561429736838791,0.638974802090801,0.592855775613257,0.137682706264739,0.141485732837575,8.48462274796643e-05,4.76149466599326e-09
0.246906495551048,0.559944766146869,0.639958402257029,0.5907713723336,0.137463335108431,0.14124997481035,8.42353909656797e-05,4.76356438268416e-09
0.243160595979315,0.557810845060314,0.641690036721545,0.587809856123314,0.137312194987355,0.141089128796542,8.37306444942877e-05,4.71635494817953e-09
0.232899371048517,0.551373057801627,0.649059449150987,0.582654529944641,0.136901543696435,0.140667875899433,8.37072399566411e-05,4.66858547216307e-09
0.239709708567808,0.548773689227508,0.658135877518129,0.581373526327236,0.136675790320475,0.140428578933303,8.39116776876673e-05,4.72288059727073e-09
0.240323740747961,0.548138160412222,0.675106612806347,0.580692939475062,0.13621200842942,0.139943847949104,8.38269959236419e-05,4.67987342775325e-09
0.256044419063001,0.552095169516144,0.690318501351236,0.583441405807215,0.136108830343289,0.139832398671073,8.40927516353599e-05,4.67707236682325e-09
0.28778706014829,0.557878339858741,0.712826606240375,0.587069089547889,0.136007757209535,0.13973045969965,8.44679956457593e-05,4.68469514071688e-09
0.302831368074408,0.5618512287612,0.729092848696165,0.589249783821034,0.13592920274214,0.13965259922396,8.46923648090265e-05,4.73384828270267e-09
0.310907993572249,0.56506596664618,0.74432921380763,0.59081691208042,0.13584296461184,0.139567711448178,8.49039614356965e-05,4.84157690480547e-09
0.325149061445844,0.571218997473025,0.767255039677212,0.5947721980471,0.135855710310863,0.139584492974924,8.55186032036585e-05,4.80507824841429e-09
0.338974835718622,0.573774563816175,0.780839622708328,0.59625054536496,0.13588314257421,0.13961349024114,8.59275686326099e-05,4.71043237383775e-09
0.34560844276089,0.574781440923228,0.79619381519471,0.596418051037644,0.135640348655563,0.13936960326756,8.63122252088781e-05,4.63621888840916e-09
0.340901794747572,0.574360054229191,0.802893723045182,0.596070131550174,0.135374971163759,0.139106389605752,8.6095660722363e-05,4.49506229303719e-09
0.341270525925228,0.573199349151809,0.811366067269141,0.596001687864213,0.135298800277048,0.13901466857642,8.58860380948591e-05,4.54288441318645e-09
0.340829850833693,0.571262381674861,0.81381608642881,0.595098511412259,0.13518127317806,0.138883511191826,8.56633664088703e-05,4.4937325689909e-09
0.3374976578161,0.567204065350551,0.813542856544753,0.592450297884476,0.13499814395259,0.138688269895372,8.548185304993e-05,4.50514120529445e-09
0.332141922887067,0.566160028506326,0.809299547243183,0.593315280679916,0.134916854987451,0.138593357576745,8.53253183910469e-05,4.57531132471371e-09
0.344252380081608,0.568845577592409,0.804942078190625,0.596765341215145,0.134925497785279,0.138597083452543,8.53577044809218e-05,4.49876832102862e-09
0.372591049029524,0.571784534375953,0.796955621950653,0.601213959121533,0.135036446968129,0.138723405024481,8.52574305603627e-05,4.59974466713198e-09
0.380945943243381,0.57617529069311,0.789220063578965,0.607094166855581,0.13496513745859,0.138672604243333,8.50015007729784e-05,4.67884469788818e-09
0.39335675198873,0.580550326095071,0.778795758761238,0.61327451877861,0.13501433929748,0.138732867152517,8.44978664307596e-05,4.71745001329482e-09
0.404593007851411,0.582928337478043,0.772173101156011,0.617123359754384,0.135090763916314,0.138809153648729,8.43067679036033e-05,4.79975741299856e-09
0.410478453133235,0.584929040724719,0.764855375950569,0.620143441451348,0.135034924347952,0.138757397063288,8.41621183891575e-05,4.79648402757339e-09
0.417067238613245,0.588192353614233,0.752715506818008,0.624562480655981,0.135002874265465,0.138756671578606,8.4374592320565e-05,4.9181639645298e-09
0.420556981443844,0.592262898835307,0.744751140293219,0.628741437880489,0.135151366193176,0.138948181669666,8.50875259236042e-05,5.01843278437695e-09
0.425131434887521,0.598916761678702,0.738106690806129,0.633728427257465,0.135369603272356,0.139211606541994,8.58205371431768e-05,5.01346092883157e-09
0.426293197323526,0.600654898811793,0.735181808934901,0.634726021532319,0.135458128487514,0.139322691926689,8.6182246736413e-05,5.02430167097168e-09
0.42223225565636,0.600250594335931,0.728566851092995,0.633499081117253,0.135670007862657,0.139591106874487,8.66696792043062e-05,5.03224502670862e-09
0.40061571232801,0.600044261622831,0.716024455124304,0.632575409668325,0.135952393660192,0.139967630943336,8.7607068177702e-05,5.11950679481587e-09
0.386530972141143,0.600876204094405,0.708189768110515,0.632656965674328,0.136218213987093,0.140278065784092,8.80442604491642e-05,5.14653309690868e-09
0.373158176671746,0.603132199281399,0.700622718664135,0.634063402161029,0.136719077664616,0.140843948127117,8.85376264720713e-05,5.18647454561234e-09
0.366552111174062,0.614146699332028,0.690663035004353,0.64581565395041,0.137236471190937,0.141475577840638,8.95656248415621e-05,5.28589568243129e-09
0.364992750009403,0.628713720373179,0.686366456492446,0.661340531577451,0.137886913614462,0.142220741107506,9.06770198804059e-05,5.37520908029285e-09
0.361902854087089,0.633542052318483,0.682603121349186,0.667727492960723,0.138342525643228,0.142756136680935,9.13915611739234e-05,5.36677930312188e-09
0.360710416974491,0.635029281741894,0.677873600138536,0.672675582068251,0.138774038697584,0.143271575509315,9.15033809168706e-05,5.37434753777893e-09
0.362167589589073,0.633896395759619,0.674499233558597,0.679004819036014,0.13900228431002,0.143567010064963,9.13585957100511e-05,5.31479757639149e-09
0.367712145520735,0.64565752253142,0.674398994784685,0.695586016987215,0.139366547886386,0.143979117037688,9.16259171858978e-05,5.33351612924014e-09
0.375081669784347,0.656573903574523,0.67544765593308,0.709850556892852,0.13955080580969,0.144220063736924,9.21448174055111e-05,5.37988296949158e-09
0.388849223118016,0.655724794443807,0.679037203888487,0.71458317732065,0.139644939633993,0.144402763400681,9.36484453528008e-05,5.38489824454705e-09
0.396534820584881,0.650561861936975,0.681110341197425,0.713805641098199,0.139449392351806,0.144265910501038,9.48535326937398e-05,5.40359934963361e-09
0.398836589497354,0.642503523857361,0.683879500791291,0.709832639150692,0.139244515080076,0.144085469011722,9.5235897401537e-05,5.35830502764755e-09
0.401013757955185,0.620454849922533,0.687393592771438,0.691916646329253,0.139060376825729,0.143902802158006,9.52349882448332e-05,5.29505707198077e-09
0.402216192708032,0.609972676818959,0.687759385901449,0.682508823814219,0.138849474708188,0.143655938950638,9.47132317003011e-05,5.3110427440896e-09
0.40138435477915,0.608563977229568,0.687658786674724,0.680785688202247,0.138784050051079,0.143576304611362,9.45202097298776e-05,5.33197229235105e-09
0.39580577610861,0.609610401170507,0.685805699808831,0.678529928933703,0.138479509186607,0.143223352588042,9.39803154186725e-05,5.34188091044108e-09
0.388962475550789,0.6069733790908,0.681895673349953,0.673404483372088,0.137997615496898,0.142670961726834,9.3022159020684e-05,5.39721259166803e-09
0.390091283682121,0.592516372461458,0.681108890639318,0.657200149042569,0.137386483458149,0.141929748708781,9.16033143801362e-05,5.43865348323497e-09
0.393689253297864,0.577291311304439,0.680244155860153,0.64055066434324,0.136902575947666,0.141327188791783,9.01229918002986e-05,5.36980723206485e-09
0.386122212209812,0.572913275238084,0.680482501296091,0.632028211502664,0.136364216239453,0.140651669624834,8.80824047555505e-05,5.3462175498941e-09
0.376004223830586,0.578186472677737,0.683678548987105,0.626324468972557,0.135831734133992,0.139919045622485,8.50609963818339e-05,5.51081930788402e-09
0.377123938802783,0.583910402322597,0.688441486689325,0.626651834687552,0.135867770599886,0.13984478884063,8.41368015153214e-05,5.55061788989238e-09
0.380257336850761,0.587397288580423,0.69043427064312,0.627035253876765,0.135624473290086,0.139517201618903,8.36091626958507e-05,5.64274159311814e-09
0.380745811481546,0.58832267235908,0.690855402642341,0.627684953190515,0.135463831953994,0.139330195261173,8.34481394522028e-05,5.67643710687548e-09
0.386640521520098,0.590486766650327,0.694547478436777,0.630532716366968,0.134931799239221,0.138725219792165,8.31150882577853e-05,5.69387231401457e-09
0.392192716550938,0.587564021770507,0.704786486553549,0.633274489684986,0.134289132384958,0.138010889848743,8.326742867278e-05,5.74006751724549e-09
0.399332369181747,0.587715567374934,0.716954910174204,0.637487828401024,0.134044107513021,0.137740408934183,8.38877554498115e-05,5.73166820898634e-09
0.404513852791561,0.59041079524527,0.730105133444092,0.643657205560073,0.133954012399094,0.137655501969509,8.49708158977529e-05,5.796044878388e-09
0.405762243886407,0.592094817491151,0.745867675092002,0.653032847713197,0.133668153085582,0.13739500644402,8.61541916195347e-05,5.94460315912062e-09
0.408994009604267,0.593600332727546,0.75587176559601,0.66205640893983,0.133651909007126,0.137396178501678,8.70393542381784e-05,6.00877147567018e-09
0.412318174184286,0.593126751591205,0.763144659138302,0.670447457720084,0.133697992376868,0.137471944706877,8.78098827246496e-05,6.07140017715045e-09
0.413262845850856,0.591490361715839,0.765592144981678,0.673526572078878,0.133703969310862,0.137493911855335,8.80483325698542e-05,5.98970830674407e-09
0.415170313017023,0.588010580308005,0.770224323234675,0.679546104700294,0.133410462429816,0.137240904221341,8.84494820230949e-05,6.03030067076724e-09
0.423717097592628,0.589254834669857,0.775511727455539,0.686190899574901,0.133349128045649,0.137206892328678,8.88011732667e-05,6.02234434339574e-09
0.430592123522652,0.594633944455932,0.783776843265955,0.693622832040453,0.133620190005159,0.137513977036461,8.90532029791194e-05,6.0778826773697e-09
0.436426124220105,0.599440113560895,0.788002542281987,0.698085758090901,0.134016093870065,0.137965581282884,8.96480020914165e-05,6.08428794292136e-09
0.441255120387148,0.605765532331279,0.788897455034978,0.704393458436034,0.134673036655012,0.138717019406957,9.03932732713067e-05,6.14425407055964e-09
0.441438828959375,0.608162366687319,0.786058319159207,0.706753775361045,0.135281071005317,0.139392833548105,9.04149925803787e-05,6.20645362629789e-09
0.438084746912996,0.610438043941843,0.779296254045565,0.706076445094509,0.135806406361244,0.139985258044206,9.04354911608055e-05,6.21446069272364e-09
0.434652394175831,0.614335095180844,0.768988309101243,0.704182122320861,0.136490319924459,0.140757518563243,9.04962418947587e-05,6.14530499671074e-09
0.443279792214696,0.619191292353677,0.763372249457977,0.706144817969907,0.137079025294106,0.14141718152877,9.08668077269001e-05,6.17877293552383e-09
0.465467779604465,0.629890915151171,0.758413913167727,0.71011687535494,0.138147211761946,0.142592184636353,9.14087424925127e-05,6.28170741251934e-09
0.47386633644206,0.636621586742946,0.755734625728607,0.712713398798665,0.138889271499441,0.143424715722187,9.18004662339293e-05,6.29372479072151e-09
0.477732785176105,0.650276409019453,0.752439473364496,0.723093008523888,0.140172178431412,0.144854864546042,9.2601285751991e-05,6.38228035654045e-09
0.481231735237649,0.660779609854924,0.753424223253791,0.733824322684642,0.14111016405142,0.145903152206548,9.34115843195072e-05,6.43554377233114e-09
0.483045884118369,0.666598760443072,0.760016889280304,0.741150897673222,0.14236070054289,0.147263040579457,9.45122089400373e-05,6.46162478289358e-09
0.490990875737442,0.680092928543407,0.767194903835759,0.752112650003335,0.144197316134169,0.149293610152738,9.69840368880086e-05,6.52921253007863e-09
0.497825077084218,0.699912523975226,0.780328014051881,0.768888421770744,0.146135232008758,0.151451484822684,0.000100624181555625,6.59996179992392e-09
0.50573119102048,0.709839377784623,0.788579762235271,0.778444224561618,0.14724193343859,0.152717027413946,0.000102509416930519,6.67785978263113e-09
0.513367560884762,0.722425088876466,0.799215701390456,0.789778441577573,0.1486175158718,0.154293579115824,0.000104609949072168,6.72074439313223e-09
0.508517195762587,0.737171473391655,0.814606347808621,0.801852127557563,0.150872882553894,0.156858470506646,0.000108103268567147,6.70981115972299e-09
0.493599165166083,0.743425795052216,0.82641739098061,0.804339457302198,0.152723838035362,0.158978126600601,0.000111120522053765,6.78679492902097e-09
0.479404440314204,0.752518987596078,0.844893479370764,0.79936644092014,0.156793806804738,0.16353549408625,0.000116962852565596,6.98750204046633e-09
0.472001787125735,0.766281002770885,0.861456452941328,0.791924305392588,0.160843902042496,0.167977607636518,0.000122046592167841,7.15102016278899e-09
0.463336900281979,0.7838064609922,0.865633482833051,0.782555112442798,0.165574964780935,0.173317433654106,0.000128274841773676,7.35814499834238e-09
0.449166307726769,0.78755450550605,0.862270019753768,0.773450144075119,0.168250427984218,0.176417242066278,0.000132154165420007,7.44240249501456e-09
0.426857479719963,0.781322626450155,0.850618131630381,0.757409068365225,0.170615730342248,0.179222589106475,0.000134913603334949,7.51027999460882e-09
0.409842564539413,0.775848149802634,0.842836547267986,0.746449256679994,0.172061299936309,0.180884997872624,0.000136450219226209,7.56946770254674e-09
0.386368579991754,0.766905325744311,0.833282198674691,0.731095516471902,0.173280955015335,0.182272338940881,0.000137650667322879,7.61111577126977e-09
0.349958930932744,0.751909970079029,0.814092857872084,0.707367690925723,0.174134341998935,0.183280079644026,0.000138389993695187,7.76334308540523e-09
0.333507197648021,0.746168212908179,0.799941907540383,0.698212287221067,0.174311993452127,0.183490972439307,0.000138310339736381,7.8150272192885e-09
0.32587102335856,0.743207058193236,0.792325665469598,0.695015925853709,0.174216634870658,0.183392570833405,0.000138036322098047,7.80977370371339e-09
0.314550814359758,0.735527799298573,0.77659300968101,0.689257696062255,0.173415445498976,0.182556269426481,0.000137185826406149,7.81044560767469e-09
0.31118430267715,0.721101613300354,0.756268781797485,0.685601795745807,0.171766598570315,0.180844780787412,0.00013585549744574,7.75565525520145e-09
0.306157704646417,0.700918106714377,0.736477895774376,0.681449607941839,0.169300070498318,0.178183585812676,0.000133223941443535,7.64068535290798e-09
0.3013282434046,0.696280251235795,0.733729910428792,0.681244953154626,0.168248063856176,0.176981956563228,0.000131773117977372,7.61789043841046e-09
0.306842990929828,0.695667861516589,0.739342188675936,0.685083674477127,0.167452081862213,0.176022313667239,0.000130900319324741,7.63444589876132e-09
0.314503734523785,0.70054115970654,0.749055754524283,0.688778018539821,0.167536813814917,0.176071586231132,0.000131312924640838,7.65167228213504e-09
0.332658162774349,0.706981935894497,0.75679881569558,0.693006872887442,0.167861589019001,0.176427064914272,0.000132369734717748,7.7110222583659e-09
0.342810261153261,0.709836008387374,0.759842071634224,0.69542889175823,0.168086829491851,0.176685786751423,0.000133006840871517,7.70677769310169e-09
0.358203131497501,0.714953516529394,0.764049438490846,0.699627567790288,0.168788679056664,0.17750065753694,0.000134791986476642,7.67732763132326e-09
0.382025916454629,0.723282611302454,0.773118497513882,0.708156172068855,0.170254212088805,0.179172377977903,0.00013794246379146,7.73390973101037e-09
0.400921527852607,0.731759044994017,0.782476274793638,0.719961606588024,0.17154709997421,0.180609397781966,0.00014000791736912,7.71331205562243e-09
0.406143609982093,0.742729331508457,0.785132714243226,0.731529935753076,0.172541946208128,0.181750656009605,0.000141838425152159,7.6696674087263e-09
0.414376013028218,0.754759820192661,0.78245977023954,0.738635339016809,0.174206547593117,0.183651934196575,0.000145416851483007,7.70844856333763e-09
0.426687898465245,0.761526679167278,0.782031363654103,0.742603088869992,0.175263970167052,0.184840876857887,0.000146916632876777,7.76984908152418e-09
0.441543717049349,0.769369446486066,0.776200407039112,0.746661961972305,0.176600708352287,0.186345744300022,0.000148721614509329,7.93949919957543e-09
0.448633706221123,0.772509351270447,0.770211158442088,0.749980152339733,0.177100713058374,0.186909957914638,0.000149352487528665,8.02908664988214e-09
0.44344054704909,0.776148475640793,0.761641841497572,0.752379333455469,0.177779746367156,0.18761968276294,0.00014936799069909,8.09021278760685e-09
0.43498716550304,0.77943484141645,0.757267310030986,0.753294037024776,0.1781242103092,0.187949483879428,0.000148924888966229,8.09552042104971e-09
0.419660132731727,0.782716657103244,0.748173421418114,0.752813312662322,0.178333261450903,0.188099771720618,0.000147636084568199,8.02583793279066e-09
0.400584343655195,0.78202263131798,0.737373956192072,0.747132298841241,0.178219497350751,0.187943602237949,0.000146364179549538,7.95374501630907e-09
0.384659206447309,0.778030043656603,0.729552821589788,0.738928628810084,0.178263730280456,0.187942661303551,0.000145062801401231,7.87897308348256e-09
0.360515997841689,0.774580776483453,0.726802386135491,0.736904668965345,0.178441264402125,0.1880511856522,0.000142452757843962,7.86452108840003e-09
0.34148805330218,0.775099407801241,0.722621721545888,0.737952692226652,0.17859741711824,0.188177515889044,0.000141142313420576,7.75083859230686e-09
0.322748044792283,0.776532196378533,0.719855958599399,0.739284154354503,0.179029843842952,0.188611043444509,0.000140267558510956,7.54249758203252e-09
0.315529008272152,0.777872209434288,0.719073013973304,0.73961493180474,0.17934735152174,0.188944323898183,0.000140032515863781,7.45697782955847e-09
0.300561678060019,0.782167965495458,0.717290832404799,0.740300280268728,0.180393680844372,0.190055476438989,0.000139850587550482,7.25341684049049e-09
0.282614410625733,0.788876210631023,0.713118890574213,0.74275941981517,0.182091297703995,0.191941284911789,0.000140407087883473,7.00838645299232e-09
0.290238006058485,0.79508867897489,0.713479202195476,0.747214413268747,0.183610633295188,0.193633962622384,0.000141382315395119,6.91628637477572e-09
0.314823960817384,0.803601896149976,0.716961979669872,0.75392098641426,0.185480847475063,0.195701362125316,0.000142687967984799,6.85458093304597e-09
0.350706365792315,0.816988600876025,0.727242774876863,0.764573844035521,0.18818342747329,0.198716366140041,0.000144798220660578,6.85099113933249e-09
0.379899878226034,0.826572127304845,0.734923027966011,0.771909037461909,0.190178992764176,0.200952426738069,0.000146584496692172,6.85419961987685e-09
0.423974547731537,0.840641094195952,0.746655728109558,0.782695280737254,0.192965590372733,0.204055873324598,0.000149315343386917,6.71487733622164e-09
0.450033661776902,0.851648811008834,0.756830560404513,0.790955480442862,0.195070162133583,0.206403963193913,0.000151302102813344,6.63697675478102e-09
0.476624170520648,0.866750732375047,0.770880193211512,0.801962200425688,0.197931082782404,0.209589602407548,0.000154212165647345,6.59527873361582e-09
0.489856339914991,0.879121378606729,0.780041240030204,0.811166870710462,0.199859550488188,0.211746464470872,0.000156311275973254,6.55982873191381e-09
0.501885710710874,0.89203913541028,0.790416049474115,0.820769804481881,0.202401317111945,0.214570760200813,0.000159407867197875,6.51370235352988e-09
0.50495957805256,0.898203035522303,0.795146058466344,0.826442667500298,0.203745668887835,0.216054582783707,0.000160639817429453,6.46782838687806e-09
0.497594939351247,0.902231034201276,0.798372231811925,0.83045935219514,0.204721900759315,0.217131526697487,0.000161326472749794,6.40793931602975e-09
0.480513986068172,0.904437269391038,0.797315889061637,0.833656819101547,0.205402730384183,0.217852108014285,0.00016161162583611,6.31179851972443e-09
0.463822472484251,0.904528230620621,0.794739342520662,0.83530307262089,0.205469728961591,0.217886861702452,0.000161324902900373,6.31739304378145e-09
0.430411985682346,0.902466238030599,0.790047161137271,0.83741949349848,0.205049803631238,0.217358983729009,0.000160197037663551,6.29362692444643e-09
0.40802806110423,0.899343635656108,0.78590370371274,0.83854125358942,0.204469698714982,0.216671577929385,0.000159273021911093,6.3067567079849e-09
0.379662564291729,0.892383268370664,0.774900585277141,0.838938382167494,0.203082622762391,0.215053127906796,0.000157128359181347,6.37900459942006e-09
0.366423765739649,0.88535263829837,0.766948131839424,0.8374841808202,0.201963010713647,0.213747155172968,0.000155376075053376,6.40159327500272e-09
0.351212822632624,0.876949484638034,0.75778607354102,0.837625093084677,0.200169358883951,0.211639086737018,0.00015221093539617,6.36839259464725e-09
0.345779959523174,0.872640363554976,0.754889567811173,0.838050070260919,0.198886041883551,0.210104465200545,0.000150309605957803,6.26788473624563e-09
0.347610961035632,0.869257473084043,0.756446289661092,0.839239370181256,0.197772143328717,0.20875187292774,0.000148693516669556,6.22180379393499e-09
0.373825698736056,0.866290544682478,0.76295768862658,0.843138764479151,0.196366892716467,0.206978813319662,0.000146328518449954,6.1422674173901e-09
0.398506501651227,0.865519860993,0.772507991213054,0.849658907193395,0.194994270367795,0.205218199015477,0.000143767441320401,6.17349449941089e-09
0.416320150680262,0.868064137933907,0.781758239795724,0.856970595190621,0.194136159349866,0.204089089185582,0.00014193593651905,6.23195374573609e-09
0.450472928746226,0.872349804338399,0.793687359576737,0.867420314492754,0.192815828900629,0.202330374817237,0.000138960071932933,6.16864830846085e-09
0.478362161580064,0.879954478537299,0.805889764522804,0.880144626014603,0.191918104505466,0.201117119681351,0.000136952219734281,6.1122904509279e-09
0.501531433867951,0.883697188334258,0.819147318406231,0.889626518834627,0.190808108626805,0.19968926805072,0.000134838718899741,6.01809347446167e-09
0.518411049711106,0.886109192824023,0.839872827812997,0.900935729785056,0.189255263901153,0.197680800325875,0.000131845779776857,5.95324681407502e-09
0.525491201766701,0.885959177337668,0.862785907203555,0.912423542832188,0.187467654609333,0.195416874312851,0.000128894612821486,6.03858296274801e-09
0.52585720921928,0.882854198385969,0.875292389915499,0.917783322643302,0.186180956536866,0.193840979144858,0.000126852584213964,6.1141902891367e-09
0.513694257970641,0.875498871645039,0.887987155574902,0.920589423306589,0.184219285254686,0.191480268499801,0.000123922745140064,6.09704061065524e-09
0.503816267481782,0.868468161077643,0.893101018593194,0.919718723019603,0.182956485188277,0.189956701504831,0.000121931195141854,5.92153941373903e-09
0.490683451525718,0.857165798330048,0.894433806774884,0.914085235232737,0.181542860681416,0.188268499323332,0.000119747250677525,5.87286183971802e-09
0.468173252015782,0.842126089955581,0.897236633545989,0.90529796783781,0.179763495582489,0.186161693578913,0.000117004613556482,5.89778878905408e-09
0.446246131037864,0.830205743724658,0.894776199920387,0.895926438183887,0.178566375094657,0.184771022038776,0.000115279191336353,5.91885359664371e-09
0.434224492140476,0.820360729374543,0.891877124015487,0.887520695492526,0.177991807053036,0.184096085087693,0.000114352370679746,5.92804572157821e-09
0.421930278354523,0.808147852897571,0.885773114368791,0.875915455247019,0.177240796220966,0.183185708584065,0.000113019683014652,5.96789240133702e-09
0.424958779033724,0.793549220013901,0.872045595635279,0.860319480175023,0.176210582808743,0.181981050224512,0.000111315015197669,6.04325769925861e-09
0.426877922026365,0.785215120951253,0.860041106412711,0.849612173963278,0.175649689752582,0.181333905151966,0.000110238629039806,6.03747156163358e-09
0.430392475117924,0.780031893651858,0.845361194122795,0.84032137855223,0.175286026161075,0.180927418245497,0.000110058928549449,5.93350030215974e-09
0.447452798140352,0.77771460722299,0.830224154913707,0.834104043585027,0.17533359257259,0.1809818872823,0.000111547692716347,6.0472307756501e-09
0.467107372546763,0.779032685346447,0.822340484329138,0.832173941378413,0.175463753427646,0.181120063415415,0.000112476131735025,6.24202973908644e-09
0.484407189186979,0.780480179989502,0.808247790063358,0.828578418046268,0.175510233590735,0.181170802095752,0.000113348352461413,6.59230422756514e-09
0.489154226185768,0.778994733276515,0.791946666245628,0.822144935734404,0.175359838926753,0.181035604764114,0.000114230685454276,6.93106522256462e-09
0.491470543527856,0.778758865308116,0.782977237913729,0.818889726128448,0.175446033505524,0.181152308034228,0.000115211596852205,7.08641932137646e-09
0.491697784087759,0.779917443778059,0.776502450342928,0.817943672117152,0.175670387547332,0.181427053830521,0.000116457085980232,7.20942368276111e-09
0.488227202917116,0.779498328724857,0.772233508389131,0.815363476264288,0.176536688712865,0.182391022987954,0.000118906022872572,7.39214890827601e-09
0.483897570876954,0.778353517124837,0.765428830279234,0.812875352757133,0.176792160520054,0.182680260842437,0.000119947617255907,7.47255141285319e-09
0.472530089259568,0.774335596146212,0.751559049736047,0.807125936910799,0.176677634719316,0.182510329256926,0.000119797010477499,7.58607551538916e-09
0.456852199017658,0.769437591654249,0.73932572010103,0.800306545955228,0.176279638894809,0.182023184899876,0.000118654786822275,7.53183633876839e-09
0.426904219969245,0.756357539689668,0.71786328618856,0.785884239318954,0.175561943826215,0.18115169115184,0.000117170958245691,7.47606319251417e-09
0.432811331420173,0.748507533618978,0.706491396192477,0.778076098022073,0.175401643680975,0.18088683988555,0.000116887247676122,7.40362632145029e-09
0.450882392928234,0.738503391381607,0.697631305330742,0.77016494499558,0.175304077072357,0.180647208413437,0.000116160042269713,7.13391569572352e-09
0.459269208978586,0.731584328169383,0.692801640544527,0.764573477882464,0.175197476837765,0.180430113768475,0.000115482305266858,7.00343520839479e-09
0.464292791526293,0.725124206539617,0.688797443819257,0.758615274153542,0.175108909155529,0.180178894553023,0.000114675683859838,6.8740683788992e-09
0.459350571906917,0.719529845475684,0.67602783429741,0.753087389356293,0.174263905203758,0.179086012540492,0.000112695714245075,6.70415238719062e-09
0.448844664716172,0.712501567814469,0.66767044175084,0.748565359998808,0.173680678888922,0.178256468117888,0.000110500240816057,6.57895539545907e-09
0.444213417208221,0.707641259255286,0.666427983402072,0.745881994966937,0.173622131096576,0.178061399193946,0.000109396666532598,6.45078609246609e-09
0.441684058364206,0.702177403085121,0.665984613723485,0.742828133351379,0.173649544852373,0.177976685666917,0.000108467902417607,6.44541126176467e-09
0.439173920087353,0.699006459670557,0.669849233417802,0.741904793718723,0.173864595491402,0.178045623868127,0.000107206043454328,6.33209257250475e-09
0.423835171432135,0.696777277323855,0.674186886624805,0.74196102173798,0.173988889774911,0.178070208162078,0.000105903891692007,6.05668353379043e-09
0.388879165923013,0.692438448721008,0.673978284261648,0.739385389491418,0.174028831523595,0.177989422870048,0.000104462200356349,6.04557316905963e-09
0.357176702722964,0.685981966781152,0.668047594404489,0.73402614200837,0.174045317299254,0.177884493391104,0.000102957676365654,5.92798377332693e-09
0.336629033445085,0.679109560922192,0.66343267047335,0.72947492439302,0.173915422248937,0.177664572707568,0.000101171912038709,5.87936976953432e-09
0.324730888034743,0.674311350223003,0.663410198045197,0.727533194437204,0.173945695853608,0.177609008046392,9.97373993097958e-05,5.77795691801619e-09
0.332097465758571,0.670857706459324,0.668706976953726,0.727437914277126,0.174243652339193,0.177795001459997,9.83304188426727e-05,5.81522584038597e-09
0.342919135888699,0.666941971510394,0.671481756184093,0.723837281674884,0.174553566711677,0.178044371829924,9.76736091789216e-05,5.84739095388742e-09
0.359845258838941,0.664754706098143,0.676015140845624,0.718654038630657,0.175319840281742,0.178753518564733,9.7312866170622e-05,5.85961505482219e-09
0.370720508312635,0.66665120138153,0.679870727321115,0.718346817465558,0.175808874718957,0.179206915483234,9.70850201457306e-05,5.9369508956027e-09
0.372138869238289,0.670161213444512,0.685198385872619,0.718688152046106,0.176317434780225,0.179668718300559,9.68160675765801e-05,6.04048487788314e-09
0.372166484780755,0.668121091693371,0.692030846308677,0.71803099592926,0.176807891693271,0.180132943487534,9.66141097092084e-05,5.96688459867367e-09
0.376056712819195,0.66957756403126,0.706856800721621,0.72252972765696,0.177612877894347,0.180906900745192,9.64684865519082e-05,5.96542059241879e-09
0.376119578661031,0.667653388084864,0.716346149355216,0.723884894137085,0.178129101921498,0.181417485259717,9.6669911340811e-05,5.94113905562804e-09
0.37618918612259,0.664208158262122,0.720938006198346,0.720388798502554,0.178630686140385,0.181928768385373,9.69676322534851e-05,5.96901031158043e-09
0.375500958401519,0.656032907695465,0.722673596775213,0.707425201773938,0.179425847831421,0.182754836445587,9.75561511432686e-05,5.97723336750667e-09
0.376714762699188,0.649619522516764,0.72375447324333,0.700257093649878,0.179964492761494,0.183323939523718,9.79006682592318e-05,5.90673011555723e-09
0.374229560228803,0.644528366489335,0.725764467782139,0.697895273988728,0.180536944464168,0.183945020934982,9.85070498166544e-05,5.90208110139214e-09
0.364332933511636,0.635549592153441,0.724534642373523,0.691142764673137,0.180936065585092,0.184389474286919,9.88351720224327e-05,5.85128728813963e-09
0.360754484339868,0.615729465439511,0.719181156521692,0.672967536799,0.181644630392485,0.185172064055407,9.93664845583189e-05,5.88158713941435e-09
0.360002783906472,0.609038333945197,0.715467325247245,0.664551710925604,0.182100750880648,0.185670615160222,9.97038838523811e-05,5.90141460643519e-09
0.358495284300378,0.599762187216952,0.710605710205174,0.652928765236215,0.182504768682884,0.186102302672487,0.000100006522995029,5.91054450960001e-09
0.355830411123442,0.590318120724859,0.700316656629884,0.63853714888379,0.182844038537339,0.186455643588482,9.99909546470884e-05,5.85032735754605e-09
0.353705818373678,0.585730916933882,0.696566716255046,0.629476339746046,0.183089721278916,0.186688798544997,9.98065925146088e-05,5.8480262820246e-09
0.348650291417269,0.582171735126228,0.69238291055211,0.622289481325098,0.183211781741296,0.186774231147526,9.93109404218391e-05,5.85197969822783e-09
0.344436312328568,0.581716338926603,0.691472818860888,0.620290159495364,0.183226484907717,0.186767390051524,9.90676772637962e-05,5.87381383109501e-09
0.329583007391832,0.579316795466984,0.689322979024062,0.613905049521091,0.18325591928626,0.186735223063525,9.85330774461212e-05,5.9169813505292e-09
0.310736248575418,0.574620417432232,0.688120289481917,0.601466029884369,0.183248349608439,0.186624197534497,9.7589141276394e-05,5.98765386700565e-09
0.306593438248271,0.574527243861748,0.690035567094316,0.596470550448515,0.183194697113761,0.186492862944184,9.71863460841235e-05,6.1277618895334e-09
0.312561406020938,0.57629957688474,0.696292228067284,0.595320269288733,0.18317786193209,0.186396816865905,9.69592733950591e-05,6.17275886216825e-09
0.335283650600984,0.581822527761071,0.712243198199666,0.596302235693342,0.183366480841808,0.186498701589301,9.72363283126252e-05,6.04467185300768e-09
0.348119499582682,0.587517921132624,0.724082011278358,0.595158933085927,0.183626206171862,0.186720191123205,9.77558451541643e-05,6.18230717751454e-09
0.365993994152658,0.597045097604218,0.741968214881921,0.596883585030344,0.1841710011863,0.187249246911234,9.90907621910682e-05,6.32514368697454e-09
0.395494894502032,0.615734126097299,0.772534157822942,0.609267427933581,0.185142273057651,0.188225493021894,0.000101202564131145,6.42732259280614e-09
0.425307021459891,0.630668580831599,0.799040434035212,0.620047602961909,0.185961028362826,0.189058182097784,0.000102798939085209,6.47130333613746e-09
0.457452831806965,0.652680639951866,0.828265175938795,0.631682876254839,0.187106187376867,0.190259155264687,0.000105034223638402,6.5393826516267e-09
0.477298468486957,0.669703444013558,0.845548355943346,0.638519071057895,0.188038170586092,0.191251581812867,0.000106711798294744,6.61939371204277e-09
0.493914789868842,0.686781671198241,0.861982785157238,0.643830475421634,0.189103679463313,0.19240972662024,0.000108464474678388,6.6512027076574e-09
0.511058745993182,0.712045378509859,0.881239808776971,0.652842040076803,0.19072953848763,0.194189291226639,0.000111146912108239,6.66550728683249e-09
0.511080979087317,0.725416936702837,0.889558698504919,0.653795760537641,0.191689545372602,0.195252292640933,0.000112755709151969,6.80650415252973e-09
0.511046455071831,0.737286550567958,0.895971551492183,0.651826891277705,0.192984437814541,0.196659293731337,0.000114225021402788,6.84948834694623e-09
0.505844752866569,0.738595849173407,0.894887728090692,0.648360553899125,0.193594499706175,0.197328355344309,0.000114479090132472,6.85206292412735e-09
0.489913107845362,0.734372401951333,0.885853981167404,0.63488062560739,0.194431858998793,0.198260770865813,0.000114670353085754,6.84127900611361e-09
0.470298559101531,0.733439681792096,0.873085662265069,0.625476297010935,0.194938228826473,0.198850969797198,0.000114829103923117,6.89490228819068e-09
0.454046428928128,0.733839705512763,0.864281641425894,0.621804778129299,0.195691651773398,0.199690097004549,0.000115197861874189,6.87839601299123e-09
0.439262308406457,0.729282110721341,0.855923362187355,0.617466708177389,0.196780743481021,0.200909694734564,0.000115813204399641,6.82533556349258e-09
0.427009260616675,0.721732186121462,0.84648193050371,0.611870097234868,0.197493456403594,0.201727580745255,0.000116457371661612,6.79700966246475e-09
0.41146858165912,0.703155349424889,0.829421730752628,0.5976169440644,0.198690898067863,0.203113894091439,0.000117608552936133,6.74541385558353e-09
0.406642201703261,0.69141725986685,0.817890724289564,0.589007813632706,0.199733274773139,0.204324762618617,0.000118701424652871,6.67648483487239e-09
0.40568187721028,0.684526729005466,0.807339314961349,0.585795061810308,0.201105649653895,0.205915854163135,0.00012035790495107,6.64494069531515e-09
0.432447323365438,0.681916743733464,0.795488234956317,0.586481570978312,0.203987368785442,0.209199651063712,0.000124825504030523,6.59398542124214e-09
0.44463637598104,0.687906048224514,0.789875532311068,0.594815419459655,0.206127952667035,0.211617460931895,0.000127483957520524,6.61663728176424e-09
0.464043283471868,0.70855300199877,0.800172954213859,0.628978501795334,0.209829159490182,0.215720338479082,0.000131048498204537,6.61723009661172e-09
0.481894087976154,0.715296993963006,0.806919494818601,0.646183588443337,0.212226020470553,0.218365926328031,0.00013338129132776,6.60377428160762e-09
0.511665784793833,0.715273657560773,0.810380485447342,0.659365290048417,0.21592088989531,0.222391379184414,0.000136661707912109,6.53420241991736e-09
0.531094369061565,0.717341286379594,0.815128831883741,0.669501903858123,0.218879009789777,0.225563934892354,0.000138557078888303,6.49662464745613e-09
0.542743658060192,0.720040118417867,0.81737927830968,0.677616600100602,0.22121359364144,0.228081066570281,0.000140006593290406,6.41802677254383e-09
0.550789253044756,0.721670878079948,0.819693105639873,0.689751675320039,0.224052646847232,0.231088522600987,0.000141162497867466,6.28686718448799e-09
0.551369611824527,0.722661258905435,0.822063131054471,0.699103493338117,0.225583400485497,0.232679310139291,0.000141320719409367,6.1729657447905e-09
0.543118142253784,0.722766384663668,0.822245154055229,0.704610775805317,0.22686489846709,0.23399124531163,0.000140879072756572,6.05250086020337e-09
0.526602000436986,0.718958391917067,0.820652802915716,0.706395376409254,0.228566414740772,0.235737488569035,0.000139449529082932,5.92678222368723e-09
0.528889652629059,0.707257358301574,0.811939274558923,0.697640881094246,0.229680240635471,0.236900527736988,0.000139324842727191,5.74123768579648e-09
0.547448089437375,0.694103012763195,0.791888187738257,0.68217694342431,0.231364350656532,0.238671585477993,0.000139122529349008,5.66711103676695e-09
0.547068479242076,0.694675930112307,0.78380222668963,0.683502629855544,0.232514368427295,0.239885447959418,0.000138674012817938,5.61061702300143e-09
0.528847700971904,0.695445640833113,0.77085239240535,0.682494900356438,0.233429870996525,0.240862818400124,0.000138146960970492,5.49670445212447e-09
0.516226037491072,0.698637183339117,0.763997446855199,0.685791127764015,0.233994706416911,0.2414422681744,0.000137772116732012,5.47877540689446e-09
0.508894915044325,0.710466518511702,0.757168074718653,0.69248100806135,0.234590604784452,0.242055879761026,0.000137585957947393,5.4909801809101e-09
0.508883907858625,0.722872757355427,0.748421265378171,0.693857476378205,0.235762736469705,0.243252758627644,0.000138311157068172,5.5302046400512e-09
0.513444275740073,0.727810997035885,0.74499746346989,0.696925210188007,0.236600668044862,0.244118742754155,0.000138796121589501,5.53857748810254e-09
0.517854416716982,0.733250956212691,0.744480229285466,0.703657939366301,0.237670423589752,0.245228629911871,0.000139736747864652,5.508651594112e-09
0.51639096408038,0.735061583265713,0.744964868206262,0.703693857504893,0.238230832550468,0.245812871216688,0.000140474772147235,5.49404783354356e-09
0.509024429342495,0.730501685350383,0.741368747803483,0.695373687111533,0.23850030658598,0.246110664439824,0.000141316683030598,5.4323865724394e-09
0.478565062966026,0.715021581833531,0.729562010301749,0.672267045053673,0.23907867659251,0.246732544889468,0.000143407396031642,5.47232103251927e-09
0.473338300153508,0.710714943717847,0.724142023964527,0.662441025945502,0.239470486269844,0.247132813022314,0.000144401132076275,5.45975853507442e-09
0.481064697753542,0.70240423893352,0.724340416522035,0.651052143610081,0.240131603237523,0.247760954133144,0.000144767319044507,5.46521551334619e-09
0.481250402811678,0.687227821211016,0.723743636616072,0.638534872265631,0.240566938589565,0.248152162817524,0.00014469072490359,5.38969453979553e-09
0.477342570543035,0.662667995161807,0.725855599591473,0.623663151514218,0.24118573973043,0.248697950989168,0.000143798825435684,5.42243857308713e-09
0.468831358003938,0.649680786306929,0.723598961344073,0.612352890771013,0.241340062950573,0.248793821796421,0.000143104778233937,5.43436380310513e-09
0.453625345147059,0.631867699276345,0.716722325741552,0.597914796922271,0.241171790708579,0.248532561508123,0.00014185825908337,5.45087328883406e-09
0.433178429887081,0.608331277135332,0.702200159120221,0.57769164793365,0.240732035982341,0.247932025687358,0.000139565128224022,5.57973050742427e-09
0.408719311951264,0.595736286140438,0.694759074413107,0.570719502824785,0.240316109877539,0.247352985124427,0.000137272504559774,5.5606823346507e-09
0.381748626918999,0.581355166198873,0.685659708788951,0.562392765001282,0.239292829369059,0.246066369801685,0.000132883805810608,5.54022994937477e-09
0.368741787767788,0.569477808590544,0.679526554896784,0.555374846339822,0.238592270442759,0.24520970139332,0.000130179606575514,5.56376806111918e-09
0.340120481871726,0.551432277345043,0.661209728500039,0.539922853301125,0.237368496656454,0.243806822400839,0.00012745835476447,5.59975337694459e-09
0.331439024433028,0.542696521958675,0.652220495972324,0.531977169174843,0.236758669392402,0.243107423720607,0.000126071982153643,5.68631555499673e-09
0.322357055747266,0.539067790677525,0.638335804045026,0.523193155409014,0.235846921709561,0.242085910917791,0.000124239824115273,5.65602815929796e-09
0.323013331229836,0.539375269921638,0.631856222936793,0.519007376235548,0.235256049139624,0.241434205262457,0.000123270932942052,5.58443254767092e-09
0.330092849018453,0.545591684327458,0.62724032595172,0.515167041457917,0.235006429223895,0.241138009947913,0.000122774230466937,5.59316618158307e-09
0.349095834412173,0.557422239287952,0.621586173436181,0.510024698923657,0.2349374880642,0.241040363633242,0.000122717280095823,5.41419551420225e-09
0.37715928424717,0.563390858861053,0.620755622709569,0.508551754633394,0.235092396879679,0.241203002247332,0.000123100540467096,5.49873466732265e-09
0.397263801020394,0.568638269597721,0.622409103645555,0.509229368544978,0.235277036322426,0.241405823921757,0.000123587440752826,5.53410706340306e-09
0.403855938113959,0.571066517079824,0.622086025993275,0.509284337593305,0.235400143378671,0.24154341098093,0.000124008112877553,5.53722305970584e-09
0.414857528676146,0.574644839088531,0.6192796204547,0.508345459258866,0.235752289781756,0.241935708601628,0.000125095703363735,5.69625246487516e-09
0.426578821080082,0.580745428691021,0.614997488223503,0.508736571621531,0.236583610316501,0.242867306045598,0.000127344741621458,5.63086218508611e-09
0.426350327880462,0.582617419068711,0.610013152279613,0.50641674836939,0.236954609530806,0.243311604968596,0.00012864675728688,5.55722263291575e-09
0.423715681306016,0.584246397111872,0.604279601452929,0.503834363952187,0.237390208740808,0.243833122082989,0.000130079155073378,5.51698456264789e-09
0.42603173324906,0.587883225949594,0.595771993275766,0.500896772333078,0.238055783017472,0.244629696677095,0.000132321803472941,5.52012161751516e-09
0.436929120580866,0.591535550215891,0.592143781666456,0.503439264823388,0.238587603891812,0.24526119961748,0.000134349624456609,5.59897497967823e-09
0.442475012078194,0.596009571392279,0.589825978068307,0.504756265452276,0.239242681371807,0.246001632354505,0.000135924831516052,5.64195544176415e-09
0.441630928918222,0.596931538059062,0.589233836916755,0.505347129840668,0.239490934700859,0.24628611292308,0.000136483356063343,5.65692394088087e-09
0.43187935190358,0.600816537142265,0.584872711705351,0.50441825046074,0.23992063682641,0.246793857234118,0.000137640792995537,5.59253376588825e-09
0.42117922932863,0.610558761047849,0.580586440000891,0.503423385480764,0.240809296873401,0.247784709724171,0.000139189453001489,5.53456034252059e-09
0.424059391888134,0.620356649871809,0.582386193455677,0.507693137268721,0.241445086758018,0.248481577282134,0.000139832603875334,5.31446246859444e-09
0.426364209290426,0.629748341415804,0.583616572136135,0.510383607119767,0.241949900046043,0.249038218306253,0.000140056151409009,5.30843561233607e-09
0.430711637851222,0.641375754723472,0.591089853135045,0.518509384265656,0.242881363442373,0.250042505045288,0.000140496271433313,5.37811566655449e-09
0.437302884782447,0.653304387750392,0.596171508983431,0.524163816635436,0.243784418532226,0.251000661092429,0.000141157128911072,5.34519135575744e-09
0.445134015039222,0.671471207780479,0.604885521688835,0.531679226355053,0.245119600714437,0.252432929082916,0.000141944321030001,5.44208758836682e-09
0.43817295279688,0.681684650699862,0.616602872933005,0.539934158317619,0.246505899683825,0.253938115716852,0.000142497754535669,5.30567249733414e-09
0.43962466729073,0.689451409233679,0.625043006339473,0.548934353838846,0.247362944735327,0.254893631976527,0.000143357222902128,5.26550651109263e-09
0.455589624841353,0.702798418592411,0.636597895856491,0.562459250561952,0.248370822157401,0.255982706730802,0.0001441617043443,5.32494603120926e-09
0.489471082829148,0.717251298044491,0.653046518514532,0.575184537659226,0.249728899193876,0.257483398413379,0.00014526625193999,5.34848909821653e-09
0.505591983621006,0.727526617497345,0.66148487137393,0.582303627457624,0.250586164587913,0.258440738331442,0.00014609278626833,5.31101517616777e-09
0.532744870794691,0.763524199784009,0.681869437769998,0.60684520171773,0.25244572769226,0.260475001693394,0.000147822792064178,5.37707398185872e-09
0.548107203166199,0.782542663760209,0.689589149174917,0.609114326601535,0.254284785224218,0.262498685371497,0.000149645735325684,5.39094447185989e-09
0.554433184878823,0.787512875326901,0.689816159190642,0.606074454494134,0.2554731724208,0.263814241318628,0.000150643602190086,5.3821316394086e-09
0.54814623821124,0.791409751864903,0.685629694544128,0.600449237907019,0.256786254766951,0.265277424585604,0.000151620452009071,5.35910206900044e-09
0.541650324819809,0.795297122828524,0.679729324441893,0.594177838917685,0.257527184332865,0.266102893834963,0.00015205041597021,5.34453458332869e-09
0.535054915592189,0.797285331079994,0.672027388569493,0.586609044120585,0.258252724219155,0.266904413682017,0.000152301724234389,5.4042004634357e-09
0.52834909411509,0.795938490101437,0.666696421298393,0.580485870330803,0.258573311151183,0.267268403355463,0.00015239025233581,5.40196038554604e-09
0.508383527496483,0.791147937190624,0.654329107296532,0.569261759274736,0.259139091516119,0.267912693812755,0.000152754108023922,5.41008841568446e-09
0.465471763784114,0.784950172787373,0.629310369598859,0.554842703912483,0.260158051765313,0.26906913698955,0.000153417347624782,5.36264050005848e-09
0.435072070600701,0.775801341761987,0.612272197701235,0.541659104925277,0.260732839758995,0.269725012057172,0.000153887423013381,5.3748598424134e-09
0.389106334177413,0.743749117863199,0.578483846042239,0.507624334270973,0.261216247226538,0.270323097167066,0.000154337877264926,5.28870417637550e-09
0.368793408551911,0.735154755987137,0.563519926875366,0.503347904068464,0.261626013394445,0.270802597190533,0.000154576810658278,5.26267533067864e-09
0.344099707277343,0.727057512678641,0.549697861538193,0.50475003511588,0.262077161428838,0.271365302743507,0.000155019112045559,5.18246895285192e-09
0.341721265879775,0.723138585113407,0.537194105761479,0.509526088034512,0.262931855081979,0.272353642553668,0.000156086595887464,5.15491246102148e-09
0.344598756359141,0.720425708970837,0.530436130936202,0.513825892417893,0.263511833825458,0.273025209528172,0.000156923734090087,5.22488715919726e-09
0.35296458795559,0.722551783813727,0.52835931166123,0.525862019013486,0.264539816902419,0.274206979577891,0.000158424002810632,5.11421964520307e-09
0.356511063900664,0.725980476524778,0.529219791620566,0.53591122977814,0.265274920085047,0.27505793719752,0.000159579319976055,5.06211516294840e-09
0.358892855344173,0.728641014130402,0.530003373784427,0.541824927273433,0.265656891021916,0.275504172296096,0.000160241232567619,5.09395101825021e-09
0.364467996943103,0.73442599114588,0.532295434169932,0.553119771513294,0.266319964329206,0.276288275819094,0.00016153989281093,5.12428335990422e-09
0.372701324938775,0.743592160842852,0.536753233113002,0.567935245807605,0.267180727915071,0.277289111901614,0.000163628722538763,5.13218220279514e-09
0.412770391265112,0.763093987324507,0.547681612235275,0.593586107272047,0.268912531638536,0.279203689032497,0.000167100325089739,5.22669078293262e-09
0.434224612116352,0.775903110202015,0.554820608373884,0.609052636411497,0.269655972176738,0.280087290762643,0.000168949460086125,5.26430229983523e-09
0.471394559356818,0.791883292835448,0.570953727083069,0.631918499023647,0.270768648313498,0.281396676548364,0.000171318839419622,5.25724094146895e-09
0.521234021410882,0.814301042541311,0.592568102854766,0.661592906411807,0.272355967367824,0.283172481193324,0.000173729939966384,5.28167543177877e-09
0.541380891517124,0.832682788201732,0.606193957471892,0.684774487971011,0.273359426631646,0.284295686946941,0.000175370370073884,5.23400507137099e-09
0.566323122572129,0.855040062609605,0.628813725035004,0.715905546643597,0.27502201053349,0.286187162567221,0.000177852839561551,5.45529237873694e-09
0.586408496836066,0.865531355022705,0.643392570249965,0.73134279917045,0.276282620401558,0.287614026545795,0.000179724136852626,5.53868395912783e-09
0.624698079845165,0.877366940103679,0.670301196696065,0.750898667104719,0.278850047007614,0.290539720497521,0.000183577712425156,5.63537883516504e-09
0.666768651305066,0.885701312460325,0.691184320022733,0.764592269844713,0.281277064542907,0.293313043587804,0.000186868019130188,5.67554144071744e-09
0.706575064301247,0.895188486220754,0.706913852972664,0.778165642950208,0.284337249309355,0.296806791749279,0.000191599412233746,5.63106091574581e-09
0.726848410767204,0.901016656161517,0.716993940607352,0.786174601327754,0.286536191715364,0.299239507827828,0.000194769794177054,5.62801858418884e-09
0.766497149687595,0.913069035972782,0.739413343183631,0.805492969653942,0.2900643208065,0.303179608110949,0.000200145924092863,5.56437859088596e-09
0.802983422048391,0.928251615598888,0.757890062676416,0.826854278828361,0.293223910259656,0.306823010507387,0.000205438979726864,5.6461398419855e-09
0.81876689718814,0.93432047417198,0.772016687142823,0.839294849906994,0.29418407240448,0.308008365721061,0.00020768501017613,5.69175318185374e-09
0.848129564679869,0.932966235231746,0.796385516965605,0.848389039408061,0.294292038579426,0.308261324083624,0.000208695903415157,5.79500117445315e-09
0.865657681229499,0.929872082824629,0.805286446342112,0.847592451644794,0.294056516148604,0.308080012462609,0.000209194163967331,5.72523515288939e-09
0.873256679661538,0.925743813916863,0.818236393670619,0.849290944594776,0.292895723484402,0.306886462430472,0.000208609708625187,5.64081228343425e-09
0.872448983151752,0.92869352948037,0.826006613630528,0.856931233121348,0.291560682728459,0.305452291086549,0.000207285025689773,5.60664616186928e-09
0.843425976134441,0.929220960830024,0.833429622473734,0.862230016439839,0.288091067250015,0.301677730192788,0.000202863972895333,5.58716488712134e-09
0.810595617607657,0.922316479028845,0.838022834268883,0.862212379281222,0.284532687234854,0.297823998991916,0.00019812083402725,5.63882324409243e-09
0.763803512593155,0.900908069478941,0.837796038863754,0.858547687910184,0.279021119935094,0.291839271630984,0.000190598123291166,5.85143499862336e-09
0.740695615964949,0.888067471258674,0.83747980080287,0.855104061157073,0.27668779990064,0.289283473283719,0.000187376275470199,5.84638569757181e-09
0.714632446579823,0.871650860905272,0.833517436000915,0.849178773741393,0.274307546911933,0.286727231338692,0.000183987210075251,5.74534898200276e-09
0.684610880638146,0.854640741114466,0.8116602265416,0.832906368317931,0.273121314672763,0.285560795049606,0.000182685420169671,5.73397594357637e-09
0.665617918659996,0.846036970757294,0.798996024202461,0.824018178263605,0.272751290837427,0.28527727421966,0.000182433821375279,5.74219203189884e-09
0.649844441075756,0.841714830863091,0.783323282576474,0.812664153174794,0.272594148485374,0.285250156599738,0.00018270240806627,5.7694638822353e-09
0.627116282263471,0.835550356587005,0.754073220090187,0.789423642889426,0.272709748841763,0.285649802295762,0.000184061740975364,5.74922003131257e-09
0.620516645468576,0.831141105300609,0.738687407900511,0.777223018612674,0.273229709657362,0.286378467355709,0.000185602469889634,5.6960449102822e-09
0.61837583095894,0.827171572378907,0.733306818410993,0.771178143014859,0.273678254974262,0.286948249549894,0.000186652862621652,5.67789101697354e-09
0.611862015148023,0.821342269892316,0.721853982873833,0.758722197199966,0.27415495796791,0.287648206519286,0.000188270903487984,5.68426022751958e-09
0.594347216046917,0.816013614845675,0.69383948319568,0.728455246511869,0.275016171999587,0.288874831912696,0.00019032091522262,5.61822936388215e-09
0.58555573107589,0.81317034473286,0.674222997596213,0.70735397605062,0.275791645516824,0.289889082864416,0.000191689813490199,5.58763426687016e-09
0.581628142784855,0.812161478144667,0.652687381600494,0.683878472598565,0.276940982875783,0.291283706406017,0.000193373593701788,5.67865742236113e-09
0.564256045413809,0.807634470566583,0.632971205879251,0.662109676750558,0.278432274353819,0.293090726379145,0.000195478176158899,5.65730942041193e-09
0.567909251086073,0.80547060512836,0.623247712906563,0.653671737195406,0.279289840391182,0.294109619121866,0.000196600568223377,5.6509295962545e-09
0.57296088356805,0.798595581114572,0.612882967423722,0.642939223522791,0.280390396332341,0.295342297433385,0.000197422676085799,5.76220863570062e-09
0.575627552085286,0.795230007221807,0.612752081221381,0.640131692783598,0.281105689016893,0.296069330128809,0.000197552101451503,5.87493119528231e-09
0.575435744939035,0.792484792279858,0.611366008943641,0.638671055715934,0.28115441464108,0.296106422490883,0.000197475150190463,5.88638370974212e-09
0.57655873476351,0.785987597972328,0.600308580330982,0.632538272533453,0.280702204468461,0.295583144930364,0.000196412319648652,5.9266597465883e-09
0.577388239888609,0.780138407244036,0.58721969574154,0.625249535396628,0.279898753970507,0.294681696395564,0.000194491055385801,5.92813014819447e-09
0.571240140345764,0.769560865755645,0.579383739696195,0.62223904414419,0.278417958910537,0.292987926743085,0.000191598931260837,5.91311352231822e-09
0.565196108189014,0.763464968353374,0.581032767678583,0.625966415965872,0.277199348986655,0.291588358996143,0.000189578874253914,6.0099907637778e-09
0.532602958199846,0.744605720270713,0.580832680585741,0.627137209655333,0.274918115279219,0.289013028081518,0.000186101471478601,6.08857089841106e-09
