"w_met","u_met","v_met","uv_met","T_air","T_v_0","FD_mole_H2O","FD_mole_CH4","u_hor","v_hor","w_hor"
0.257040100674541,0.530407288035516,0.557078456613888,0.485316139579696,0.140000286750548,0.143510915190415,7.69356988912104e-05,4.66529153140319e-09,0.52542934269186,0.561776026422365,0.257040100674541
0.267037103616426,0.510510079716416,0.560848710698491,0.472325624045693,0.137514685173062,0.141186007036732,7.67326167886697e-05,4.58108027336466e-09,0.518324609803476,0.553634732162186,0.267037103616426
0.276840746461743,0.501453105825144,0.559903716854754,0.466195357699463,0.136100240947688,0.139845346381653,7.6365033431768e-05,4.55552825853281e-09,0.512328491674453,0.549969913820776,0.276840746461743
0.292365214663578,0.500522000097747,0.558615261088946,0.464658980443064,0.135100136256952,0.138888865800416,7.59945570930953e-05,4.56470933991473e-09,0.50799768529622,0.551825728139784,0.292365214663578
0.305148581605041,0.4958038698265,0.551169821189562,0.456975653242128,0.13354484852877,0.137371576715342,7.46092226490716e-05,4.76389929182489e-09,0.492894440673033,0.553773166087599,0.305148581605041
0.310871836918767,0.484028213972834,0.539557487550201,0.443931117950852,0.132005818973496,0.135842547093949,7.30346976623309e-05,4.7659745594164e-09,0.476005123201171,0.546648622955784,0.310871836918767
0.311556355787825,0.476516799889762,0.531301703805399,0.435469234311338,0.13114533521115,0.134982904193628,7.17161759229521e-05,4.76677352538776e-09,0.466838585656682,0.539825431029115,0.311556355787825
0.30901490967887,0.469446306208236,0.521248173444738,0.429884570388441,0.130162421839572,0.134013505753497,7.0157476473399e-05,4.79129380865177e-09,0.46205396137082,0.527812115732071,0.30901490967887
0.301706902965213,0.463033496066776,0.515900621985915,0.425296393918422,0.129335028693253,0.133213462472907,6.94956824824309e-05,4.81374672467009e-09,0.458971808786029,0.519517419327741,0.301706902965213
0.293860064641269,0.458791289196908,0.511452198965268,0.422265219332809,0.128563705486282,0.132474172402392,6.91201784073093e-05,4.77351681969106e-09,0.45877296946674,0.511468631839762,0.293860064641269
0.27861565280458,0.455735554400797,0.506470296876013,0.419465631574185,0.127443975188246,0.131404460435188,6.88791991205073e-05,4.76380845320445e-09,0.460158360826558,0.502455311569192,0.27861565280458
0.267599171055655,0.454428673201699,0.503993619672103,0.418427843057421,0.126586979990047,0.130587767778219,6.87922107967803e-05,4.72469110198541e-09,0.461272532392196,0.497737519741616,0.267599171055655
0.264356435263577,0.453225807980277,0.503725158448392,0.417574651398614,0.126201917016181,0.130223442775305,6.87445863530715e-05,4.75318844621121e-09,0.461912154705398,0.495771953229152,0.264356435263577
0.255699805441642,0.447360262350697,0.502627550582338,0.416875206155242,0.125299760829129,0.129366273236091,6.8522047878136e-05,4.7656484505155e-09,0.464715114844701,0.486626675152279,0.255699805441642
0.252953535316884,0.442490405049889,0.502607428055952,0.416120913203226,0.124404952351189,0.128511027000008,6.84170849948472e-05,4.6045393850634e-09,0.469113684183307,0.477853886256247,0.252953535316884
0.253484459946393,0.441320776449287,0.504114320361564,0.41696266365186,0.123256941041228,0.127412808759158,6.77733131151155e-05,4.37580779433796e-09,0.475734899614005,0.471774926218696,0.253484459946393
0.256027594504451,0.441491642628957,0.506711470672821,0.417671424043705,0.122499675225085,0.12668727094894,6.7361210426597e-05,4.23244064094126e-09,0.480290177765974,0.470098638760162,0.256027594504451
0.276561436463288,0.445113858418804,0.511026651801273,0.421867793149817,0.121355002749594,0.125571986652972,6.66853023943019e-05,4.12632342863288e-09,0.487209117036488,0.471064605000441,0.276561436463288
0.292259443844231,0.448892012457944,0.514724076271563,0.426196516290827,0.120861718027781,0.12509991177029,6.63173970998822e-05,4.00342127958167e-09,0.492065336627098,0.473620753379978,0.292259443844231
0.303731585282882,0.453954285836972,0.521954873485415,0.431582004400116,0.12029223562812,0.124580066558553,6.57725712400485e-05,3.94350967167192e-09,0.49799065325893,0.480121539666443,0.303731585282882
0.308759261159511,0.457636688887899,0.525266187606897,0.436068188269457,0.119967193519608,0.124302459300896,6.55749163520803e-05,3.97291170700996e-09,0.500985289897943,0.484096732239784,0.308759261159511
0.320800617529729,0.463861503265134,0.533416783018859,0.444663647071878,0.119700564880721,0.124110125829271,6.55956152419478e-05,3.97123337902582e-09,0.510147692055983,0.48933658243333,0.320800617529729
0.320392030123719,0.464825093307262,0.537767968751277,0.446671631368927,0.119522174905596,0.123980291942053,6.56371265241875e-05,3.91786088146223e-09,0.515122402575272,0.489801659805332,0.320392030123719
0.317639198708943,0.469956117914877,0.547750096607489,0.453193241610961,0.119434104714683,0.123967709927698,6.57450487909746e-05,3.77114929920601e-09,0.524750404258223,0.495505735920349,0.317639198708943
0.315622872911968,0.473542390698313,0.555976856916981,0.458713536685686,0.119409399021587,0.123994243776259,6.59494443806059e-05,3.79832659783015e-09,0.534617821514934,0.497530346947988,0.315622872911968
0.313747432555479,0.478096915078594,0.562784952904065,0.465221422650005,0.119409534312944,0.124041813549016,6.62747356331104e-05,3.87951238846608e-09,0.543402357838097,0.500017440614721,0.313747432555479
0.303909340214781,0.486233235226767,0.575772844237818,0.476478792872309,0.119710276395331,0.124411045444076,6.71944218660754e-05,4.02911266887918e-09,0.558014393210179,0.506514623847201,0.303909340214781
0.291837312615947,0.491571294140847,0.584665527185052,0.484013790412498,0.119732059232975,0.124487168603672,6.76682125569082e-05,3.97269199593353e-09,0.566777009564061,0.512093680229996,0.291837312615947
0.296616339554432,0.499238894402313,0.597654908856597,0.495625646215008,0.119984387443987,0.124797968942387,6.86396387349237e-05,3.95603302554713e-09,0.580942152301154,0.518591437881627,0.296616339554432
0.295533117895051,0.504537893827776,0.607272092079084,0.503448522977457,0.120216609592443,0.125066970438882,6.91533616945763e-05,3.95471984351362e-09,0.593246075236521,0.520957747176044,0.295533117895051
0.285131270076328,0.509432846623112,0.620295136615258,0.510852268266565,0.120369826953924,0.125287256144779,6.99714233767159e-05,3.89202198080901e-09,0.611471750573324,0.519990557585293,0.285131270076328
0.286817431981627,0.511956643041891,0.627387263166442,0.515827039261484,0.120545649301891,0.125514082840552,7.06428889257043e-05,3.84952759229798e-09,0.618039168891928,0.523203562730202,0.286817431981627
0.298340468040773,0.515465770179917,0.632157699618573,0.52264661979191,0.1207815034346,0.125799470531301,7.11461301452692e-05,3.79940811817753e-09,0.622672106762783,0.526884963605736,0.298340468040773
0.300767717943867,0.516825062053966,0.633870791652415,0.52937166853737,0.120902576326708,0.126007815484658,7.19560466321462e-05,3.88838905844871e-09,0.623125790368013,0.529730662370402,0.300767717943867
0.29893353568566,0.512599183595757,0.632342488812039,0.530096554441144,0.121012013472289,0.126207034088694,7.28398885145512e-05,3.8292018216575e-09,0.619063090206533,0.528560154120587,0.29893353568566
0.301613226760089,0.50631802784731,0.630266958776777,0.527934587314928,0.120941332378114,0.12621720865994,7.36356444808817e-05,3.82901234653125e-09,0.615281964114285,0.524425866338212,0.301613226760089
0.302871658355719,0.498423033399534,0.629912308997092,0.524584364727086,0.121009957953874,0.126367412495706,7.47211941306611e-05,3.87346335644557e-09,0.614632365355459,0.51714803751614,0.302871658355719
0.294934293397031,0.487808777607008,0.626508530197646,0.52046142679749,0.120870590957073,0.126337513967058,7.59681373661751e-05,3.92679285770089e-09,0.612325196094604,0.505497968491034,0.294934293397031
0.29215921242873,0.479755604594309,0.625035150430721,0.518038388406041,0.120664639915503,0.126211732768897,7.69070451206748e-05,3.81867134667525e-09,0.606935608701467,0.50245750696331,0.29215921242873
0.296580320893159,0.475371025262404,0.622457422382462,0.518866261161155,0.120617832441485,0.12622555032538,7.76041071966951e-05,3.95202529893186e-09,0.597586530876747,0.506281732292152,0.296580320893159
0.302505403688189,0.47513443040276,0.619180511765971,0.520775054814822,0.120796108086853,0.126475219970064,7.81364306061803e-05,4.05407485513144e-09,0.586876079129341,0.514503353585473,0.302505403688189
0.29404111082272,0.474023635933984,0.616908277530916,0.519877864689236,0.120773513082305,0.12649866470728,7.85226678774398e-05,4.13375017483794e-09,0.582320728811838,0.515923249239929,0.29404111082272
0.292484761574099,0.473496618270098,0.615950738142282,0.519232472010513,0.120826749368689,0.126572191519966,7.87998483975238e-05,4.12946926324863e-09,0.580116196490207,0.516778054778816,0.292484761574099
0.291737131950211,0.470259543911509,0.615379224105984,0.517604289033159,0.120850637148612,0.126637882007577,7.91397304358625e-05,4.02103168191497e-09,0.573855069894462,0.520121127101722,0.291737131950211
0.290517097260526,0.468350835549046,0.617212318297933,0.517366813451726,0.12082148493856,0.126632321872477,7.91450373192099e-05,3.99055171102854e-09,0.570538800675477,0.524203231525699,0.290517097260526
0.279221976717438,0.466633575870672,0.620668103650554,0.517602249092773,0.120622775858906,0.126442462240981,7.85973128228916e-05,3.95892202108479e-09,0.567167675757533,0.530374034615971,0.279221976717438
0.265986006841725,0.46538654815822,0.620882765047907,0.517450661742684,0.12034847912644,0.126153923848908,7.77157950112002e-05,3.93574624962482e-09,0.565902130559163,0.530881178578368,0.265986006841725
0.253163657138426,0.464946776211465,0.623260664123394,0.517176781674209,0.120102376163923,0.125884162399687,7.6681436758108e-05,3.90374139743689e-09,0.565451605646678,0.533754477100251,0.253163657138426
0.246671310166578,0.463024556840103,0.624205142197091,0.51465780125527,0.119887631750997,0.125653774826484,7.59901529631799e-05,3.90589899978827e-09,0.56688845532536,0.531658987510877,0.246671310166578
0.242921290432882,0.460314116497443,0.625916681983953,0.511128022571029,0.119750685538756,0.125507206640032,7.54152642220377e-05,3.8477908328474e-09,0.568149988226938,0.5299682721733,0.242921290432882
0.232648759384431,0.452301780367746,0.633376488166266,0.505003136436917,0.119332630946529,0.125083459932669,7.53670205857629e-05,3.78845485703529e-09,0.575865057463783,0.523566721514935,0.232648759384431
0.239465775137127,0.44901177883932,0.642617135213869,0.503409184638274,0.119106137113235,0.124845003098915,7.55801234334867e-05,3.85475116419519e-09,0.581153604046104,0.52614527320043,0.239465775137127
0.240079706675568,0.448044010052145,0.65989561415646,0.502436557349535,0.118626351294988,0.12434925066375,7.54632497613752e-05,3.80121014253249e-09,0.599309002576472,0.526340551313817,0.240079706675568
0.255814925691761,0.452749497594787,0.675389244622459,0.505486619295952,0.118543107734735,0.124257103490872,7.57427862837784e-05,3.79723408123518e-09,0.624102462397199,0.521180252651403,0.255814925691761
0.287582356734179,0.459616781719554,0.698298840121256,0.509505822533254,0.118473935166505,0.124186703817869,7.61381499459782e-05,3.80586761327075e-09,0.658386749285589,0.515165744705611,0.287582356734179
0.302636480501856,0.464315088941163,0.714840390145426,0.511903406467576,0.118416432563581,0.124130013814417,7.63720798919578e-05,3.86565958681166e-09,0.680068762253415,0.513898592923559,0.302636480501856
0.310717826496691,0.468086711590668,0.730320079246423,0.513595539884767,0.118349483910825,0.124064849749652,7.65917853751198e-05,3.99630159578152e-09,0.701165220673972,0.510724897606811,0.310717826496691
0.324966747255033,0.475333612234411,0.753594706835976,0.517980926125939,0.118410575044695,0.124127753712075,7.72507124227959e-05,3.95113429039771e-09,0.73134414694772,0.508903491652715,0.324966747255033
0.338799667061955,0.478298272881076,0.76737179880519,0.519576538539768,0.118471546664349,0.12418834014136,7.76890713771287e-05,3.83486568124835e-09,0.740151152416112,0.519427557046827,0.338799667061955
0.345436201932447,0.479349660939458,0.782915912457642,0.519616550882878,0.118237404617182,0.123956259207603,7.80926726830836e-05,3.74233527835083e-09,0.744663497530502,0.536851654433322,0.345436201932447
0.340726892794862,0.478744522375717,0.789680762710295,0.519120442750596,0.117961110954263,0.123687071949188,7.78391383782421e-05,3.56526029836903e-09,0.743665863460361,0.547497130789946,0.340726892794862
0.341095388342403,0.477200136680397,0.798220926256217,0.518896556489641,0.117916070536917,0.123624224614079,7.75854456225341e-05,3.62425524067325e-09,0.740708760914845,0.562340776633811,0.341095388342403
0.340654215843304,0.474774753319616,0.80066436921986,0.517766611107513,0.117808065127405,0.123502307424965,7.73246834195468e-05,3.56168820592702e-09,0.734596219749446,0.571701751315983,0.340654215843304
0.337319998260965,0.46977987780302,0.800336354390088,0.514622754010075,0.117626234262214,0.123309736312871,7.71082231223283e-05,3.57522925127299e-09,0.721222242407927,0.584011892689796,0.337319998260965
0.331960985898863,0.468372817299018,0.79595063927078,0.515482430717608,0.117572314930361,0.123240575222114,7.69127214733367e-05,3.66203955105444e-09,0.707284897980618,0.593850645557222,0.331960985898863
0.344077550084246,0.471519730329939,0.791470977622764,0.519361301794233,0.117608005319474,0.123269405654579,7.69338608362266e-05,3.56507410197799e-09,0.702008878319462,0.596607659412955,0.344077550084246
0.372429189461893,0.474929858896288,0.783278150574462,0.524346885248331,0.117770515477349,0.123445151599684,7.68017645197316e-05,3.69045711365971e-09,0.691744689985205,0.600476740528615,0.372429189461893
0.380787392174154,0.480109888040124,0.775353115784202,0.530990955097188,0.117714868163867,0.123413097749763,7.65016177080943e-05,3.78765488216637e-09,0.698185871175473,0.586697918899595,0.380787392174154
0.393202905003847,0.485228616675833,0.764669630497861,0.53793613459573,0.117804340798643,0.123512548333522,7.5920617023809e-05,3.83399359801482e-09,0.708345491726433,0.564281063476098,0.393202905003847
0.404443225232511,0.487983144420652,0.757871584071115,0.542241974110898,0.117915469533627,0.123620873166823,7.56923605619977e-05,3.93390295125619e-09,0.718972103028704,0.543669019025005,0.404443225232511
0.410330630836565,0.490291445929063,0.75036583989052,0.54560662552087,0.117872760454551,0.123583235630897,7.5516798308272e-05,3.92903245910466e-09,0.724573370480658,0.527662796126575,0.410330630836565
0.416921475169603,0.494060938586149,0.737912006901386,0.550520988846853,0.11786762291144,0.123612881052752,7.57314479283654e-05,4.07535279520109e-09,0.722088966550119,0.516911854528835,0.416921475169603
0.420412247186049,0.498822285640684,0.729734691169086,0.555190700473716,0.118058212305656,0.123847658039448,7.65102232047261e-05,4.1949147497271e-09,0.718258835527508,0.51520931409875,0.420412247186049
0.424988084347485,0.506629831285518,0.722900572092268,0.560768200713679,0.118327756522463,0.124162265380562,7.73100446732903e-05,4.18804680959066e-09,0.712135776226615,0.521652814904547,0.424988084347485
0.426150161581588,0.508650730960456,0.719890911782158,0.56186757008469,0.118437615247242,0.12429512898714,7.77049535342756e-05,4.20060561995252e-09,0.70863276337584,0.524221420435558,0.426150161581588
0.422087680321103,0.508103433481167,0.713083964026391,0.560422159350474,0.118698034721561,0.124613524205075,7.82314096252602e-05,4.20919928222804e-09,0.700689026844605,0.525064497491977,0.422087680321103
0.400463069411926,0.507752398930988,0.700184146211538,0.559288194804869,0.11904807631749,0.125061764461928,7.92472120258693e-05,4.31172114298628e-09,0.685365342668227,0.527583817317606,0.400463069411926
0.386372609987852,0.508674374331708,0.692122968737078,0.559330166504824,0.119366829755377,0.125423985903628,7.97178167067487e-05,4.34292952298231e-09,0.675962927388712,0.529960322808476,0.386372609987852
0.372993941651846,0.51126332977779,0.684318867754508,0.560860030776706,0.119956382275299,0.126074431311648,8.02469676655805e-05,4.38912190840558e-09,0.669150611220041,0.530961358899243,0.372993941651846
0.366384678473041,0.524125445171808,0.674044381622675,0.574043323653782,0.120567072221081,0.126800547328993,8.13610714258674e-05,4.50485931526707e-09,0.663045411208262,0.537972204996975,0.366384678473041
0.364824421400232,0.541057609894361,0.669583130592843,0.591404584643503,0.121322784978954,0.127646987606694,8.25685618840502e-05,4.60830828531567e-09,0.664640128094699,0.547118274347853,0.364824421400232
0.361732936171652,0.546607950478737,0.6656748688045,0.59849720852479,0.121853296731101,0.128255991785759,8.334038500095e-05,4.59757189723342e-09,0.666455452142226,0.545655947272963,0.361732936171652
0.360539713854118,0.548253403244292,0.660747975170922,0.603953690391235,0.122361602339083,0.128847864002952,8.34444427349601e-05,4.60501256948988e-09,0.669167817158943,0.537944340373758,0.360539713854118
0.361997350375262,0.546862157870322,0.657205632506988,0.610937782793562,0.122638602759248,0.129194379454472,8.326616544081e-05,4.53385052981284e-09,0.675969889135801,0.523490374401696,0.361997350375262
0.367544327052583,0.560400914584802,0.657047079373065,0.629278291359262,0.123063186351204,0.129664041582512,8.35458402413493e-05,4.5546979219863e-09,0.686812729491487,0.523496250405492,0.367544327052583
0.374917010830647,0.572894945674822,0.658068121495299,0.644977017329401,0.123282982959612,0.129942753707578,8.41011960727067e-05,4.60782142862186e-09,0.695318711558892,0.527061818636288,0.374917010830647
0.388690222440017,0.571857448132449,0.661677874343478,0.65013940538084,0.123403577283005,0.130159700940382,8.57282194611157e-05,4.61217855930009e-09,0.700234267895835,0.523937515782794,0.388690222440017
0.39637878755742,0.565885749769863,0.663753155534499,0.649256622143234,0.123191438703081,0.130017220742977,8.70306463515067e-05,4.6329206657062e-09,0.702935553481925,0.516407340115984,0.39637878755742
0.398681346711,0.556559254900536,0.666542840186869,0.644859334504352,0.122968128011754,0.129825851436994,8.74349369374213e-05,4.57890676449938e-09,0.704184846976995,0.508095722583654,0.398681346711
0.400859204398891,0.530888952199661,0.670072449758597,0.625046557960355,0.122771172091599,0.129635126628169,8.74158320264353e-05,4.50303612525175e-09,0.698792720960025,0.492472233355777,0.400859204398891
0.402061996824593,0.518554033054152,0.670393525077173,0.614591210718333,0.12253972879073,0.129368936313138,8.68339616998234e-05,4.52057831457298e-09,0.693655839201541,0.486998296099413,0.402061996824593
0.401229804232111,0.516880898266538,0.670271717841853,0.61266896643036,0.122468018770629,0.129283083174953,8.66188502582327e-05,4.54471880546551e-09,0.69214561711638,0.487200660342406,0.401229804232111
0.395648953587937,0.518072198988409,0.668320263581982,0.610140577617699,0.122128969288637,0.128897623096318,8.6017088828341e-05,4.55517123189582e-09,0.68779168258936,0.491928225902796,0.395648953587937
0.38880280097669,0.514926689062319,0.66425542332557,0.604416070491656,0.121587891652397,0.128289712428296,8.49563408333855e-05,4.61872139316978e-09,0.680530370804695,0.493217170157871,0.38880280097669
0.389931951244172,0.497748734549637,0.663375867309216,0.586283271281989,0.120900678667423,0.127472604533832,8.3382252404058e-05,4.66538529429973e-09,0.669239806913451,0.489836120469354,0.389931951244172
0.393531301674835,0.479487114107269,0.662438647292505,0.567542166264075,0.120354377382322,0.126805916985548,8.17404744428823e-05,4.58372930090841e-09,0.658241129697168,0.485233417229932,0.393531301674835
0.385961088418885,0.474169947475437,0.66263260292616,0.557891732837484,0.119745023027371,0.126056753698098,7.94714598245655e-05,4.55479132783932e-09,0.647289367749181,0.494909668473371,0.385961088418885
0.375838663296163,0.480480189148529,0.665844551990218,0.551405811872184,0.119141868108088,0.125243545163187,7.60894263450746e-05,4.74518143550251e-09,0.639588431993528,0.514914378551736,0.375838663296163
0.376958808407372,0.487322826156935,0.670686680593416,0.551769467717485,0.119184533848683,0.125163059897827,7.50412105431037e-05,4.79013661800911e-09,0.634633950508559,0.533426573467143,0.376958808407372
0.380093509321461,0.491466128104262,0.672683356706297,0.552198498714,0.11890808915388,0.12479890970438,7.44349581186065e-05,4.8953512321424e-09,0.630767984917441,0.544218340986995,0.380093509321461
0.380582174696506,0.49256179296106,0.67309830951101,0.552934408526103,0.118725008097092,0.124590357191049,7.42489850724229e-05,4.93371146088239e-09,0.630729915770911,0.545763893550328,0.380582174696506
0.386479328333536,0.495117075596702,0.676837668589435,0.556161543169615,0.118117638825872,0.123914584967892,7.38597815066614e-05,4.95247617592832e-09,0.633745171683165,0.549196873204216,0.386479328333536
0.392033746721512,0.491593948778628,0.687275632157072,0.559267456836812,0.117381649633054,0.123114662177538,7.40116047444992e-05,5.00378356237484e-09,0.64313802824306,0.548074704452136,0.392033746721512
0.399176206672836,0.491753079221952,0.699703324371488,0.564036038373424,0.117099470328716,0.122810824716517,7.46950014334128e-05,4.99288299941256e-09,0.653242565786984,0.551978245318438,0.399176206672836
0.404359660937082,0.494951192274203,0.713127673837714,0.571003880832397,0.116993807831966,0.12271435832452,7.58958149163512e-05,5.06539773462781e-09,0.668162981256314,0.554153401510374,0.404359660937082
0.405608493639625,0.496934925721728,0.729199449340963,0.581561173904381,0.116661790170032,0.122419316384054,7.72004857328445e-05,5.23306127054983e-09,0.680090403067938,0.562275022543338,0.405608493639625
0.408841456604954,0.498712507145727,0.739387544295204,0.591684874781131,0.116638910961626,0.122417800181512,7.81741500037899e-05,5.30461318661877e-09,0.690484296127012,0.564481658023052,0.408841456604954
0.412166838637138,0.498135346441451,0.746780258460785,0.60107020993816,0.11668671068898,0.122499323104229,7.90184523286141e-05,5.37422801499452e-09,0.701409436121704,0.560218154579566,0.412166838637138
0.41311185239253,0.496180611861052,0.749263926729184,0.604508156942392,0.116691189341392,0.122522264307047,7.92779457673354e-05,5.28122667325999e-09,0.706139978829113,0.55583987063152,0.41311185239253
0.415020007897317,0.492016455606674,0.753956662915435,0.611221599567343,0.116348702119583,0.122233787058303,7.97107653918818e-05,5.32596877498299e-09,0.722085816169852,0.537701512206031,0.415020007897317
0.423569824735417,0.49349399194249,0.759318274777528,0.618616396962288,0.116271551735672,0.122190432042889,8.0088507971129e-05,5.31569348850007e-09,0.734781118454383,0.52933663245366,0.423569824735417
0.430447209837612,0.499895842370084,0.767705943347568,0.626874141206906,0.116571921074663,0.122527080557259,8.03513341104283e-05,5.3768188331793e-09,0.744433223743995,0.533935805182793,0.430447209837612
0.436283159024516,0.505599242719336,0.771982144165482,0.63182870388628,0.117017011436,0.123026987852588,8.09980724453212e-05,5.38278338730919e-09,0.748131323516099,0.540265257001366,0.436283159024516
0.441113742197398,0.513080317623435,0.772845479450928,0.638820901821006,0.117756185637275,0.123858954552145,8.18062196498673e-05,5.44874718349971e-09,0.747993283728637,0.54867804306091,0.441113742197398
0.441297531908363,0.515908182318986,0.769909250053102,0.641447565719044,0.11844065537425,0.12460690967683,8.18181562863854e-05,5.51747843843685e-09,0.744219764672115,0.552320964451279,0.441297531908363
0.437942394535272,0.518591079867976,0.762967612664672,0.640727458368952,0.119029531725557,0.125260437996815,8.18292649759056e-05,5.52520750431863e-09,0.742108667271257,0.548024645481152,0.437942394535272
0.434508959127689,0.523178267927365,0.752389113721262,0.638676043051064,0.119794406925792,0.126110639260416,8.18817086540549e-05,5.44562899634515e-09,0.740520258038991,0.539846854127733,0.434508959127689
0.443139188083666,0.528878614666945,0.746610654074917,0.640871063113026,0.120452032631664,0.126835941810202,8.22794076286969e-05,5.4820140484415e-09,0.74098661717436,0.536729811915363,0.443139188083666
0.465333938504341,0.541378120051678,0.74148893660926,0.645291971574248,0.121647649015404,0.12812911771279,8.28617133139984e-05,5.59592738687669e-09,0.738881059858649,0.544932006186808,0.465333938504341
0.473734910436714,0.549204216975021,0.738715298147703,0.648180668140356,0.122476915018242,0.129044219964634,8.32835313133025e-05,5.60820539983214e-09,0.736899087066303,0.5516387397033,0.473734910436714
0.477602493397354,0.564992592419046,0.735294993153753,0.659627518265251,0.123909723870732,0.130614894803102,8.41505826003835e-05,5.70561049339402e-09,0.742369394936545,0.555664501211766,0.477602493397354
0.481102446093064,0.577063901806587,0.736268165463238,0.671412049923637,0.124954731588189,0.131763693115965,8.50310066418536e-05,5.76384207724964e-09,0.752083229320875,0.556295222356914,0.481102446093064
0.482917139811494,0.583733415283411,0.742979351096957,0.679451348863625,0.126349647310984,0.133254654037767,8.62284657977172e-05,5.79165894106661e-09,0.76374417781805,0.556289355573088,0.482917139811494
0.490864303072173,0.599120140992687,0.750274627406446,0.691448699964731,0.128393027724749,0.135476152845811,8.8917231902544e-05,5.86518393688259e-09,0.776521048832838,0.564687542444961,0.490864303072173
0.497700339949212,0.621553311375271,0.763653650003083,0.70972016006895,0.130541763894456,0.137829943014973,9.28609238927015e-05,5.94201817703319e-09,0.792148393980537,0.584804529700866,0.497700339949212
0.505608468854043,0.632728435415626,0.772056256031302,0.720100522076563,0.131763948821542,0.139206007703304,9.48925553064023e-05,6.02729166969633e-09,0.801613803185604,0.594837327344954,0.505608468854043
0.51324674178532,0.646837615673149,0.782885790915002,0.732384071864592,0.133280995100516,0.140917982106639,9.71489747908411e-05,6.07346094229627e-09,0.812640688369349,0.609035445826369,0.51324674178532
0.50839533293496,0.663296325950045,0.798552297824229,0.745449717388541,0.135766668483345,0.143700518134253,0.000100889824650998,6.05962801000465e-09,0.826105367204894,0.62864752497282,0.50839533293496
0.493473702507952,0.67026270587248,0.810570539837367,0.748169969873618,0.137802756195607,0.145995866211485,0.000104108775309137,6.14354156748045e-09,0.832278715809632,0.643108726535419,0.493473702507952
0.479275394660869,0.680368758145799,0.829362759124548,0.742889890144764,0.142274050706715,0.15092316885702,0.000110312902740703,6.36285122970652e-09,0.835018161611753,0.67341584705297,0.479275394660869
0.471870818865941,0.695585394560364,0.846204275949652,0.734927879788191,0.146706684366542,0.155709196687942,0.000115682377913466,6.540796402229e-09,0.831917438081562,0.712610759094319,0.471870818865941
0.463203629914883,0.71488209240127,0.850422518546403,0.724896249656762,0.151853251388126,0.161433200918236,0.000122226656241609,6.76503574728834e-09,0.811990964892493,0.758251633047885,0.463203629914883
0.449028953295818,0.71901831596569,0.846973363599168,0.715116601673465,0.154746378929937,0.16473967394324,0.000126285579766223,6.8553814609854e-09,0.792391453132571,0.778759913158785,0.449028953295818
0.426713115840939,0.712226282042928,0.83507613802809,0.697815866649111,0.15728921366931,0.16771822803831,0.000129162693098407,6.9274825562779e-09,0.768972419972072,0.783134631119642,0.426713115840939
0.409692335556902,0.706245554641587,0.827126165534472,0.68596348779435,0.158837749759826,0.16947760484584,0.000130761597221711,6.99053556297967e-09,0.753500569318998,0.784319685586628,0.409692335556902
0.386209374146724,0.696442651251713,0.817364485907797,0.669290258395984,0.160138053725166,0.170940120606282,0.000132008195679044,7.03446147815827e-09,0.732596737013386,0.78512361461312,0.386209374146724
0.349783406299269,0.679945827489511,0.797758515646204,0.643389093405071,0.161031700257848,0.171988742360574,0.000132771137644052,7.19727916317236e-09,0.701687490051364,0.77870382297241,0.349783406299269
0.333323188853668,0.673625770404024,0.783290677666808,0.633379009456296,0.161204163736659,0.172196402221712,0.000132683117202915,7.25195202968285e-09,0.688075396351654,0.770628453411667,0.333323188853668
0.325682801054706,0.670363590953744,0.775499219931355,0.629892021507721,0.161090295086061,0.17208218970159,0.000132394786598345,7.24572493453833e-09,0.683526576558886,0.763922642240841,0.325682801054706
0.314356012329723,0.661876979435208,0.759396212166283,0.623605728927834,0.160203077620308,0.171172884840603,0.000131502876011774,7.24539630382345e-09,0.67354668785387,0.74906515219963,0.314356012329723
0.310987597750462,0.645847103231436,0.738576938216347,0.61963764927291,0.158395707348875,0.169328048000173,0.000130109537048866,7.18523384106265e-09,0.665552763575794,0.720870233338909,0.310987597750462
0.305958091957811,0.623294782551769,0.718265724207667,0.615156601715837,0.15568460423805,0.166454164811246,0.000127351900278325,7.05934931258774e-09,0.658901835149526,0.685748064645033,0.305958091957811
0.301125656034485,0.618119115656124,0.71542631345844,0.615009474043399,0.154517258158825,0.165147426547684,0.000125828485657419,7.0335737528412e-09,0.65788906750308,0.679034627974281,0.301125656034485
0.306644400162005,0.617500005077768,0.721149221956367,0.619383518824486,0.153614214294121,0.164087174568645,0.000124906697049551,7.049810718599e-09,0.662305051489802,0.680231192588526,0.306644400162005
0.314310232811058,0.623035934972579,0.731083251566656,0.623556069672835,0.15368081551738,0.164117483175575,0.000125333933552007,7.06727709103341e-09,0.670157335014282,0.688146527503398,0.314310232811058
0.332475450714167,0.630317193915801,0.738995587019317,0.628307490178693,0.154010496317932,0.164477501283839,0.000126436108019729,7.13039846559327e-09,0.677493797057701,0.696000285580583,0.332475450714167
0.342633064583542,0.633539171571891,0.742103257648642,0.631016723758423,0.154244615534151,0.16474504553187,0.000127100864297851,7.12530187578548e-09,0.68039293052163,0.699395872896683,0.342633064583542
0.358033784224767,0.639320594904321,0.746391076417604,0.635732132790496,0.154982453584491,0.165595277721141,0.000128963026067486,7.09224918561388e-09,0.686401603965366,0.703337259142736,0.358033784224767
0.38186744442758,0.648696533802273,0.75564615491744,0.645233959414648,0.156539616465393,0.167352936196999,0.000132246111517204,7.15181299613146e-09,0.696169342899306,0.712149247290022,0.38186744442758
0.400770737183979,0.658186776058795,0.765200463828961,0.658257478085466,0.157918484084926,0.168867462900937,0.000134394914284811,7.12838623715867e-09,0.705558018379909,0.721754435194232,0.400770737183979
0.405994954287231,0.670410912477698,0.767901281003924,0.670972322699754,0.158974029572223,0.17006594591389,0.000136297038313318,7.08006508171421e-09,0.711598692768687,0.729897574586012,0.405994954287231
0.414230634439231,0.683795917787017,0.765143865235293,0.67884735850061,0.160738404783738,0.172060593838743,0.000140011263601366,7.1203038547485e-09,0.710932411688864,0.73999803898365,0.414230634439231
0.426546903763984,0.691305803668365,0.764692068338221,0.683242629555226,0.161859696538889,0.173307883090241,0.000141564987404573,7.18571133028274e-09,0.711124185696348,0.746297572073403,0.426546903763984
0.441407776701134,0.700016840569156,0.758705788456579,0.687787199295389,0.163265601736589,0.174876358456531,0.000143431969799719,7.36716082503367e-09,0.708506446136806,0.750784034393737,0.441407776701134
0.4485001251745,0.703522245272065,0.752562990691223,0.691480605466271,0.16377846830423,0.175452984904594,0.000144082500500097,7.46251159633434e-09,0.705754879819554,0.750469622410962,0.4485001251745
0.443305723048963,0.707600534373728,0.743769819192945,0.694221042539466,0.164470719815968,0.176172123652484,0.000144093507799337,7.52660629727938e-09,0.700513172688707,0.750448769122778,0.443305723048963
0.434849946621837,0.71126157818924,0.739276218110214,0.695307539717026,0.164814386645504,0.176498134266891,0.000143630794708859,7.53120730685497e-09,0.697400516828378,0.752366186374094,0.434849946621837
0.419518237537209,0.714939392930841,0.729940220017578,0.69492325001232,0.164999372205922,0.176622108641672,0.000142289437534469,7.45468070725897e-09,0.690756739104608,0.752865318463533,0.419518237537209
0.400435954329979,0.714242057641492,0.718854126401115,0.688868112086974,0.164845727963676,0.176428731726557,0.000140965968745767,7.37583548579866e-09,0.680655687521355,0.750733512634606,0.400435954329979
0.384504922219949,0.709925589178607,0.710818278712444,0.680056493779118,0.16486578059742,0.17640322878601,0.000139611354497055,7.2940825642651e-09,0.669759746313928,0.748784915539714,0.384504922219949
0.360351801538687,0.706235155906857,0.707978760845334,0.678006914569713,0.165013859661494,0.176480105858979,0.000136892880866472,7.2768099090863e-09,0.665815393297018,0.746117874933723,0.360351801538687
0.341315020114415,0.70686860076932,0.703675684866637,0.679251341338986,0.165151854129002,0.17658744281841,0.000135525625970841,7.152623824367e-09,0.664105184776129,0.744168658154569,0.341315020114415
0.322565311593027,0.70850733990989,0.70082470494589,0.6808080828548,0.165587110861512,0.17702080364625,0.000134611261531888,6.92505766498484e-09,0.663050794582233,0.743976855535541,0.322565311593027
0.315342248051681,0.710005156736267,0.700016181380136,0.681214986261754,0.165916413562565,0.177363538898448,0.000134365014171966,6.83126796616425e-09,0.662249893896535,0.74535565659633,0.315342248051681
0.300365984118091,0.714775335949028,0.698176052987518,0.682067125762946,0.167015517790881,0.178519008867134,0.000134172502445333,6.60719227310229e-09,0.660086486983348,0.750092935274195,0.300365984118091
0.282406847929486,0.722204220153334,0.693877071226681,0.684889210274243,0.168803365328548,0.180486127441833,0.00013474853960978,6.33536084684523e-09,0.657680145727326,0.755315266294469,0.282406847929486
0.290036298722259,0.729052740905112,0.694239508261973,0.689828148519514,0.170409544325683,0.182257184765364,0.000135761764171667,6.23197758164293e-09,0.659345010297179,0.760756565038578,0.290036298722259
0.314638402157657,0.738398001722956,0.697810784501144,0.697201159952828,0.172390223755545,0.184423113333906,0.000137118299589249,6.16201200870823e-09,0.663706780865735,0.769197509712167,0.314638402157657
0.350540293156436,0.753042430127102,0.70836024430505,0.708865476937176,0.175249251562889,0.187579162544362,0.000139309456918924,6.15604830441896e-09,0.675016045625289,0.783071181586987,0.350540293156436
0.379746903684834,0.76349943854971,0.716237137958576,0.716884960595682,0.177357670800891,0.189917411577746,0.000141162839621127,6.15820467598596e-09,0.683547614690511,0.792899545281574,0.379746903684834
0.423837878551685,0.77880131315988,0.72826420712557,0.728636304228582,0.180299469623615,0.193160109750091,0.000143993605197532,6.00083289655435e-09,0.699320419110431,0.804892037589514,0.423837878551685
0.449905196726132,0.790740664471637,0.738688187886419,0.737615870656154,0.182517520468896,0.195610144167442,0.000146050694412064,5.91206121467041e-09,0.712357865626082,0.81454116449239,0.449905196726132
0.476503237965691,0.807075355555212,0.753071661117794,0.749555679650992,0.185529259668997,0.19893077587966,0.000149060726934915,5.86325092079705e-09,0.72841136351207,0.829400049330704,0.476503237965691
0.489738936495667,0.820413492439035,0.762443952294839,0.759504536736604,0.187554026053427,0.201174268925881,0.000151229585739762,5.82190606924519e-09,0.736628459476131,0.843669124513165,0.489738936495667
0.501771505826581,0.834340129040986,0.773051961703453,0.769913052739442,0.190214071531548,0.204103982197203,0.000154425683430434,5.7677316126056e-09,0.738125005788385,0.865392548067975,0.501771505826581
0.504846319872816,0.84099204624361,0.777886246775408,0.776062652917381,0.191613802328549,0.205636646659327,0.000155695583703602,5.71446328446107e-09,0.735464315567267,0.878331870817925,0.504846319872816
0.49748028212631,0.845363142149303,0.78118284122034,0.780451976541245,0.192618956798951,0.20673901169743,0.00015640244086787,5.64505314125643e-09,0.732736342998757,0.887684023270912,0.49748028212631
0.480395647236092,0.847814027652043,0.780102959482532,0.784008112222695,0.193297910997532,0.207456248847243,0.000156694641659283,5.53355442996773e-09,0.726017159746742,0.894566004624733,0.480395647236092
0.463700168521153,0.847980678404212,0.777469857669358,0.785869191396601,0.193337155129047,0.207464413687109,0.000156397637093977,5.53842895975546e-09,0.720582546108371,0.896822950629195,0.463700168521153
0.430280649201391,0.845882949245425,0.772674444859007,0.788279506217839,0.192844102481425,0.206868493718222,0.000155232261675787,5.50912142974882e-09,0.712345179272439,0.89727816597175,0.430280649201391
0.407889859813302,0.842622462636614,0.768439049123793,0.789583446389503,0.192194428522544,0.206117043115764,0.000154277402394814,5.52261052694706e-09,0.710848209900687,0.891743241768089,0.407889859813302
0.379514585871579,0.835298262924808,0.757185839093617,0.790173216869862,0.190668714627343,0.20437116112334,0.000152060777282438,5.6027810581816e-09,0.712632148471664,0.873618339971047,0.379514585871579
0.366270815194585,0.827855221484537,0.749048459465126,0.788739645270539,0.189443124571173,0.202967449774648,0.000150248505399508,5.62706893262553e-09,0.716686579727243,0.856024654320865,0.366270815194585
0.351053839436595,0.818972935449364,0.739670275077751,0.789056260789261,0.187479928405121,0.200701843494198,0.000146971720852042,5.58713300851024e-09,0.720893080939291,0.83554889185852,0.351053839436595
0.345618915672792,0.814437985738731,0.736707299019803,0.78962829726232,0.186072749952763,0.199050503351286,0.000145000898510023,5.47073212259999e-09,0.722144855252111,0.827377595222473,0.345618915672792
0.34745117426255,0.810888441570629,0.738307297893301,0.791003281844566,0.184847424906721,0.197591716603648,0.000143324279924793,5.41641277652263e-09,0.72744632920777,0.82064582428566,0.34745117426255
0.373677697235005,0.807823086888135,0.744985590727822,0.795309089726052,0.183290901211314,0.195670897702936,0.000140868277406468,5.32263376365493e-09,0.738881372033952,0.81341009838997,0.373677697235005
0.398368229657531,0.807117082196139,0.754772909522284,0.802392330870561,0.181765062216512,0.193758767241544,0.000138205300781571,5.35637791777245e-09,0.75232804694773,0.809396465953093,0.398368229657531
0.416188162170557,0.80992674075694,0.764244860574464,0.810248086728123,0.180806909381174,0.192529053849708,0.000136298660946699,5.42214800575884e-09,0.763580775275979,0.810552855732787,0.416188162170557
0.45035145469729,0.814640279434605,0.776454337240288,0.821465392188299,0.179332369180694,0.19061330777387,0.000133196450759609,5.34701651470686e-09,0.778327181489386,0.812851106446522,0.45035145469729
0.478248095417378,0.822860854142458,0.788931473637042,0.835006099474726,0.178328392656264,0.189290421684691,0.000131100159345329,5.28036595278708e-09,0.793967452118119,0.818002775271717,0.478248095417378
0.501422949361599,0.82694452315473,0.802477683106701,0.845109567516568,0.177094393653808,0.187737632361284,0.000128890612759595,5.16947444179699e-09,0.81000035557766,0.819577391235244,0.501422949361599
0.518306525406686,0.829638426314239,0.82363522451662,0.857167053310747,0.175364561336014,0.185549623246077,0.000125756182717582,5.09161250807926e-09,0.832030939819666,0.821218251541277,0.518306525406686
0.525388545139274,0.829605636915178,0.847001777107184,0.869405710710261,0.173372650149079,0.183080397429454,0.000122658784144629,5.18878887499721e-09,0.858560055547536,0.817638156058277,0.525388545139274
0.525754917465516,0.826370813706164,0.85974728399282,0.875138255260076,0.171941136429124,0.181361644517718,0.000120511384812324,5.27513121933223e-09,0.8765529577634,0.808522743226592,0.525754917465516
0.513589986045154,0.818629905621398,0.872682493943626,0.878240706966494,0.169756381456053,0.17878299160615,0.000117423970085541,5.25311671892053e-09,0.898187072519273,0.7905628630113,0.513589986045154
0.503710261596417,0.81119121426228,0.877895746709924,0.87743824151354,0.168344433984559,0.177113225828401,0.000115320732871681,5.04685346563541e-09,0.909009103136516,0.776166592042349,0.503710261596417
0.490574966184796,0.799175842770092,0.879263506379631,0.871655952246572,0.166760938720802,0.175259414566693,0.000113009789143838,4.98795436766448e-09,0.914889891916426,0.75813114102208,0.490574966184796
0.468060044642337,0.783153347638825,0.882130795175101,0.86260211723376,0.164760643821346,0.172938230177233,0.000110100519726902,5.01507923593927e-09,0.919235617094417,0.739249474791292,0.468060044642337
0.446127717718117,0.770412297727198,0.879639821861985,0.852876792072909,0.163411057180308,0.171401417553955,0.000108266002898756,5.03834385175417e-09,0.915880232776004,0.726955792263091,0.446127717718117
0.434103012996025,0.759846619383711,0.876697694165121,0.844109892631738,0.162758219448171,0.170650979331276,0.000107279175326698,5.04828384918405e-09,0.911765378449813,0.717390846473221,0.434103012996025
0.42180564049787,0.746739678193616,0.870499748763003,0.832018242126801,0.161893269790021,0.169628889536251,0.000105858538457455,5.09355017137932e-09,0.903312824608732,0.706693639763759,0.42180564049787
0.424835587484485,0.731058560916743,0.856546810071788,0.815761498451386,0.16070066431856,0.168268613821086,0.000104038363687028,5.17955304651569e-09,0.886490347905124,0.694445044913467,0.424835587484485
0.426755666747637,0.722103224351048,0.84433593619145,0.804585574911269,0.160041207062569,0.167528028322599,0.000102887227103479,5.17137276041967e-09,0.872377782183141,0.687963113048727,0.426755666747637
0.430271614249559,0.716568549041261,0.829393328285558,0.79489970857903,0.159595744725099,0.167045608290507,0.000102696185748601,5.04808811462609e-09,0.855688163236422,0.684953681482749,0.430271614249559
0.44733711384799,0.71420239558886,0.813983223376169,0.788520910792096,0.159579171796439,0.16704157593247,0.000104292520861153,5.17911963658614e-09,0.837908248303122,0.685976324101873,0.44733711384799
0.466996912307119,0.715739990900992,0.80595691010878,0.786607671166576,0.159677271145618,0.167150141318221,0.000105286640612778,5.40395108228149e-09,0.829100659510544,0.68879777288129,0.466996912307119
0.484301217781427,0.717477507789996,0.791599494533551,0.783007657086517,0.159657247544095,0.167139976983169,0.000106220741941186,5.80305593405871e-09,0.813671464042504,0.69234563805461,0.484301217781427
0.489049771973786,0.716009219594628,0.774974097288307,0.776383876221976,0.159427327541965,0.166934247494804,0.000107164531599042,6.18354823706929e-09,0.796888938244079,0.691536025176244,0.489049771973786
0.491366951473705,0.715865143946309,0.765826293183364,0.77307884516783,0.159473099175157,0.16701587236104,0.000108211706785731,6.35599073277555e-09,0.785878774781013,0.693792019986491,0.491366951473705
0.49159458449411,0.717230134474474,0.759224827069796,0.772209880633341,0.15967428400433,0.167272045131874,0.000109538926940759,6.4917578545347e-09,0.777497846028225,0.697379741072899,0.49159458449411
0.488123805997702,0.716936548095586,0.754889377656999,0.769682710471756,0.160556864048881,0.168252955251354,0.000112142401340459,6.69248701130451e-09,0.77112891284585,0.699439908975578,0.488123805997702
0.483793629273077,0.715805996818927,0.747949612996725,0.767191843587182,0.160788611149999,0.168521458637978,0.000113248677599896,6.78008305159901e-09,0.764034614038574,0.698611449387151,0.483793629273077
0.472424192066513,0.711595968425386,0.733782669556921,0.761302213877342,0.160593975010657,0.16827425492003,0.000113092760690763,6.90349877993136e-09,0.750168191081585,0.694300737080645,0.472424192066513
0.456743029849799,0.706367436852207,0.7212700265752,0.75420139546017,0.160111726502432,0.167705150521437,0.000111884551861761,6.84288697103991e-09,0.737741006071097,0.689147019903701,0.456743029849799
0.426788030261965,0.6922721318628,0.69929213710757,0.739102756287593,0.159247975248229,0.166691607164015,0.000110313954614584,6.77986645087117e-09,0.714571224106939,0.676489588428861,0.426788030261965
0.432697160602108,0.683808727311129,0.687640610346989,0.730949386536823,0.159021012742967,0.166357598282977,0.000110015611229115,6.69882126213946e-09,0.70281098065715,0.668207086173875,0.432697160602108
0.450773364850167,0.673012306041336,0.678573059003882,0.722734919088788,0.158844994593441,0.166034099411846,0.000109247014787709,6.39794531278063e-09,0.694589207544659,0.656469948475515,0.450773364850167
0.459162553629758,0.665530011963234,0.673634007974545,0.716920455576548,0.158680391485429,0.165754652304044,0.00010852922225224,6.25106203528507e-09,0.691634355003262,0.646803596544463,0.459162553629758
0.464187726825829,0.65855949010463,0.669547429783682,0.710734082683378,0.158528281091636,0.165431093782823,0.000107674255598157,6.10452957515554e-09,0.691067991908313,0.635939771752496,0.464187726825829
0.459244937051534,0.652570886788611,0.656446060120678,0.705049960594398,0.157525024811988,0.164176073339694,0.00010556805222454,5.910925783862e-09,0.687033365163558,0.62028650419308,0.459244937051534
0.448737177886738,0.645006519874836,0.647883944598053,0.70045635474365,0.156804229019815,0.163201126777209,0.000103226852512848,5.76677462597433e-09,0.686196697901306,0.604087003782008,0.448737177886738
0.444105223867697,0.63976232192821,0.646635653787569,0.697745917183477,0.156689643283445,0.162942011137599,0.000102048611834672,5.61893205571671e-09,0.688186632143985,0.594838344969935,0.444105223867697
0.441575647510273,0.633839004492344,0.646210263057194,0.694633406131614,0.156672064186244,0.162805010043772,0.000101056296006633,5.61163112152857e-09,0.689230285628513,0.586771847542749,0.441575647510273
0.439065482059855,0.630509360448585,0.650239153178549,0.69387006349782,0.156840294246761,0.16281536212298,9.97067239462168e-05,5.47942748097001e-09,0.692434958904425,0.583855151237588,0.439065482059855
0.423723293889732,0.628184133631078,0.654744108237627,0.694107292615058,0.15692270025174,0.162790846741871,9.83102807580722e-05,5.15730686674087e-09,0.69496894154911,0.583372371045992,0.423723293889732
0.388757901072266,0.623556235525952,0.654577570006787,0.691578805759923,0.156896779197508,0.162637237590093,9.67621302009186e-05,5.1425092437776e-09,0.693378630146629,0.580103653906154,0.388757901072266
0.357045423739365,0.616574578460695,0.648520567678517,0.686079518385468,0.156842927282257,0.16245529457632,9.51430598245155e-05,5.00192533333555e-09,0.687567172011475,0.572708059554073,0.357045423739365
0.336490333090262,0.609067152499272,0.643804586205722,0.681382908515959,0.156645034942762,0.162164434396315,9.32132595919226e-05,4.94286135838635e-09,0.682479314210215,0.56539289626617,0.336490333090262
0.324587657305783,0.603846461321105,0.643816846565631,0.679461017883064,0.156630445471665,0.162058655670295,9.16594594612276e-05,4.82056077948444e-09,0.680938170027499,0.561652819249877,0.324587657305783
0.331958226956037,0.600189944130259,0.649327074270048,0.67959498539388,0.156889084551173,0.162195156301425,9.01345880731813e-05,4.86336132662879e-09,0.68167651954843,0.563179137674259,0.331958226956037
0.342784879298003,0.595961947594989,0.65222459324049,0.675915933848767,0.157179623242832,0.162418469306525,8.94238300048946e-05,4.90045746257278e-09,0.678404403601303,0.565981473356942,0.342784879298003
0.359718072003806,0.593718760105866,0.656945638319232,0.670601474370579,0.157958469972849,0.16312857568772,8.90383118490137e-05,4.91329277885567e-09,0.673132827273136,0.575301429387747,0.359718072003806
0.370597541094999,0.595978148865847,0.660949291708759,0.670431712239905,0.158453442961641,0.163580761784958,8.87951416904267e-05,5.00414343537745e-09,0.672053752040699,0.583427522922848,0.370597541094999
0.372017118165373,0.600111066483818,0.666485247288723,0.671042507881353,0.158944497088386,0.164018273400001,8.85103231238188e-05,5.12487843538405e-09,0.672548823537736,0.593307641049618,0.372017118165373
0.372045247412621,0.597973868772415,0.673546193680688,0.670504126387352,0.159439277419978,0.164480722326621,8.8295809387681e-05,5.03678567372435e-09,0.670962068779448,0.600871970569102,0.372045247412621
0.375937470238653,0.599810642013653,0.688826963897984,0.675562714813685,0.160259174046975,0.165260276759116,8.81462204781387e-05,5.03339521724682e-09,0.674415128671432,0.615970475497682,0.375937470238653
0.376000837172006,0.597798903619103,0.698598198593937,0.677169458242807,0.160784297385182,0.165775213470714,8.83730869757916e-05,5.00352609434257e-09,0.675311476468935,0.623985081549424,0.376000837172006
0.376070984701852,0.594097188882545,0.703345878691083,0.67360133248225,0.161289606202529,0.166287561177685,8.87057163542789e-05,5.03545970132668e-09,0.669682278090593,0.631801029851382,0.376070984701852
0.375383263146177,0.585153130448044,0.705180981735826,0.659961069866219,0.162100327293793,0.167125830571598,8.93586136745707e-05,5.04365757952041e-09,0.656099929130578,0.639700934867145,0.375383263146177
0.3765979639565,0.578106617496661,0.706329473717333,0.652447129122356,0.162646691653441,0.167701446564179,8.97418597274883e-05,4.9587899725408e-09,0.651492863143673,0.639269611281573,0.3765979639565
0.374112728980187,0.572600306463487,0.708447850505673,0.650162924021128,0.163209307665204,0.168314049885475,9.04134611353414e-05,4.95168671033294e-09,0.651617469857032,0.636525051215824,0.374112728980187
0.364213423692092,0.562620454239551,0.707226763058026,0.643074174601911,0.163605017642071,0.168756869312513,9.07777504936227e-05,4.89001954515628e-09,0.645936120870803,0.632042718230841,0.364213423692092
0.360634558754701,0.54036458205776,0.701802212272728,0.623760414792402,0.164318478512758,0.169546190269299,9.13666763766447e-05,4.92471297892007e-09,0.629345068123135,0.623253569522421,0.360634558754701
0.3598831474899,0.532893617042695,0.69803934254647,0.614856287788441,0.164773916223028,0.170044981314463,9.17411233297837e-05,4.94733358109778e-09,0.62419868465506,0.617746333783089,0.3598831474899
0.358375647403262,0.522423905972314,0.693096476413135,0.602450141335239,0.165175340048057,0.170474097850726,9.20770854256512e-05,4.95726830413206e-09,0.609748979824031,0.617669527135043,0.358375647403262
0.355710617359443,0.511788373874615,0.682605024049747,0.58708389796801,0.165484686593137,0.170798434609816,9.20707846246482e-05,4.88392668417128e-09,0.595679724695936,0.610772153979986,0.355710617359443
0.353585832645948,0.506658521499235,0.678801624712694,0.577404853913012,0.165709776479395,0.171009506716475,9.18781946075552e-05,4.88019951709041e-09,0.586807780122636,0.610844605696021,0.353585832645948
0.348529099978633,0.502708921080151,0.674552745119277,0.569752300065023,0.16579844833323,0.171059458499158,9.13473493605529e-05,4.88398332524196e-09,0.578250418641628,0.611035284269495,0.348529099978633
0.344313878001759,0.5022567376189,0.673638752626329,0.567653004570757,0.165794200676815,0.171032763515275,9.10863332698257e-05,4.90970677592966e-09,0.575646981272097,0.612112369157705,0.344313878001759
0.329455638681881,0.499652062611994,0.67147936675704,0.560869334769703,0.165778994679214,0.170952835897639,9.05129261682666e-05,4.96031828530463e-09,0.564669361325954,0.617806795068325,0.329455638681881
0.310602036809557,0.494453679883663,0.670313423191807,0.54751876023754,0.16570262880227,0.170767680513703,8.94966386109463e-05,5.0431016136746e-09,0.544953634685349,0.629944491923568,0.310602036809557
0.3064580165007,0.494516901448088,0.67232619811553,0.542225134474594,0.165597526108633,0.170581121061823,8.90656575673427e-05,5.20784177524597e-09,0.540496161750177,0.635950769811334,0.3064580165007
0.312429162935938,0.496745451443276,0.678792757156973,0.541158283112021,0.165533229681336,0.170433152754307,8.88263393502057e-05,5.25989605914931e-09,0.542086572267781,0.643162342542936,0.312429162935938
0.335161167871755,0.503385157512471,0.695211837697933,0.542523696973272,0.165676283689971,0.170482779305046,8.91411157142395e-05,5.10778699546146e-09,0.549288737620391,0.659543780808059,0.335161167871755
0.348002063296534,0.510122886258616,0.707381350179008,0.54146410620858,0.165918468961612,0.170682454140656,8.97161834906952e-05,5.26916752880088e-09,0.560164986563105,0.66845263219966,0.348002063296534
0.365882815264811,0.521234840252439,0.725725745153623,0.543562364316322,0.166474628080804,0.171217174518698,9.11778312986151e-05,5.43528186481728e-09,0.576544775117729,0.682612436274211,0.365882815264811
0.395392662382594,0.542759854824028,0.757008805628259,0.557400526095598,0.167485948632997,0.172225315446323,9.34805655448756e-05,5.55285905092558e-09,0.601005956696598,0.711647687990715,0.395392662382594
0.425212401985801,0.559800626026751,0.784083857608299,0.569356354521075,0.168344904579768,0.173091912920512,9.52152795487212e-05,5.60299635703246e-09,0.619848464100601,0.737531096438638,0.425212401985801
0.457365436919335,0.584694665451428,0.813905046497541,0.582266850339189,0.169546188971376,0.17434359407008,9.76364268850753e-05,5.6805387761316e-09,0.642707602700284,0.768918860448082,0.457365436919335
0.477215087875839,0.603776172740038,0.831527166341897,0.589853818757545,0.17053106122733,0.175385453619331,9.94471723793059e-05,5.77183342273301e-09,0.667737409270776,0.78109528701276,0.477215087875839
0.493834594244981,0.622804096585016,0.848274651192253,0.595780988184986,0.171661053220857,0.176605982995126,0.000101334107823193,5.80764886291973e-09,0.697921853807843,0.787629298944522,0.493834594244981
0.51098173680801,0.650736901750417,0.867891178840324,0.60574938482085,0.173391418850126,0.178487454784936,0.000104211636167862,5.82318688076607e-09,0.726103589152228,0.805895273238919,0.51098173680801
0.511004324223324,0.665466337380022,0.876375952462709,0.606947462899711,0.174405339798696,0.179604257420439,0.000105933846988689,5.98349867933779e-09,0.721886875835729,0.830517666721806,0.511004324223324
0.510970312734201,0.678566143259637,0.882942589313432,0.605077885225022,0.175766884376057,0.181075667041632,0.000107508297882122,6.03154575979132e-09,0.69280049939242,0.871818269390691,0.510970312734201
0.505768139938741,0.680096182400831,0.881877845673381,0.601493314669535,0.176400405147544,0.181768085953506,0.000107785366338995,6.03400096338672e-09,0.67015949133411,0.889452420414108,0.505768139938741
0.489834538589367,0.675687097894965,0.872768925845949,0.58719476944174,0.177259473789834,0.182723832576976,0.000108000520229536,6.02099362746372e-09,0.636711154899281,0.901597225711589,0.489834538589367
0.470217087276586,0.674794498176387,0.859847327124781,0.577189137636936,0.177774932337517,0.183326536288999,0.000108177246992516,6.08136236834139e-09,0.621566942699268,0.899077069263941,0.470217087276586
0.453962441295195,0.675354477604116,0.850949567137242,0.573390547362897,0.178559886324837,0.184197874078141,0.00010857713146267,6.06214570009305e-09,0.614879363397589,0.895623919231038,0.453962441295195
0.439176038302102,0.670565369290224,0.842517080096368,0.568924378708257,0.179699475486215,0.185469125913872,0.000109241090061462,6.00123509735532e-09,0.609079426370226,0.887983782012916,0.439176038302102
0.426920921619824,0.662468634581883,0.832966771845884,0.563022115422608,0.180441119821644,0.186318512844472,0.000109932045690218,5.96854615346997e-09,0.6001087269554,0.878958389593107,0.426920921619824
0.411377527841788,0.64236549699582,0.815689499208916,0.547766213836089,0.181694664300897,0.187765642887543,0.000111163058954641,5.90907027458403e-09,0.579868666660713,0.861240454388613,0.411377527841788
0.40655047400724,0.629617534452654,0.804005042589475,0.538536143075886,0.182797858822904,0.189040871665321,0.000112326597988244,5.8298494656286e-09,0.582954473646822,0.838454787006849,0.40655047400724
0.405590338518588,0.622166471514013,0.793313217549044,0.535196212703044,0.184260770975683,0.190726012694209,0.000114083548233161,5.79329601247326e-09,0.59514971239005,0.813777487558027,0.405590338518588
0.432362034185045,0.619483897320159,0.781318900570463,0.536215668262268,0.187348207694456,0.19421653396007,0.000118799075410304,5.73418092966393e-09,0.621769359601641,0.779501370677547,0.432362034185045
0.444553791471901,0.626192423027287,0.77564940504185,0.545488339414482,0.189642577712955,0.19678651647131,0.000121596861995257,5.75984539364225e-09,0.640563511999068,0.763824153384783,0.444553791471901
0.463964689695397,0.648985959825602,0.786202957087322,0.582794520228702,0.193608147810556,0.201144310508932,0.000125340231422245,5.7599844657526e-09,0.682299172397346,0.757473237236473,0.463964689695397
0.481818739533334,0.656457143091366,0.793113510294481,0.601474456743579,0.196170838685098,0.203948658662965,0.000127784526758812,5.74418517703531e-09,0.698568649239799,0.756284908765602,0.481818739533334
0.511595289108225,0.656602979941699,0.796702236081049,0.615835122827269,0.200115018572614,0.208208714458417,0.000131215613348287,5.66358102048439e-09,0.686523302878149,0.771069180326992,0.511595289108225
0.531026774057379,0.658976583598127,0.801580170286829,0.626830831729681,0.20327011042109,0.21156300244663,0.000133196103508271,5.61985388851784e-09,0.676495840689109,0.786850865576226,0.531026774057379
0.542677815720897,0.662029829132012,0.803915382785304,0.63563670684961,0.205750498306105,0.214215341709964,0.000134710598890444,5.52849586751361e-09,0.669300714995661,0.797872164100052,0.542677815720897
0.550724798519876,0.663969652444263,0.806335596662352,0.648762579859029,0.20875571157293,0.217373303340801,0.000135922051864272,5.37524689014371e-09,0.65615555900418,0.812707005137583,0.550724798519876
0.551305506774752,0.665156130367739,0.808789958927985,0.658829969546751,0.210368803258783,0.219036563134366,0.00013609340046201,5.24129743230976e-09,0.649762369547969,0.821208096981468,0.551305506774752
0.543053358083717,0.665384071281862,0.80902203411872,0.664807251376081,0.211712737334463,0.220401915241593,0.000135642102969072,5.09859214287366e-09,0.639166096701237,0.829891146375789,0.543053358083717
0.526535620364923,0.661409982017274,0.807471939175957,0.66689295935251,0.21349290727519,0.222215472674616,0.000134167588576299,4.94831581081501e-09,0.623545486797066,0.837057419036282,0.526535620364923
0.528823857726549,0.6487867665791,0.798662616896028,0.657747975013621,0.214656265390201,0.223422003667242,0.000134045536817825,4.72424569279485e-09,0.608994924533035,0.829404259699923,0.528823857726549
0.547384927287442,0.634585726900108,0.778339086702075,0.641516189284931,0.216417635244911,0.225261835520019,0.000133845939479324,4.63354527640064e-09,0.593449470999037,0.810141039600219,0.547384927287442
0.547005567163483,0.635332517756123,0.770162816175668,0.643066460570989,0.217617882892831,0.226520574453848,0.000133387633523487,4.56405072232488e-09,0.600473203388196,0.797640334706494,0.547005567163483
0.52878306200401,0.636348334642567,0.757057297319881,0.64219940001637,0.218554337807045,0.227516458745345,0.000132851370457512,4.42296626463833e-09,0.607003102070645,0.780783061102292,0.52878306200401
0.516160101813571,0.639943808574325,0.750126091877439,0.645828790630707,0.219131584738594,0.228105465086741,0.000132469059520513,4.40049559562148e-09,0.616030092261381,0.769885807945806,0.516160101813571
0.508828337162309,0.652951919247399,0.743223504755511,0.653062795436408,0.219740197827321,0.228728941743718,0.000132283579051477,4.41552058920332e-09,0.634368265802551,0.759147080750885,0.508828337162309
0.508817742272953,0.666580557593974,0.734385296634868,0.654702353788707,0.220954303018174,0.229960598014816,0.000133048724461309,4.4640219113287e-09,0.647814665570623,0.750991053706632,0.508817742272953
0.513378975815497,0.672034181385909,0.730947199081592,0.658074016445408,0.221823376471731,0.230853134315854,0.000133560358388984,4.47428796707065e-09,0.656495805954564,0.744934229016442,0.513378975815497
0.517790092623684,0.678075390494114,0.730499385992212,0.665382642095731,0.22292654452849,0.231991221310461,0.000134549191825217,4.43706683933362e-09,0.669346581609443,0.738505749345594,0.517790092623684
0.516326749138702,0.680139113292421,0.73104892068118,0.665546855288454,0.22349807530405,0.232584397268179,0.00013532361959164,4.41886243875121e-09,0.671342508692344,0.739135287942599,0.516326749138702
0.508959557170078,0.675306972670073,0.727435989119225,0.656861195717841,0.223761569127389,0.232876783221341,0.000136204881324036,4.34192104835161e-09,0.663306035547729,0.738395374314221,0.508959557170078
0.47849651302208,0.658688607185599,0.715482825917394,0.632539157678863,0.224341101007184,0.233499236198074,0.000138384546231422,4.39175945275829e-09,0.63822267224066,0.733797094609154,0.47849651302208
0.473269279415891,0.654110970303923,0.710008791111876,0.622207033652181,0.22473561440587,0.233900499509956,0.000139421480461995,4.37610630793644e-09,0.629269187827017,0.732116066057571,0.473269279415891
0.480997214133517,0.645225650858676,0.710293402598073,0.610255051080269,0.225405169537897,0.234531304356985,0.000139812092521729,4.38296461403937e-09,0.613230512942211,0.738092945567822,0.480997214133517
0.481183230698904,0.628776110321142,0.70974045288752,0.597010413168561,0.225845814653661,0.234922780344333,0.000139740497274601,4.28848946946833e-09,0.591269178368727,0.741277050829673,0.481183230698904
0.477275290827163,0.602005667637521,0.711980325796695,0.581278048828934,0.226469554717454,0.23546592634447,0.000138828916308627,4.32970423661089e-09,0.558087814759654,0.746903473821123,0.477275290827163
0.468763121683088,0.587781989041034,0.709731178561127,0.569246735693578,0.226613207586359,0.235547636834434,0.000138117169509033,4.34473136404563e-09,0.537572988097076,0.748479321645682,0.468763121683088
0.453555135088419,0.56815299162583,0.702779346781441,0.553827696117783,0.226410308252539,0.235249277788015,0.000136833759786651,4.36550536668191e-09,0.512139958991959,0.74458666020796,0.453555135088419
0.433105319825821,0.542017445372846,0.688041798906039,0.532117127025571,0.225911969934068,0.234586489377942,0.00013446608073536,4.52557770751824e-09,0.481170484028945,0.73188755518161,0.433105319825821
0.408642153995283,0.527966429923902,0.680506275466543,0.524680199042872,0.225446436973354,0.233953323632087,0.000132093569743923,4.502251795194e-09,0.468381305426702,0.722811382590725,0.408642153995283
0.381666511392424,0.511864611866259,0.671301168504924,0.515811694435439,0.224323913749917,0.232562771821655,0.000127539508259116,4.47726186683787e-09,0.454658973948305,0.711291682170787,0.381666511392424
0.368657103449616,0.498452783768381,0.665092983434384,0.50828151616191,0.223556298688132,0.23163702432846,0.000124727974497593,4.50656895691364e-09,0.441499283351855,0.704189063433889,0.368657103449616
0.34002922251056,0.477925178582357,0.646460338299959,0.491560242121118,0.222218352162672,0.230121570725032,0.000121898796131218,4.55129193123992e-09,0.422114419697029,0.684209662312449,0.34002922251056
0.331345728798692,0.467942461293929,0.637322934192852,0.482952356988109,0.221547206976193,0.229361770516114,0.000120457276760285,4.65763276625479e-09,0.412996745170936,0.674228713426103,0.331345728798692
0.322261656278159,0.463909196226253,0.62319578654966,0.473454416287464,0.220544289637146,0.228251794772095,0.000118551501376352,4.62100845524704e-09,0.411228911761784,0.659147565305187,0.322261656278159
0.322918506097913,0.464397251585402,0.616623663986986,0.468967424727787,0.21989178014583,0.227540905162271,0.000117545505407731,4.53342052286279e-09,0.413409025432668,0.651906839939283,0.322918506097913
0.330000425524101,0.471730324417536,0.611959882768837,0.464855516153867,0.219604481419403,0.227207312295214,0.00011703433713564,4.54451961241316e-09,0.418688991923974,0.649402744939693,0.330000425524101
0.349008907101243,0.485530135417641,0.606254937522849,0.459341249282485,0.219503793988788,0.2270779834338,0.000116987961705816,4.32287123368648e-09,0.425842598696116,0.649571122206987,0.349008907101243
0.377079148281035,0.492493713096662,0.605473363631009,0.457848720872661,0.219649506820314,0.22723142897352,0.000117400109963727,4.4287131698044e-09,0.428119631646811,0.652580747881045,0.377079148281035
0.397187981625687,0.498591410090136,0.607228590901778,0.458723062071451,0.219830073824155,0.227430418863456,0.000117919297136073,4.47292941309718e-09,0.430736497120758,0.657104273211161,0.397187981625687
0.403781498329623,0.501416068282874,0.606931090654915,0.458851407835177,0.21995241945749,0.227567459374574,0.000118364998643759,4.4770008226694e-09,0.432296194539594,0.657953966871852,0.403781498329623
0.41478531691408,0.505591789392259,0.604117027997651,0.457932904253193,0.220312044353876,0.22796734098007,0.000119512942412776,4.67265610832982e-09,0.434637483308492,0.657016513583062,0.41478531691408
0.426508976004527,0.512674505358998,0.599826152351082,0.458558156039615,0.221174946186179,0.228930463211021,0.000121878959931872,4.59338835753867e-09,0.440435923135187,0.654708148033497,0.426508976004527
0.426280673849339,0.514889277225077,0.594775754601982,0.456097620526802,0.221556044410876,0.229386718378693,0.000123247125493018,4.5032558361414e-09,0.441471658418022,0.651131277759993,0.426280673849339
0.423645848000619,0.516836764292682,0.58896285518304,0.453355597664829,0.222004610556599,0.229923298603925,0.00012475082983853,4.45402376263587e-09,0.442081323101586,0.646963360225785,0.423645848000619
0.425962624790567,0.521087104585227,0.580328040111673,0.450262966914252,0.222692780658983,0.230745479373127,0.000127100241299061,4.45866310474133e-09,0.444627990937433,0.640795095471097,0.425962624790567
0.436861972623163,0.525303978398813,0.576672818268171,0.453211061751734,0.223244885179778,0.2313992289292,0.000129219007372923,4.55647975320811e-09,0.448297300241541,0.638377113975055,0.436861972623163
0.442408935495079,0.530434469871991,0.574362883774128,0.454792168380457,0.223928933565411,0.232168602882804,0.000130864849597117,4.60975934941212e-09,0.452658843824296,0.637458563510888,0.442408935495079
0.441564823388761,0.531511433839954,0.573784900192244,0.455497872610841,0.224187440103543,0.232463575962084,0.0001314486563542,4.62831571076723e-09,0.453174057290142,0.637469050064722,0.441564823388761
0.431811966624065,0.535958615671141,0.569371105201201,0.454574205887225,0.224632141450874,0.232987735740409,0.000132658145639924,4.54994980887286e-09,0.455116172373847,0.635849323970657,0.431811966624065
0.421110452425739,0.546983995484208,0.565066216898967,0.453626930740803,0.225560306618486,0.23401712361848,0.000134276312413229,4.47938666694657e-09,0.458825961207178,0.63872533856008,0.421110452425739
0.423991298222239,0.557983909988344,0.566983359861057,0.458465810489016,0.226225008011884,0.234741448764701,0.000134951160411701,4.20508457151127e-09,0.465929510033984,0.644768071359543,0.423991298222239
0.426296702121707,0.568491565205483,0.568317377929487,0.461549073275996,0.226749648716893,0.235317057619369,0.000135191346336917,4.19818863345284e-09,0.472724129197539,0.650153212282194,0.426296702121707
0.430645098688284,0.581455337010773,0.576083008231857,0.470655851355991,0.22772486064527,0.236361884155271,0.000135658828736666,4.28695147990490e-09,0.481647470390756,0.661798802943888,0.430645098688284
0.437237551633735,0.594664886837114,0.581364138701516,0.476974790761831,0.228674670167579,0.237362620382936,0.000136351615359891,4.24633777728533e-09,0.489435608576487,0.672356582820839,0.437237551633735
0.445070109031365,0.614672497033444,0.59039247728873,0.485353480340855,0.230079555374582,0.238859287266149,0.000137178417774039,4.36877604509735e-09,0.502069535209383,0.688702938619465,0.445070109031365
0.438108304675362,0.62591399424589,0.602485166034979,0.49450727646965,0.231538760156309,0.240432852435286,0.000137762961029352,4.19880633952455e-09,0.51029016998978,0.703107847984106,0.438108304675362
0.439560411323543,0.634429224149211,0.611182174080998,0.504398626221938,0.232439892173908,0.24143105763256,0.000138659791863199,4.14876894124649e-09,0.517727724172253,0.712742656217772,0.439560411323543
0.455527777549712,0.648967132799204,0.62305023839612,0.519155451161612,0.233502204928292,0.242570891134961,0.000139498731423844,4.22472430053213e-09,0.532213718382589,0.725326476136408,0.455527777549712
0.48941374897538,0.664682530508315,0.639936301651198,0.533023909442209,0.234930638652159,0.244138860946306,0.000140651862504893,4.25565475036648e-09,0.550158680622734,0.740706934400781,0.48941374897538
0.505536611326527,0.675810952056419,0.648598634486977,0.540761359958339,0.235832556861193,0.24513941494771,0.000141512586819427,4.20927815813631e-09,0.561523293412495,0.749728099068562,0.505536611326527
0.532692521570666,0.714499543016964,0.669460135833363,0.567198150116424,0.237793308874007,0.247269262855492,0.000143309590305002,4.29367737478863e-09,0.587619405415166,0.783192125101499,0.532692521570666
0.548056504466686,0.73486198998897,0.677402209723847,0.569713040098182,0.239731743075665,0.249387361008242,0.000145200439690843,4.31238635498202e-09,0.592208479575108,0.805099381932838,0.548056504466686
0.554383187188227,0.740202467831558,0.677689630892228,0.566521077486165,0.240983243937751,0.250763215003237,0.000146236430433558,4.30233584060826e-09,0.589617011147038,0.812105109803408,0.554383187188227
0.548095837858068,0.744416117702509,0.67350832865738,0.56058105577465,0.242363140384228,0.25229059360705,0.000147253539503029,4.27492165686673e-09,0.587112987420328,0.814289362001316,0.548095837858068
0.541599428395429,0.74859094611641,0.667553361404028,0.553910041654468,0.243140825545198,0.253151311910331,0.000147703337624479,4.2575999431475e-09,0.581820159456034,0.817007464457843,0.541599428395429
0.535003498331655,0.75074511365233,0.659762222590824,0.545833645435974,0.24390228667409,0.253986905471888,0.000147969121985401,4.3332156077206e-09,0.581504710076439,0.812869416443841,0.535003498331655
0.528297081003134,0.749337002222336,0.654359976087446,0.539274426345587,0.244238136964752,0.254365838354187,0.000148064050542382,4.3309422085156e-09,0.580866574598038,0.807642831776189,0.528297081003134
0.508329574235911,0.744285973600459,0.641806919019758,0.527220952228655,0.2448309186396,0.255036637396597,0.000148445283742989,4.34201615348953e-09,0.57569204657514,0.79652771408793,0.508329574235911
0.465413017364415,0.737759423044462,0.616370406308298,0.511696469469301,0.245899510002143,0.256241555524535,0.000149138979252384,4.28438383599721e-09,0.573826962013237,0.771313205987173,0.465413017364415
0.435009333828731,0.728057096523687,0.59902146093082,0.497417531719499,0.246501970063381,0.256924586326079,0.000149629440044104,4.30069599023483e-09,0.571130983774667,0.750135484980398,0.435009333828731
0.389036374164647,0.693863977071441,0.564533257139602,0.460195624900253,0.247005249748048,0.257544353941766,0.000150103285207935,4.19417672249867e-09,0.554118061291805,0.70220950666041,0.389036374164647
0.368719727613369,0.684685595410331,0.549255677855224,0.455523121828733,0.247433395754153,0.258042368026472,0.000150356336023325,4.16249552142575e-09,0.538467266423231,0.693202111371059,0.368719727613369
0.344020931417323,0.676042419455344,0.535161838049668,0.457137219421678,0.247903623308037,0.258625933389464,0.000150821495886078,4.06238843949346e-09,0.521732942943462,0.686459235537908,0.344020931417323
0.341642133642241,0.671884679423765,0.522413211664821,0.462467319459642,0.248800707911694,0.259656246013773,0.000151929347506155,4.02909321975424e-09,0.510708980304489,0.680823709636112,0.341642133642241
0.344520396355519,0.668998963869216,0.515525623361098,0.467235512107013,0.249410046362373,0.260356899188746,0.000152795926778309,4.11942391545423e-09,0.506354837456082,0.675966759970309,0.344520396355519
0.352888239014652,0.671337959748023,0.51348435214112,0.480487221974821,0.250491254276269,0.261590963270115,0.000154346174021031,3.97998857819619e-09,0.505109748784329,0.677661403486621,0.352888239014652
0.356435573937902,0.675059896238828,0.514435506778942,0.491494372743188,0.251264602615944,0.262479739855205,0.000155538522588589,3.91414309206939e-09,0.509394804015227,0.678871628356328,0.356435573937902
0.358817915379238,0.677936838253367,0.515275452075321,0.497949870719648,0.251666495959489,0.262945851166354,0.000156221024724422,3.95592155237365e-09,0.510572488929039,0.68148578981605,0.358817915379238
0.364394286434466,0.6841792027627,0.517692697106463,0.510240006749087,0.25236413032662,0.263764847574404,0.000157558949228153,3.99613710023528e-09,0.51445620623135,0.686616138756158,0.364394286434466
0.372629328330632,0.69403946970191,0.522341254682562,0.526286756034189,0.253270219888324,0.264810614405484,0.000159706594384585,4.00765641130751e-09,0.520330378393908,0.695548322669183,0.372629328330632
0.412705486198578,0.714933920248392,0.533656551350992,0.553896871485465,0.255094074161722,0.266811879641441,0.000163270983874546,4.12995631425514e-09,0.533450229551745,0.715087881111656,0.412705486198578
0.434162971892858,0.728614087938389,0.541038923096433,0.570455272079597,0.255876479223373,0.26773486268982,0.000165168982813444,4.17873482400342e-09,0.545504928979909,0.725276483767578,0.434162971892858
0.471337852930151,0.745641540101833,0.557655050528878,0.594824814669489,0.257047557940188,0.269102573323106,0.00016760062112745,4.17178645886093e-09,0.565211937836023,0.739929677086578,0.471337852930151
0.521182799852424,0.769439607361975,0.579851546798685,0.626273441503448,0.258718482476624,0.270957740647852,0.000170073720480646,4.20465842232965e-09,0.590303925602828,0.761450196086435,0.521182799852424
0.541331608110198,0.788884676404624,0.593818907397332,0.650720698949028,0.259774609707348,0.272130949647845,0.000171754512238152,4.14591625911786e-09,0.609604381383816,0.776751199320763,0.541331608110198
0.566276052975814,0.812473478005139,0.616970105505942,0.68341109555477,0.261524168566886,0.274106276290511,0.000174297218906007,4.42401660483213e-09,0.63347768702772,0.79966948396684,0.566276052975814
0.586363061619536,0.823521431296187,0.63186803219471,0.699567882180753,0.262850195919256,0.275595917895489,0.000176211514609217,4.52766686192409e-09,0.649905135281708,0.809362757388923,0.586363061619536
0.62465545623195,0.835971872806866,0.659314883640615,0.71998756048822,0.265549135588985,0.278648692962582,0.000180148179754596,4.64733200895254e-09,0.680490387126347,0.81882716182531,0.62465545623195
0.666728731309684,0.844727237554955,0.680580176423469,0.734256326382075,0.268098025574656,0.281540071549681,0.000183505349310889,4.69725325217598e-09,0.702218403766868,0.82682694429907,0.666728731309684
0.706537403467553,0.854680202191487,0.69659113145053,0.7483771201773,0.271308566643062,0.285179214793603,0.000188326243493172,4.6446905763348e-09,0.720466323654914,0.834653059008821,0.706537403467553
0.726811804689092,0.860788096702102,0.706840548654748,0.756699263601266,0.273613237256546,0.287710968081215,0.000191553442547623,4.64169608029296e-09,0.731040215540514,0.840333214807704,0.726811804689092
0.766462442962168,0.873404973152846,0.729611528021725,0.776746098815398,0.277307870811058,0.29180825074486,0.00019702209546858,4.56564487811146e-09,0.74951930927517,0.856381943979433,0.766462442962168
0.802950296543984,0.889277112681997,0.748388893297102,0.798866476363517,0.280614744101134,0.295594562431955,0.000202403903907621,4.66695356522997e-09,0.755860946119348,0.882934849738107,0.802950296543984
0.818734410289809,0.895617085006378,0.7627299057725,0.811727843122933,0.281620661977174,0.296826889952234,0.000204687908458183,4.72338968255578e-09,0.763678200315653,0.89480862673406,0.818734410289809
0.848098198249702,0.894212187068767,0.787437856813595,0.821113270565285,0.281737871216285,0.297092858748262,0.000205720009329755,4.84918755997235e-09,0.778800660506543,0.901744611871936,0.848098198249702
0.865626944676757,0.890988115334937,0.796474707028416,0.820278716800934,0.281495287073993,0.296907475982986,0.000206230021361655,4.76696595338092e-09,0.78254118002614,0.903250287665274,0.865626944676757
0.87322619864644,0.886683842836897,0.809617284700247,0.822014022296282,0.280288145467605,0.295673418818648,0.000205643859570281,4.66733101724893e-09,0.784854409447025,0.908675927272737,0.87322619864644
0.872418463594701,0.889765151958024,0.817502277213952,0.829891235869322,0.278896795791385,0.294187891955237,0.000204304305605874,4.62736895679343e-09,0.787507897472485,0.916418741791846,0.872418463594701
0.843394386266775,0.890317009878636,0.825049980248678,0.835337920194483,0.275274255045039,0.29027238420714,0.000199823939807933,4.60585878447282e-09,0.791868340482724,0.919954552860474,0.843394386266775
0.810562731734644,0.883108228927339,0.829721120193491,0.835302463614412,0.271552791381037,0.286269164398696,0.000195011361051038,4.66979032320885e-09,0.796655249991663,0.913048571520181,0.810562731734644
0.763768579514339,0.860722879907514,0.829541092007834,0.831489226334665,0.265780519744183,0.280044597358199,0.000187371142506634,4.92653509752320e-09,0.803721482273505,0.884880827150139,0.763768579514339
0.740659568850535,0.84727082730289,0.829252392338669,0.82791243065655,0.263335579777465,0.277384932830047,0.000184097494051332,4.92189143436538e-09,0.815937396277892,0.860100895449588,0.740659568850535
0.714595040473994,0.830041545769742,0.825298473920385,0.821755867897801,0.260843087650753,0.27472612046711,0.000180654356494652,4.8036474739815e-09,0.816965411447808,0.838244627335632,0.714595040473994
0.684571782761762,0.812151782094142,0.803264819312697,0.804891009602071,0.259605409990403,0.273517094675789,0.000179335585680457,4.79222110822791e-09,0.802200180550355,0.813203392411227,0.684571782761762
0.665577668752494,0.803086201956998,0.790495616835953,0.795664097202811,0.259222751115651,0.273226772292163,0.000179083746480965,4.80342089967188e-09,0.79303800726241,0.800575722244833,0.665577668752494
0.649803173020422,0.798523653120501,0.774681869521532,0.783871036931491,0.25906458007082,0.273204611150255,0.000179361953153148,4.83741475587230e-09,0.787199908561411,0.78618593698895,0.649803173020422
0.627073443816149,0.792007954724846,0.74514379574288,0.75969998181493,0.259198383227732,0.27363230537638,0.000180753708739441,4.81558363515878e-09,0.781048677613279,0.756623314391044,0.627073443816149
0.620473303232892,0.787344646920407,0.729600311091593,0.746982020766191,0.259752938207846,0.274399382072566,0.000182326656950097,4.75338829337848e-09,0.773085186820705,0.744692890322962,0.620473303232892
0.618332310372323,0.78314692555464,0.724169293164478,0.740671682609329,0.260229052897023,0.27499772666565,0.000183398168633892,4.73241922834639e-09,0.767645484814356,0.740581313437058,0.618332310372323
0.611817978339081,0.776975514642941,0.712600341794633,0.727658845161714,0.260738254323057,0.275734845104632,0.00018504881549939,4.74149074341574e-09,0.758525039202438,0.732208960873486,0.611817978339081
0.594301788448617,0.771319136479672,0.684257359206472,0.695981083526492,0.261656789282601,0.277025593772184,0.000187140606752839,4.66447231869215e-09,0.745372555870672,0.712433222753392,0.594301788448617
0.585509556336142,0.768295267968355,0.664391083694124,0.673820596437523,0.262480598265926,0.278090733870077,0.000188536729140449,4.62912280228686e-09,0.736374953678224,0.699603500899053,0.585509556336142
0.581581582421391,0.767209816614352,0.642562309117279,0.649083601536018,0.263697755914782,0.279552708955045,0.000190252782982746,4.74022970529293e-09,0.727078106751803,0.687644276126669,0.581581582421391
0.564207936731715,0.762388563358548,0.622578041677297,0.626029060406361,0.265277945333368,0.281447579089097,0.000192397596013168,4.71699878618804e-09,0.714166937593899,0.677351699463729,0.564207936731715
0.567861374033644,0.760076715112411,0.61272364708221,0.617045035864598,0.266187574487395,0.282516873148706,0.000193541739008204,4.71089368974276e-09,0.707893718774637,0.672334264684772,0.567861374033644
0.572913304188107,0.752755363220397,0.602229999623042,0.60557765563009,0.267357400628072,0.283813239225636,0.000194382658334967,4.8461468790851e-09,0.697044243283879,0.665921115604427,0.572913304188107
0.575580102300812,0.749159978076995,0.602132598938111,0.602533132402205,0.268118523541927,0.284579361656788,0.000194518159227959,4.98124560363795e-09,0.698205934719501,0.660539788490259,0.575580102300812
0.575388246065829,0.746236432620309,0.600734688560518,0.600958119017979,0.26817362809289,0.284621456310257,0.000194441443939488,4.99531797852128e-09,0.702262402687145,0.651596882421843,0.575388246065829
0.576511233157573,0.739307006962236,0.589513572253045,0.594369956386944,0.267710963326869,0.28408703780326,0.000193365952128273,5.04430255278064e-09,0.706187208256656,0.628808976803508,0.576511233157573
0.577340718567976,0.73306098040716,0.576211526669587,0.58654529977914,0.266878944434294,0.283158205264517,0.000191417689117283,5.04745245895222e-09,0.703659806774456,0.61176874780634,0.577340718567976
0.571191960027729,0.721752131033785,0.568274676271569,0.583232536388903,0.265342914629408,0.281410331980026,0.000188484144905384,5.03210136800579e-09,0.690773191651407,0.605553171933808,0.571191960027729
0.565147311996604,0.7152201131462,0.569988087393509,0.587139233128187,0.264075669830771,0.279963146994143,0.000186434053467236,5.14705768653922e-09,0.685199717313766,0.605745472465547,0.565147311996604
0.532551014009766,0.695007737967184,0.569830202371216,0.588284669026737,0.261697760393367,0.277295415451664,0.000182902318639367,5.24071146720552e-09,0.664871638545152,0.604721357012439,0.532551014009766
