"u_star2_x","u_star2_y","F_H_kin","F_H_en","F_H_kin_v_0","F_LE_kin","F_LE_en","F_CH4_kin","F_CH4_mass"
-0.242605843362206,-0.11554411064652,-0.142477922023907,-0.142477922023907,-0.138992563126664,0.271534680389071,0.271534680389071,0.209641531021827,0.209641531021827
-0.232022017151238,-0.0721047603269095,-0.110896523562612,-0.110896523562612,-0.108012832465274,0.263872756334666,0.263872756334666,0.204717614520799,0.204717614520799
-0.212143041854888,-0.036677088753106,-0.0909669401004411,-0.0909669401004411,-0.0885308148342377,0.260783414952703,0.260783414952703,0.159286394825578,0.159286394825578
-0.1824624607077,0.00614418354469894,-0.0693975984318556,-0.0693975984318556,-0.0675045112508999,0.264262338849336,0.264262338849336,0.116116183281731,0.116116183281731
-0.130544139381994,0.0242497274423327,-0.0326472806178274,-0.0326472806178274,-0.0317378328853169,0.264483476253766,0.264483476253766,0.136677622333183,0.136677622333183
-0.0818414759367054,0.0223613076659646,-0.000420464769253645,-0.000420464769253645,-0.000408589189485992,0.258426628805333,0.258426628805333,0.136497708648232,0.136497708648232
-0.0600221131407033,0.0276981005447897,0.00649100159012037,0.00649100159012037,0.00630646217369375,0.258389759520556,0.258389759520556,0.11693139890345,0.11693139890345
-0.0263391713202685,0.0416276419158905,0.0158401046007832,0.0158401046007832,0.0153849148668829,0.283845626617859,0.283845626617859,0.137753045049006,0.137753045049006
-0.0198650683855825,0.0535906049138612,0.0272405834921684,0.0272405834921684,0.0264474894817563,0.285769741334385,0.285769741334385,0.127607827596297,0.127607827596297
-0.00657677239503136,0.0646439672433182,0.0360640240076581,0.0360640240076581,0.0349994604766221,0.292469236574429,0.292469236574429,0.116983595578613,0.116983595578613
0.0215369944189194,0.0646087776416643,0.0460571003796903,0.0460571003796903,0.0446689552134868,0.301466790015657,0.301466790015657,0.0846776450325467,0.0846776450325467
0.0270539934274779,0.0534097544882778,0.0581384982959349,0.0581384982959349,0.0563573223254562,0.306647988962695,0.306647988962695,0.079962037775942,0.079962037775942
0.0245076165245648,0.0412973621023882,0.0563043911323046,0.0563043911323046,0.0545656138855608,0.294856210682849,0.294856210682849,0.0613917213062255,0.0613917213062255
-0.00254988965576611,0.000722104940001803,0.0589485349883965,0.0589485349883965,0.0570955408276615,0.271938154299385,0.271938154299385,0.0895336911877756,0.0895336911877756
-0.0347304321986217,0.00551740366205295,0.0529186565770327,0.0529186565770327,0.0512278448288667,0.241079076893746,0.241079076893746,0.0948942657850694,0.0948942657850694
-0.0640620211371097,0.0177580162461766,0.0489309851104237,0.0489309851104237,0.0473349862198307,0.263658760563546,0.263658760563546,0.0212697818355143,0.0212697818355143
-0.0898557240505491,0.0295934778103402,0.0396795194615948,0.0396795194615948,0.0383679292380677,0.256799784942363,0.256799784942363,0.0357026493181018,0.0357026493181018
-0.122876680765834,0.0262981284927868,0.0341040235163309,0.0341040235163309,0.0329587352873071,0.185175100409983,0.185175100409983,-0.00159423868662237,-0.00159423868662237
-0.136388314063762,0.0209664247899787,0.0392773612885364,0.0392773612885364,0.0379467043401845,0.184750459128663,0.184750459128663,-0.0643215346427795,-0.0643215346427795
-0.161039089930965,0.0368257020674923,0.043140543842442,0.043140543842442,0.0416557207615652,0.172825388010941,0.172825388010941,-0.0898835387210068,-0.0898835387210068
-0.16363346776166,0.051372206522209,0.0462443734000903,0.0462443734000903,0.0446315199561112,0.163387411700237,0.163387411700237,-0.0581041822828509,-0.0581041822828509
-0.147216002484211,0.0362416257805569,0.0454715250429464,0.0454715250429464,0.0438559480724079,0.146694220195181,0.146694220195181,0.0184613714503472,0.0184613714503472
-0.135188804564883,0.0338703604381804,0.0381777848336427,0.0381777848336427,0.0368049776695768,0.143419821682585,0.143419821682585,0.0285828067573029,0.0285828067573029
-0.136977595757284,0.021013680250145,0.0243144009433085,0.0243144009433085,0.0234252024985504,0.157761986240544,0.157761986240544,-0.0299896753836463,-0.0299896753836463
-0.148034038543642,0.00493890403894951,0.0199627560862533,0.0199627560862533,0.019224607808209,0.136783923722326,0.136783923722326,-0.0379262806167473,-0.0379262806167473
-0.155064712073443,-0.0108610400532757,0.0219279219203669,0.0219279219203669,0.0211090346879437,0.130202614998959,0.130202614998959,-0.0459857166116253,-0.0459857166116253
-0.159239764851179,-0.0379740361387505,0.0320114749962375,0.0320114749962375,0.0308019477365811,0.145136745095359,0.145136745095359,-0.0341458479783497,-0.0341458479783497
-0.163551726808736,-0.0543666033381087,0.0275260299365139,0.0275260299365139,0.0264746020314749,0.125406581227649,0.125406581227649,0.0454404208500543,0.0454404208500543
-0.1756438341779,-0.0951985442850428,0.023131406843826,0.023131406843826,0.0222392055287004,0.0697260904594976,0.0697260904594976,0.186082942399058,0.186082942399058
-0.177418325318236,-0.122636322135655,0.0308983216227204,0.0308983216227204,0.0297000195538878,0.0684312414028485,0.0684312414028485,0.249693141008639,0.249693141008639
-0.192888396506067,-0.148636711696084,0.020381376038671,0.020381376038671,0.0195814225831772,0.0466968722317028,0.0466968722317028,0.204730859855058,0.204730859855058
-0.180114061330623,-0.148917009424092,0.021439683192951,0.021439683192951,0.0205910004107213,0.0472114931779589,0.0472114931779589,0.214708661073978,0.214708661073978
-0.144178313201861,-0.142813587281239,0.0179342233092896,0.0179342233092896,0.0172188519163035,0.039938760819845,0.039938760819845,0.238959105316282,0.238959105316282
-0.117759939995413,-0.150395298208902,0.016238114414159,0.016238114414159,0.0155802230187754,0.0522277829517754,0.0522277829517754,0.263345962537104,0.263345962537104
-0.0932887756790828,-0.157623482670427,0.0132015823586452,0.0132015823586452,0.0126581697587252,0.0625108967092675,0.0625108967092675,0.332118483955021,0.332118483955021
-0.0634255297770231,-0.165255917576967,0.00692334318072893,0.00692334318072893,0.00663394760253516,0.063359011103205,0.063359011103205,0.364034406781263,0.364034406781263
-0.0341046159112562,-0.17031426084507,0.00887067634610226,0.00887067634610226,0.00849459643482643,0.0842850077879498,0.0842850077879498,0.362770846582045,0.362770846582045
0.0145080839433681,-0.169889296075381,0.00401217551142374,0.00401217551142374,0.0038385591884904,0.118152609134291,0.118152609134291,0.293683762194434,0.293683762194434
0.0330499649628356,-0.178154095878385,-0.0060076493930579,-0.0060076493930579,-0.00574360905161876,0.156999316512226,0.156999316512226,0.199186430462128,0.199186430462128
0.0224443849877569,-0.182208947672255,-0.00760814902596611,-0.00760814902596611,-0.00727014809631068,0.171525878061652,0.171525878061652,0.163488724002872,0.163488724002872
-0.01342315917024,-0.153274586942535,-0.0123075617395955,-0.0123075617395955,-0.0117549157734905,0.180042982885387,0.180042982885387,0.216888471242382,0.216888471242382
-0.0432027548780232,-0.135250660558552,-0.000661597154923676,-0.000661597154923676,-0.00063165419832919,0.207906492451507,0.207906492451507,0.181557711232819,0.181557711232819
-0.0523142906888855,-0.120897110762578,0.00399131749868087,0.00399131749868087,0.00381014117929611,0.230082584903985,0.230082584903985,0.17578976815809,0.17578976815809
-0.0656604373139136,-0.0899783204560664,0.00832446467312983,0.00832446467312983,0.00794404362834072,0.235391978228056,0.235391978228056,0.17872487059745,0.17872487059745
-0.0763310346771056,-0.0704190604848467,0.00410093508645996,0.00410093508645996,0.00391275354866904,0.218501815350257,0.218501815350257,0.151684109828431,0.151684109828431
-0.101508067557174,-0.0358980616030665,-0.00331828815788879,-0.00331828815788879,-0.00316555943003896,0.194221382376434,0.194221382376434,0.093357593663756,0.093357593663756
-0.132868932144178,-0.00982472113991482,-0.0159778792461696,-0.0159778792461696,-0.0152425973626112,0.171754199008948,0.171754199008948,0.0811642701545395,0.0811642701545395
-0.16505022871092,0.0147626704272982,-0.0279309567926832,-0.0279309567926832,-0.0266481042204674,0.153618776604071,0.153618776604071,0.059088660283368,0.059088660283368
-0.182374348809615,0.0299350313299469,-0.0419421978159901,-0.0419421978159901,-0.0400175066251257,0.118541478834513,0.118541478834513,0.0631343036321105,0.0631343036321105
-0.177646800156709,0.0445104013761401,-0.0473684398546116,-0.0473684398546116,-0.0451958361383991,0.0853702772586644,0.0853702772586644,0.0612539243778067,0.0612539243778067
-0.165420351129126,0.0425462558389223,-0.029647705141673,-0.029647705141673,-0.0282846241860211,0.100731327446389,0.100731327446389,0.0255250130851179,0.0255250130851179
-0.172708796070098,0.0414169282734135,-0.0273129451334732,-0.0273129451334732,-0.0260574256660977,0.0622769847693021,0.0622769847693021,0.0438802507702804,0.0438802507702804
-0.205648372542051,0.00958501860759019,-0.0211726024778514,-0.0211726024778514,-0.0201981802540843,0.0611360538862212,0.0611360538862212,0.0383291469827906,0.0383291469827906
-0.233341648011748,-0.0119894622627605,-0.0025794953022097,-0.0025794953022097,-0.00246087652874953,0.102551365792609,0.102551365792609,0.0912259389821113,0.0912259389821113
-0.23607887210271,-0.0215918893732821,0.00311718363734389,0.00311718363734389,0.0029737886649636,0.116861635490015,0.116861635490015,0.0442380661610133,0.0442380661610133
-0.231714890077021,-0.0137264260052517,0.00758648053393429,0.00758648053393429,0.00723728236979547,0.142222838960474,0.142222838960474,0.0439901917794495,0.0439901917794495
-0.235524188858267,-0.00337836603965511,0.0177190562339798,0.0177190562339798,0.0169027824150835,0.162848595448006,0.162848595448006,0.028927148078303,0.028927148078303
-0.252631474182053,0.0152127910950661,0.039764887669326,0.039764887669326,0.0379333636088716,0.206687056995731,0.206687056995731,0.0644306967576139,0.0644306967576139
-0.269116771967899,0.0463374459534384,0.0628828876488551,0.0628828876488551,0.0599881836732854,0.241510589579002,0.241510589579002,0.104109421505708,0.104109421505708
-0.289216114282664,0.0804378920000165,0.0830235314803323,0.0830235314803323,0.0791931520613794,0.266995109144667,0.266995109144667,0.0864258229103532,0.0864258229103532
-0.301716378787789,0.104309929271544,0.0872708929952057,0.0872708929952057,0.0832307801409847,0.311465492200412,0.311465492200412,0.0545852796743453,0.0545852796743453
-0.312476231325468,0.151447180132987,0.0793404585999794,0.0793404585999794,0.0756770377481583,0.304211666080889,0.304211666080889,0.0317010699093789,0.0317010699093789
-0.310374493201185,0.182881428285687,0.0765757067755614,0.0765757067755614,0.0730450793923289,0.292195187928813,0.292195187928813,0.01678048656911,0.01678048656911
-0.310594255717841,0.221116090448908,0.0874558573871468,0.0874558573871468,0.083424906063557,0.311979487288102,0.311979487288102,0.0345019078118925,0.0345019078118925
-0.325856152759317,0.243619261920887,0.10568716772577,0.10568716772577,0.100826249354623,0.32180962897779,0.32180962897779,0.0689920228568499,0.0689920228568499
-0.319160413609899,0.24764782664445,0.118319533404522,0.118319533404522,0.112885466106893,0.293719907224237,0.293719907224237,0.0857045694492977,0.0857045694492977
-0.294758930657753,0.244612889760439,0.146203640121206,0.146203640121206,0.139482821630586,0.272878377051018,0.272878377051018,0.110195967530672,0.110195967530672
-0.28490291110651,0.248004241435956,0.144542034397436,0.144542034397436,0.137868239542378,0.286021059909065,0.286021059909065,0.0678199793981562,0.0678199793981562
-0.28477047558926,0.250476903465068,0.150772172190172,0.150772172190172,0.143804144560931,0.299971425484643,0.299971425484643,0.080329879960158,0.080329879960158
-0.2887959920419,0.238487931358582,0.157035705150859,0.157035705150859,0.149788125840363,0.310958491656255,0.310958491656255,0.0825565191986379,0.0825565191986379
-0.28975455508964,0.22328284339479,0.164612647479444,0.164612647479444,0.157006304820222,0.315231995621131,0.315231995621131,0.0965778685295735,0.0965778685295735
-0.284458490604963,0.216375709253919,0.184913885279713,0.184913885279713,0.176319489648796,0.348402293670863,0.348402293670863,0.120002996217059,0.120002996217059
-0.280090295987991,0.2090995331133,0.193727245205479,0.193727245205479,0.184671172680337,0.377156276504269,0.377156276504269,0.0835952375508626,0.0835952375508626
-0.274525369191466,0.21013056770986,0.196840193210753,0.196840193210753,0.187590475936362,0.403560583891978,0.403560583891978,0.0758217692767055,0.0758217692767055
-0.270508430495223,0.215665255046672,0.197112930309364,0.197112930309364,0.187823815707632,0.407588691493762,0.407588691493762,0.0883660832853268,0.0883660832853268
-0.264605002732508,0.228957988092775,0.197870068553322,0.197870068553322,0.188477040652891,0.431727698743806,0.431727698743806,0.124335916855495,0.124335916855495
-0.251590361081892,0.255819876326109,0.188901387113849,0.188901387113849,0.179817923138732,0.479478879360159,0.479478879360159,0.135552687891357,0.135552687891357
-0.241162890152866,0.243652433814187,0.190726172607886,0.190726172607886,0.18151534901046,0.489216461038894,0.489216461038894,0.162025806217539,0.162025806217539
-0.22762156947653,0.219385397355605,0.184847050369627,0.184847050369627,0.175876926081774,0.469956978412053,0.469956978412053,0.190770132426104,0.190770132426104
-0.189309647312031,0.209959459211552,0.186039034716818,0.186039034716818,0.176893414162055,0.445110384070363,0.445110384070363,0.177707408404593,0.177707408404593
-0.175710762075629,0.197170456993676,0.170819708368518,0.170819708368518,0.162356536077586,0.487190406630128,0.487190406630128,0.189626596585479,0.189626596585479
-0.162664829031725,0.189482754672012,0.167463678943608,0.167463678943608,0.159103688473937,0.499551108209633,0.499551108209633,0.188864074249435,0.188864074249435
-0.147089869648042,0.1807511846061,0.153792917817071,0.153792917817071,0.146050910491373,0.484916477189614,0.484916477189614,0.189634612192634,0.189634612192634
-0.127034585870949,0.165373120587954,0.1540966031767,0.1540966031767,0.146277200164087,0.46494121145292,0.46494121145292,0.231133364971664,0.231133364971664
-0.115995584810814,0.111333670900693,0.162958572775658,0.162958572775658,0.154662780553971,0.47403801960357,0.47403801960357,0.199050924960668,0.199050924960668
-0.114262548789585,0.0504780348108829,0.163466694764191,0.163466694764191,0.155088769247027,0.501030629573354,0.501030629573354,0.161629957287766,0.161629957287766
-0.108544505143407,-0.00383304083988988,0.173512720373236,0.173512720373236,0.164506296829697,0.519683847147086,0.519683847147086,0.152966347360002,0.152966347360002
-0.0950456184293835,-0.0300356483361373,0.185401621743229,0.185401621743229,0.175668210640985,0.558187134956789,0.558187134956789,0.163881460407708,0.163881460407708
-0.081829292462967,-0.0517815121036809,0.193268791653743,0.193268791653743,0.183059854795471,0.593028772479094,0.593028772479094,0.175314291244569,0.175314291244569
-0.0533218528373653,-0.0625453880684655,0.223671993222909,0.223671993222909,0.211828950117858,0.581580398693284,0.581580398693284,0.177084573719519,0.177084573719519
-0.0399345889848725,-0.0557911904590589,0.235834551848715,0.235834551848715,0.223385171484092,0.577985491287808,0.577985491287808,0.130954175057043,0.130954175057043
-0.0360937438694248,-0.0572698161398995,0.23998160243506,0.23998160243506,0.227331145497592,0.582617891936553,0.582617891936553,0.123620746477525,0.123620746477525
-0.0278809861117226,-0.0797638062738149,0.254440318171311,0.254440318171311,0.241079184063113,0.587281980968799,0.587281980968799,0.0785221609912124,0.0785221609912124
-0.0244298105318151,-0.0957666037819687,0.254745385184987,0.254745385184987,0.241437553382406,0.57773351737846,0.57773351737846,0.0600186946366848,0.0600186946366848
-0.0336706858176795,-0.0979906520486675,0.259325793965729,0.259325793965729,0.245956098575705,0.519586103476236,0.519586103476236,0.052614132328224,0.052614132328224
-0.0213838791875075,-0.0716192908135148,0.255408208035466,0.255408208035466,0.242413734210419,0.444574687057543,0.444574687057543,0.0318879976240222,0.0318879976240222
-0.00533529165021775,-0.0360117709611291,0.229676120657926,0.229676120657926,0.21817611155439,0.40396897169019,0.40396897169019,0.0125871630769769,0.0125871630769769
0.00730394629176724,0.033188298995019,0.196937967434352,0.196937967434352,0.187343446011262,0.348049952065342,0.348049952065342,0.0263188140192737,0.0263188140192737
0.0112905221878614,0.0644748590258164,0.187180201983032,0.187180201983032,0.178239371402884,0.308810195826038,0.308810195826038,0.0472418648162045,0.0472418648162045
0.00824552170097982,0.0707594857161092,0.169135741635989,0.169135741635989,0.161152111770844,0.299719420168601,0.299719420168601,0.0814245842048004,0.0814245842048004
0.00439923098562764,0.0647425415193099,0.163868431765644,0.163868431765644,0.156153985965389,0.326095361337595,0.326095361337595,0.0868288174157899,0.0868288174157899
-0.00889769596656533,0.0446059087549818,0.138777741584928,0.138777741584928,0.132285470365302,0.347056657564665,0.347056657564665,0.11028849584831,0.11028849584831
-0.00612211076821817,0.0380077266750687,0.109454067713035,0.109454067713035,0.104357180533677,0.332291263169073,0.332291263169073,0.166985643285581,0.166985643285581
-0.00727517338430874,0.0283312419122289,0.0957948132971036,0.0957948132971036,0.0913398466562081,0.341848799135852,0.341848799135852,0.177576774268538,0.177576774268538
-0.0041498296045177,0.0290415474975125,0.0779003695637989,0.0779003695637989,0.0742689037470618,0.358880223069086,0.358880223069086,0.19593877621886,0.19593877621886
-0.011040125492661,0.0470217624482114,0.0484431460695267,0.0484431460695267,0.0461648072287018,0.400091826479234,0.400091826479234,0.241965160568941,0.241965160568941
-0.0209914590398352,0.0509741508608981,0.0552313489163226,0.0552313489163226,0.0526240822738977,0.405502860515496,0.405502860515496,0.274566190269976,0.274566190269976
-0.017125772689482,0.0379921985954302,0.0669864641911346,0.0669864641911346,0.0638079457834884,0.399456707503403,0.399456707503403,0.271675864013544,0.271675864013544
-0.0156279182030763,0.0289175937421327,0.069518920043909,0.069518920043909,0.0662103782323448,0.395980234274696,0.395980234274696,0.261334700777897,0.261334700777897
-0.00852837883119388,0.0135037893780477,0.0611519286581249,0.0611519286581249,0.0582076993825647,0.401682560910805,0.401682560910805,0.230842233042733,0.230842233042733
-0.000272174790811244,0.0198187823914799,0.0429934541964484,0.0429934541964484,0.0409108597974588,0.399622980381641,0.399622980381641,0.180216323440301,0.180216323440301
0.00963639123309761,0.0309367369538581,0.0412260156521349,0.0412260156521349,0.039222315760455,0.343175778052694,0.343175778052694,0.153580527968952,0.153580527968952
0.00228561735660633,0.0213970301999399,0.0387232867287387,0.0387232867287387,0.0368316201596818,0.344296264974784,0.344296264974784,0.116507561127577,0.116507561127577
-0.0182090017260888,0.0155187590452787,0.0419168525133151,0.0419168525133151,0.0398515285692175,0.353617392799002,0.353617392799002,0.0890555508739873,0.0890555508739873
-0.0386322828895102,0.0113036557792389,0.0451829166946319,0.0451829166946319,0.0429470105543223,0.342077826188371,0.342077826188371,0.0815529372772525,0.0815529372772525
-0.0521844781107608,-0.0126848446503025,0.0532847510729677,0.0532847510729677,0.050634175241264,0.340338375304037,0.340338375304037,0.052901206165207,0.052901206165207
-0.0613044209621766,-0.0450739355608551,0.0487736311535268,0.0487736311535268,0.046330811198164,0.346679256914178,0.346679256914178,0.0150266640796617,0.0150266640796617
-0.0686820281234925,-0.0552639417336121,0.0398641594357526,0.0398641594357526,0.0378577157598945,0.342437623858487,0.342437623858487,-0.010722646575074,-0.010722646575074
-0.0761161582147213,-0.0401580857537596,0.0288110884843555,0.0288110884843555,0.0273536666938803,0.336736558255849,0.336736558255849,-0.0292830868233311,-0.0292830868233311
-0.0877565427735977,-0.0324102708500808,0.0295508290079206,0.0295508290079206,0.0280469313086133,0.320990255007123,0.320990255007123,-0.0295429640854251,-0.0295429640854251
-0.117195964489569,-0.0287957875071273,0.0436040666108208,0.0436040666108208,0.0413656333876212,0.29228193214102,0.29228193214102,-0.0309116647172161,-0.0309116647172161
-0.13260460218317,-0.0279291494960582,0.0459967561158851,0.0459967561158851,0.0436198483699864,0.291471501300265,0.291471501300265,-0.00691100532851591,-0.00691100532851591
-0.137121676018476,-0.0265727915755489,0.0523555124762462,0.0523555124762462,0.0496425478263947,0.291491306881774,0.291491306881774,0.00626639693633592,0.00626639693633592
-0.108475812670152,-0.0470314715893935,0.0732430741538,0.0732430741538,0.0694136927639032,0.315806697843455,0.315806697843455,0.0381009334613536,0.0381009334613536
-0.0805121729731081,-0.0417638966329421,0.084812682574904,0.084812682574904,0.0803279529960033,0.377541496327899,0.377541496327899,0.0664811666934799,0.0664811666934799
-0.0764250477117434,-0.0337910699616201,0.0909108482764672,0.0909108482764672,0.0860506852919329,0.367049115777329,0.367049115777329,0.0630042663002798,0.0630042663002798
-0.0903025570474096,-0.0429559794027424,0.0944777918900155,0.0944777918900155,0.0893576102194798,0.354323695471578,0.354323695471578,0.0734694705282068,0.0734694705282068
-0.128639237429235,-0.0589977019257522,0.100698019609113,0.100698019609113,0.0951383810072777,0.331918798079399,0.331918798079399,0.0751025641888553,0.0751025641888553
-0.156491132499707,-0.0746077670518521,0.110795397229825,0.110795397229825,0.104577694617328,0.331603788939073,0.331603788939073,0.0751514494490026,0.0751514494490026
-0.160071246951734,-0.0872788082183291,0.108339932915729,0.108339932915729,0.102131178572173,0.336934471488931,0.336934471488931,0.0437390476894036,0.0437390476894036
-0.149660746965882,-0.099943995836758,0.11444033324375,0.11444033324375,0.107823829324866,0.319668695827391,0.319668695827391,0.0415437820400718,0.0415437820400718
-0.147938125824829,-0.0909978980674353,0.122175657524443,0.122175657524443,0.114925373033801,0.310445092907447,0.310445092907447,0.0583918457326671,0.0583918457326671
-0.161708902016371,-0.0596541370301571,0.118097981105836,0.118097981105836,0.110934023952001,0.292698119792747,0.292698119792747,0.051710493552867,0.051710493552867
-0.174761621576916,-0.0313008811116399,0.110004106328643,0.110004106328643,0.103163857543708,0.257065572411645,0.257065572411645,0.01590452323224,0.01590452323224
-0.179663005304724,-0.0247078026570741,0.109683339873341,0.109683339873341,0.102797386754852,0.258870387614234,0.258870387614234,-0.00225092989949769,-0.00225092989949769
-0.170796665013965,-0.0163224700953938,0.113475756542557,0.113475756542557,0.106304984068485,0.273785085355877,0.273785085355877,0.00364689780671753,0.00364689780671753
-0.120447993315352,-0.0095343467022266,0.115523544760144,0.115523544760144,0.108163781984861,0.297182660112848,0.297182660112848,0.0141691908159019,0.0141691908159019
-0.0807992009708711,-0.00626078560087401,0.117401602267659,0.117401602267659,0.109907215660256,0.304564821800004,0.304564821800004,0.0351328361584276,0.0351328361584276
-0.062412181875545,-0.0038719217674118,0.116055082767574,0.116055082767574,0.108641966735114,0.302470252351689,0.302470252351689,0.0529894441437027,0.0529894441437027
-0.0397533171564464,0.00457384135219405,0.112161648938081,0.112161648938081,0.104973643270554,0.3114201476118,0.3114201476118,0.0958894442719786,0.0958894442719786
-0.0296425955489047,0.0556042540837219,0.110190773954958,0.110190773954958,0.103076517978273,0.331299800394755,0.331299800394755,0.126393607042853,0.126393607042853
-0.0135080150838031,0.11785126797077,0.098260987269665,0.098260987269665,0.0919035154960829,0.31127440561559,0.31127440561559,0.127938580335209,0.127938580335209
-0.0116045661981456,0.129430748020192,0.0931310727047156,0.0931310727047156,0.087136435029872,0.318376739767312,0.318376739767312,0.117117580368008,0.117117580368008
0.00437255817693983,0.132045972691621,0.0785501773800622,0.0785501773800622,0.0735366661813911,0.288001099503358,0.288001099503358,0.114122403622849,0.114122403622849
0.00736656797541011,0.14091027410728,0.0765111784337456,0.0765111784337456,0.0716456289139815,0.29209150951992,0.29209150951992,0.137132641909231,0.137132641909231
0.0122121134174147,0.137171664519283,0.0711426599549595,0.0711426599549595,0.0666152895290715,0.297716249862974,0.297716249862974,0.131746402058375,0.131746402058375
0.0151333691347006,0.135007813209134,0.0699143764424203,0.0699143764424203,0.0654582119896581,0.303830305869015,0.303830305869015,0.133387953373064,0.133387953373064
0.0237172486908169,0.12986581013648,0.0747368492044892,0.0747368492044892,0.0699470445189335,0.322880076079125,0.322880076079125,0.136144639103429,0.136144639103429
0.018318198147479,0.122902570028691,0.079817073068718,0.079817073068718,0.074659783625544,0.347466661440242,0.347466661440242,0.0894982522041038,0.0894982522041038
0.0270422474030604,0.118221568317788,0.0899209718590385,0.0899209718590385,0.0840907023738073,0.35801430011921,0.35801430011921,0.0949792572583944,0.0949792572583944
0.0359212038718819,0.106109135161754,0.0960501696966109,0.0960501696966109,0.0897856560036863,0.363989131220991,0.363989131220991,0.094056635683121,0.094056635683121
0.0535807221697201,0.081040792739364,0.120385371982323,0.120385371982323,0.112463593319171,0.391784359882451,0.391784359882451,0.114960587757257,0.114960587757257
0.0563916587234648,0.051832807338378,0.139143655838044,0.139143655838044,0.129952253225148,0.413110232432173,0.413110232432173,0.157520675034403,0.157520675034403
0.0441442753304886,0.0226819978921423,0.160115310073946,0.160115310073946,0.149484599731995,0.453704602300256,0.453704602300256,0.211698223627343,0.211698223627343
0.0372378023872108,0.00680876148790285,0.161529515327716,0.161529515327716,0.150781456472134,0.46098918207212,0.46098918207212,0.255100537336774,0.255100537336774
0.0339498940094366,-0.01818656109558,0.164190750217105,0.164190750217105,0.153285152698732,0.457640671665552,0.457640671665552,0.312965866944157,0.312965866944157
0.0274922355234327,-0.0256143803198568,0.166822316367258,0.166822316367258,0.155779084379871,0.452791606193237,0.452791606193237,0.342289760411245,0.342289760411245
0.0292167632177922,-0.0342080209871895,0.16629423776306,0.16629423776306,0.155351133804171,0.438093711856469,0.438093711856469,0.426357243302238,0.426357243302238
0.0233911287756651,-0.0394933567905318,0.168353628347618,0.168353628347618,0.157300776062382,0.438615785380242,0.438615785380242,0.446691547692493,0.446691547692493
0.0247458764003049,-0.0401480901568824,0.162320829414283,0.162320829414283,0.151704424192086,0.427929471313222,0.427929471313222,0.455845150494146,0.455845150494146
0.0218571117933111,-0.0349266712222762,0.144819937839065,0.144819937839065,0.135410712626484,0.431478244584515,0.431478244584515,0.458873639674038,0.458873639674038
0.0183841827029686,-0.00515356836767851,0.125838733440003,0.125838733440003,0.117689569638499,0.41188926551007,0.41188926551007,0.439522003626257,0.439522003626257
0.0143450648375563,0.0280357178675089,0.11353083209074,0.11353083209074,0.106197927545152,0.398817998275933,0.398817998275933,0.41584889580598,0.41584889580598
0.0123306686651991,0.0406197587948615,0.114407602995482,0.114407602995482,0.107023683059056,0.389199731077101,0.389199731077101,0.396420832704221,0.396420832704221
0.00814196266335968,0.0715511140257021,0.128362206581919,0.128362206581919,0.120090742902428,0.378056292782263,0.378056292782263,0.348502262244907,0.348502262244907
-0.0122088783213135,0.131248483009679,0.169780778374795,0.169780778374795,0.158790967283634,0.400342620096902,0.400342620096902,0.270309256786618,0.270309256786618
-0.0370683206552398,0.158053254238763,0.195610766093148,0.195610766093148,0.18289507520949,0.415096571531338,0.415096571531338,0.218417828063729,0.218417828063729
-0.0606900875053945,0.170576287129137,0.217618110119596,0.217618110119596,0.203419376338437,0.436075165886328,0.436075165886328,0.14558791311986,0.14558791311986
-0.0940002556489037,0.17135152188936,0.244578415387227,0.244578415387227,0.228501842441652,0.45235791731643,0.45235791731643,0.0819795763375314,0.0819795763375314
-0.124564378785356,0.16632021284784,0.264703369868937,0.264703369868937,0.24719783585447,0.46108921884946,0.46108921884946,0.0766622971960815,0.0766622971960815
-0.159901198080347,0.145088930777787,0.287590841091215,0.287590841091215,0.268442983307691,0.461944935122063,0.461944935122063,0.0651814232741771,0.0651814232741771
-0.181706886975029,0.131016894868656,0.306128603683761,0.306128603683761,0.285638732729206,0.470807800119602,0.470807800119602,0.0702067000619968,0.0702067000619968
-0.19721774954032,0.130650423627769,0.329820793817279,0.329820793817279,0.307601513289112,0.488216343415606,0.488216343415606,0.0516186865815925,0.0516186865815925
-0.208434551502771,0.133972664014622,0.340359789518196,0.340359789518196,0.317316171554493,0.487789807383332,0.487789807383332,0.0507855861148575,0.0507855861148575
-0.216287786184118,0.136855891032135,0.341979909329642,0.341979909329642,0.318707113086753,0.489653017613888,0.489653017613888,0.0585616599794815,0.0585616599794815
-0.213643902921704,0.137212090729924,0.339557498054528,0.339557498054528,0.316402277358601,0.482692867434647,0.482692867434647,0.067922639279583,0.067922639279583
-0.210429776814679,0.137338882685151,0.338705227897965,0.338705227897965,0.315572020608957,0.476733588291648,0.476733588291648,0.0786946741119588,0.0786946741119588
-0.205653458777365,0.14328279069298,0.343923149261425,0.343923149261425,0.320451308000257,0.47877020341736,0.47877020341736,0.0996551781384985,0.0996551781384985
-0.192775021518441,0.149766763858393,0.349003113225858,0.349003113225858,0.32523779786172,0.483759402131596,0.483759402131596,0.105836095340956,0.105836095340956
-0.16720713458045,0.169391205045153,0.352741841003006,0.352741841003006,0.328828148323672,0.496019086725388,0.496019086725388,0.106274121393206,0.106274121393206
-0.143504911767481,0.18034982040746,0.351827174630058,0.351827174630058,0.328062258921244,0.498655650642386,0.498655650642386,0.111807208133138,0.111807208133138
-0.130197169452329,0.173610073708642,0.341633805694607,0.341633805694607,0.318728328630117,0.492966714033274,0.492966714033274,0.135413889022671,0.135413889022671
-0.130036283941036,0.153710841534277,0.33480757027017,0.33480757027017,0.312498345485868,0.511333601874546,0.511333601874546,0.157844167432862,0.157844167432862
-0.139800290622377,0.113643061247176,0.333417202602702,0.333417202602702,0.311452212818351,0.524653851392153,0.524653851392153,0.137802551327963,0.137802551327963
-0.151944272179793,0.0796055006991449,0.335129706033134,0.335129706033134,0.313279820661371,0.540134069086124,0.540134069086124,0.1305341345323,0.1305341345323
-0.161335403205393,0.0460528241814467,0.33651631560534,0.33651631560534,0.314811650245039,0.543300288859919,0.543300288859919,0.107304283930733,0.107304283930733
-0.159933839552411,-0.0135975194860109,0.304235049398562,0.304235049398562,0.284986255181342,0.526185088525743,0.526185088525743,0.0929019152729225,0.0929019152729225
-0.141314154145957,-0.0890551218990508,0.269665749215032,0.269665749215032,0.252973387380342,0.495305991209471,0.495305991209471,0.063069592278389,0.063069592278389
-0.129647426519506,-0.132918259516416,0.244296180860414,0.244296180860414,0.229422191361705,0.477063169579835,0.477063169579835,0.0457175442964815,0.0457175442964815
-0.113178293822374,-0.181731192503106,0.213589956116364,0.213589956116364,0.200949206070065,0.464524807200892,0.464524807200892,-0.000789926994239682,-0.000789926994239682
-0.118855358109971,-0.224478841171134,0.20720378479607,0.20720378479607,0.195204372023257,0.446637762136599,0.446637762136599,-0.0146279776681063,-0.0146279776681063
-0.120380099710715,-0.261188596603524,0.196798317437333,0.196798317437333,0.185641409558127,0.432995342673243,0.432995342673243,-0.0480712691801278,-0.0480712691801278
-0.112049266766068,-0.293658889420138,0.18064275350651,0.18064275350651,0.170727036104982,0.421493671309754,0.421493671309754,-0.0458010218111345,-0.0458010218111345
-0.108386571225574,-0.306637409187525,0.1638278611181,0.1638278611181,0.155140970027907,0.418048899910172,0.418048899910172,-0.0493050203944819,-0.0493050203944819
-0.108751488632216,-0.308536794517622,0.153174202550991,0.153174202550991,0.14521784100645,0.418122666314066,0.418122666314066,-0.0290052404891836,-0.0290052404891836
-0.115057956798821,-0.308166236992345,0.154141096969531,0.154141096969531,0.146358636356514,0.414898066032258,0.414898066032258,-0.0241457410185895,-0.0241457410185895
-0.127764589381879,-0.30352687034439,0.155094348086667,0.155094348086667,0.147415700440974,0.423960667811203,0.423960667811203,-0.00427991827188525,-0.00427991827188525
-0.135575144836421,-0.301562584157926,0.164347143392901,0.164347143392901,0.156377812718604,0.439989598323175,0.439989598323175,0.0140079839261069,0.0140079839261069
-0.13339925320671,-0.310928894868407,0.171558198077367,0.171558198077367,0.163445868152398,0.461368801058621,0.461368801058621,0.077114325607883,0.077114325607883
-0.12032496840217,-0.304533974226555,0.168455395499053,0.168455395499053,0.160602372250286,0.477797885236917,0.477797885236917,0.099424542979417,0.099424542979417
-0.109849245410516,-0.28997556080026,0.167924619336068,0.167924619336068,0.160157956032552,0.495598596851848,0.495598596851848,0.12266004862274,0.12266004862274
-0.089926011038424,-0.266741860525185,0.178499483621967,0.178499483621967,0.170359336421965,0.523889243343854,0.523889243343854,0.134325875734231,0.134325875734231
-0.0587982759344376,-0.246163580671163,0.201445197899666,0.201445197899666,0.19238511800353,0.555127710189911,0.555127710189911,0.089129586892267,0.089129586892267
-0.0464133587064614,-0.242829467833351,0.214451076865659,0.214451076865659,0.204867266338012,0.574809996087096,0.574809996087096,0.0956291404038872,0.0956291404038872
-0.039360787869431,-0.243994226265695,0.233920017845978,0.233920017845978,0.223487703964731,0.600113329216253,0.600113329216253,0.0836828534555667,0.0836828534555667
-0.0493916962370015,-0.249021835120082,0.245948665320111,0.245948665320111,0.234961171176269,0.635395988700266,0.635395988700266,0.0707681292345072,0.0707681292345072
-0.0580531133404221,-0.244782797108612,0.25217865918364,0.25217865918364,0.240904373888286,0.611575194573245,0.611575194573245,0.0751512866670083,0.0751512866670083
-0.0626187819380879,-0.235362650454075,0.257064787490592,0.257064787490592,0.245556192791558,0.605457891945224,0.605457891945224,0.105652240510313,0.105652240510313
-0.0584918821683823,-0.232709640223733,0.262565852002953,0.262565852002953,0.250758443619621,0.607906882768415,0.607906882768415,0.131710137188915,0.131710137188915
-0.0464031329990469,-0.232682168909878,0.265504526117929,0.265504526117929,0.253513806960388,0.610940789386902,0.610940789386902,0.152046024274068,0.152046024274068
-0.032328347839599,-0.238651914557102,0.26258979198135,0.26258979198135,0.250662547877693,0.617957565600567,0.617957565600567,0.171418208806497,0.171418208806497
-0.0318047828702796,-0.254381078654155,0.253153526545145,0.253153526545145,0.241573981772166,0.615852745602088,0.615852745602088,0.244312047243783,0.244312047243783
-0.0349496592729567,-0.264190801943166,0.251492547531658,0.251492547531658,0.23995245328999,0.611558008222151,0.611558008222151,0.257244068232491,0.257244068232491
-0.0349913874343033,-0.278000229548646,0.242834766891537,0.242834766891537,0.23175143758284,0.593527305049662,0.593527305049662,0.292793519862538,0.292793519862538
-0.0259568318765053,-0.282810952146482,0.237503146522379,0.237503146522379,0.226749379617876,0.580844349089982,0.580844349089982,0.314403159235443,0.314403159235443
0.000689976718888126,-0.302260548858287,0.229545991493182,0.229545991493182,0.219295590183306,0.599530148849399,0.599530148849399,0.318116231489238,0.318116231489238
0.00118749000386634,-0.305493019906044,0.228585780795595,0.228585780795595,0.218504851812812,0.549590904237593,0.549590904237593,0.325434223953973,0.325434223953973
-0.0160138019124777,-0.303222562246295,0.220784732995857,0.220784732995857,0.211224982357684,0.492649231128378,0.492649231128378,0.331292871531362,0.331292871531362
-0.0317725716535962,-0.310078842168711,0.207979515794525,0.207979515794525,0.199103135438329,0.474147020292945,0.474147020292945,0.320906924197808,0.320906924197808
-0.0420630847032174,-0.311207224593664,0.20407937316432,0.20407937316432,0.195563914220806,0.446492479252919,0.446492479252919,0.332942969504585,0.332942969504585
-0.0516374752766986,-0.307163701875561,0.210187557916258,0.210187557916258,0.201672506854411,0.41496899549654,0.41496899549654,0.340204242330682,0.340204242330682
-0.063048635048597,-0.31081709846191,0.20535741794438,0.20535741794438,0.197308145048698,0.40567763009504,0.40567763009504,0.353386783561363,0.353386783561363
-0.0685041709980559,-0.308104852474828,0.203068963997718,0.203068963997718,0.195276855297135,0.401757959551336,0.401757959551336,0.344680222767564,0.344680222767564
-0.0753518068284049,-0.307738229262011,0.199599432481253,0.199599432481253,0.192080422395066,0.391822239816728,0.391822239816728,0.3441357928195,0.3441357928195
-0.0847130938569561,-0.300681553126779,0.197922198368954,0.197922198368954,0.190658764783542,0.380245412754844,0.380245412754844,0.348302593540538,0.348302593540538
-0.0929014224839476,-0.301123748098014,0.185596302540738,0.185596302540738,0.17890608430591,0.404911480127902,0.404911480127902,0.353991212727998,0.353991212727998
-0.0809885125419401,-0.322046162725729,0.183621434230549,0.183621434230549,0.177140315768344,0.456676176305069,0.456676176305069,0.344663346322601,0.344663346322601
-0.0674947180875574,-0.330281841172322,0.195143487827165,0.195143487827165,0.188401836644994,0.46990392091109,0.46990392091109,0.357389857305318,0.357389857305318
-0.080881151457365,-0.339699267948618,0.189652170618114,0.189652170618114,0.183197203530099,0.480138584640765,0.480138584640765,0.323860956994616,0.323860956994616
-0.0984578270284061,-0.349367063802037,0.182369626777041,0.182369626777041,0.176261093641943,0.482500811896369,0.482500811896369,0.290650107134484,0.290650107134484
-0.113924054572059,-0.339947766311673,0.174365046508175,0.174365046508175,0.168660847513546,0.46522461837015,0.46522461837015,0.283509967702218,0.283509967702218
-0.121742081016936,-0.332798132706135,0.177403232608202,0.177403232608202,0.171681049467307,0.447572244495166,0.447572244495166,0.274579280673605,0.274579280673605
-0.102662523854684,-0.282197391584741,0.196049118781612,0.196049118781612,0.189835647811642,0.442923186457513,0.442923186457513,0.293545686852376,0.293545686852376
-0.0952959801874367,-0.241151235023396,0.206698034581088,0.206698034581088,0.200219236512869,0.427483254362878,0.427483254362878,0.322736052722128,0.322736052722128
-0.0902880613357996,-0.210803977359935,0.220376051094679,0.220376051094679,0.213558891247103,0.429721713650673,0.429721713650673,0.347700038732478,0.347700038732478
-0.091862631548218,-0.197290044004826,0.226373351363927,0.226373351363927,0.219434855696531,0.43612122670527,0.43612122670527,0.32646534176243,0.32646534176243
-0.0928730864415917,-0.168490635714371,0.234956675705565,0.234956675705565,0.227846422164,0.432166751630788,0.432166751630788,0.307075899934073,0.307075899934073
-0.0910892448494287,-0.15269169040701,0.238025660836669,0.238025660836669,0.230859534643449,0.458010446390465,0.458010446390465,0.336469917672396,0.336469917672396
-0.0973700669464477,-0.127503359241234,0.24185106362285,0.24185106362285,0.234581964731028,0.473417860800117,0.473417860800117,0.341375392213089,0.341375392213089
-0.0910057324416754,-0.0915877207086293,0.252704250051906,0.252704250051906,0.245105388567672,0.490611513343098,0.490611513343098,0.348437750729297,0.348437750729297
-0.079845182106881,-0.0624893848429889,0.261236159614206,0.261236159614206,0.253362138323835,0.514402727226121,0.514402727226121,0.35889392337038,0.35889392337038
-0.0948505686298418,-0.0441457882938713,0.255942854802196,0.255942854802196,0.248180446983154,0.532760816594284,0.532760816594284,0.318742833657617,0.318742833657617
-0.111338934476755,-0.0470602480519375,0.249831917783008,0.249831917783008,0.242204986872262,0.549212576854935,0.549212576854935,0.271740324514328,0.271740324514328
-0.114559433937582,-0.0398721353225248,0.244998185074567,0.244998185074567,0.237444020097983,0.557615664207621,0.557615664207621,0.193167644443585,0.193167644443585
-0.107077920041114,-0.0373383305977499,0.241743485690511,0.241743485690511,0.23424990582326,0.554531339328393,0.554531339328393,0.188974241125173,0.188974241125173
-0.109344100968006,-0.0324627640141655,0.236639815541685,0.236639815541685,0.229284463116698,0.547506577823933,0.547506577823933,0.195923018120796,0.195923018120796
-0.125389510547657,-0.0220572947487291,0.234913455698924,0.234913455698924,0.227605011027502,0.538537912743271,0.538537912743271,0.179895285158036,0.179895285158036
-0.119275844757595,-0.0116303640983283,0.231815072531967,0.231815072531967,0.224630926031005,0.537934678822769,0.537934678822769,0.152442616626341,0.152442616626341
-0.110961307424688,-0.000138592360429698,0.227071901467711,0.227071901467711,0.220088203562318,0.533751449938331,0.533751449938331,0.142151025955425,0.142151025955425
-0.109024399850475,0.00446502289076058,0.222705724690634,0.222705724690634,0.215884470626219,0.532013897874999,0.532013897874999,0.139270513664937,0.139270513664937
-0.110521734914244,0.00744769671189938,0.209855448548054,0.209855448548054,0.20350423030761,0.525021477044919,0.525021477044919,0.144713067443356,0.144713067443356
-0.104646545656849,0.00797268846798303,0.196475997083722,0.196475997083722,0.190648424311809,0.52369864031174,0.52369864031174,0.174172686692799,0.174172686692799
-0.0870158603897851,0.0005423427368349,0.176284284081555,0.176284284081555,0.171134068963922,0.522915630897042,0.522915630897042,0.227178775036435,0.227178775036435
-0.0614236639716791,-0.00928015033311461,0.16090727031436,0.16090727031436,0.156281214680932,0.519956957486034,0.519956957486034,0.259936472713168,0.259936472713168
-0.0316574675364562,-0.0122104906535273,0.138025645000389,0.138025645000389,0.134134227578838,0.510504523361778,0.510504523361778,0.336744495661453,0.336744495661453
-0.0171541266436075,-0.00834730184577054,0.126921940645213,0.126921940645213,0.12337937238784,0.523909349530229,0.523909349530229,0.332354586731529,0.332354586731529
0.0053492372264296,-0.00263015203439684,0.115207960620232,0.115207960620232,0.112016814026484,0.533411063976039,0.533411063976039,0.310862611453908,0.310862611453908
0.0170751482591779,0.00303623693678361,0.105844080340897,0.105844080340897,0.102931419560137,0.523900181269616,0.523900181269616,0.318436531737809,0.318436531737809
0.0122241682279815,0.00484226531566756,0.0960869981005165,0.0960869981005165,0.0934518329231019,0.501947781022711,0.501947781022711,0.282291478014137,0.282291478014137
0.0352411731528764,-0.0215468457162387,0.0964966258404313,0.0964966258404313,0.0938413323822244,0.504069005198024,0.504069005198024,0.226069085989786,0.226069085989786
0.0517341318814779,-0.0290748135885411,0.093685821890932,0.093685821890932,0.0910927462872231,0.514613756487273,0.514613756487273,0.210649937856641,0.210649937856641
0.0573020442577737,-0.0274756561806304,0.0950235952019222,0.0950235952019222,0.092362954847597,0.517525646933923,0.517525646933923,0.197015542511857,0.197015542511857
0.0615869902551906,-0.0181681654589188,0.105129045345741,0.105129045345741,0.102127482050888,0.543781485470996,0.543781485470996,0.187989956261671,0.187989956261671
0.0662409565595472,-0.0191852585178149,0.11016715202928,0.11016715202928,0.106978196732516,0.554979386730674,0.554979386730674,0.166893196460224,0.166893196460224
0.0790424315582246,-0.0259671967804001,0.113060548045267,0.113060548045267,0.109745834989508,0.549608832220965,0.549608832220965,0.167129225571381,0.167129225571381
0.0871464350464018,-0.0331714148510738,0.110892401727075,0.110892401727075,0.107617706869862,0.542773069370923,0.542773069370923,0.173344659372171,0.173344659372171
0.104846419489241,-0.042986826035467,0.101507310716104,0.101507310716104,0.0984717331592628,0.536810811691817,0.536810811691817,0.160564888248095,0.160564888248095
0.142938199401579,-0.0463632129405289,0.099209771332578,0.099209771332578,0.0962054416282994,0.53914742158793,0.53914742158793,0.185682875490299,0.185682875490299
0.168282834860605,-0.0274593296467179,0.0904359504722307,0.0904359504722307,0.087667857823102,0.528436099411319,0.528436099411319,0.228158136080203,0.228158136080203
0.192992836703371,-0.0060134595397185,0.0769493824165206,0.0769493824165206,0.0745556091403499,0.495205302790903,0.495205302790903,0.277018073363476,0.277018073363476
0.218258858566856,0.00304948907733906,0.066346012828593,0.066346012828593,0.0642531365655844,0.478235277297571,0.478235277297571,0.303638362435508,0.303638362435508
0.237230996349762,0.00460159676120945,0.0566349398582109,0.0566349398582109,0.0548037768091694,0.431957342031306,0.431957342031306,0.312044784088752,0.312044784088752
0.236416705750836,0.0244433380979137,0.0515614469991575,0.0515614469991575,0.0498586471075064,0.404317946879008,0.404317946879008,0.327295338634231,0.327295338634231
0.220258952795448,0.0522667042682269,0.0540570441866724,0.0540570441866724,0.0522246152887001,0.387501632569042,0.387501632569042,0.303923851445444,0.303923851445444
0.140201930883339,0.103051870163718,0.0669004887393581,0.0669004887393581,0.0645346016821551,0.353576374712294,0.353576374712294,0.296382929851376,0.296382929851376
0.105600061319116,0.13098809952149,0.0838937195605858,0.0838937195605858,0.0808481267755801,0.346326523818758,0.346326523818758,0.306419139584537,0.306419139584537
0.0443310568687572,0.164462705564014,0.112043608097298,0.112043608097298,0.107845732165346,0.350002606556655,0.350002606556655,0.274200478812468,0.274200478812468
0.023721099203117,0.166368614520219,0.131980381949907,0.131980381949907,0.126947156146187,0.351962079248746,0.351962079248746,0.25334769216868,0.25334769216868
0.0272365318090384,0.165684249536818,0.168493055765163,0.168493055765163,0.161943226399086,0.370077618557639,0.370077618557639,0.250415976371045,0.250415976371045
0.0295769305571999,0.179883279876519,0.19868948946644,0.19868948946644,0.190901216168653,0.362936893255279,0.362936893255279,0.233997146576257,0.233997146576257
0.0333169977394518,0.196873703810988,0.218499254511741,0.218499254511741,0.209865129810225,0.372806483757107,0.372806483757107,0.223408846173247,0.223408846173247
0.0590563949039668,0.198864362435653,0.234140985614744,0.234140985614744,0.224858652415844,0.378279000946307,0.378279000946307,0.231911252875967,0.231911252875967
0.0767480847249038,0.194741317842128,0.24086511492195,0.24086511492195,0.231333551110535,0.384511702419361,0.384511702419361,0.233801578324014,0.233801578324014
0.0983727065489725,0.187231890485148,0.247631854851584,0.247631854851584,0.237869157281922,0.38249543708493,0.38249543708493,0.222733698651247,0.222733698651247
0.140302177819788,0.168855375915403,0.256407333082509,0.256407333082509,0.246342643595385,0.398599455389174,0.398599455389174,0.192362033170378,0.192362033170378
0.156347007311831,0.157482631223015,0.255037291962916,0.255037291962916,0.245031159551885,0.396033180655436,0.396033180655436,0.21298152572315,0.21298152572315
0.127221758494302,0.144064521313438,0.240283139493655,0.240283139493655,0.230849174776516,0.365138028816544,0.365138028816544,0.162678912516455,0.162678912516455
0.0787675216275699,0.159155821754849,0.22671560407877,0.22671560407877,0.217805247480703,0.340458983612506,0.340458983612506,0.154222818557629,0.154222818557629
0.0274297878271642,0.160209217871264,0.207316044341121,0.207316044341121,0.199149639712281,0.325349809215561,0.325349809215561,0.125318190388068,0.125318190388068
6.22683357307725e-07,0.148318230359516,0.197086782222151,0.197086782222151,0.189333205598328,0.314047390158359,0.314047390158359,0.100711840756719,0.100711840756719
-0.021803060722938,0.134276932345665,0.190255176218701,0.190255176218701,0.182778400237658,0.307003271641927,0.307003271641927,0.0728672084428399,0.0728672084428399
-0.0339770847319521,0.124599110787453,0.187434767507183,0.187434767507183,0.180093975983028,0.271136561111971,0.271136561111971,0.0728636609175596,0.0728636609175596
-0.0415244901771077,0.112181805390736,0.193794457627567,0.193794457627567,0.186214239888284,0.268805112890942,0.268805112890942,0.0958166401602804,0.0958166401602804
-0.0311177723722114,0.0814086632491608,0.19962149136407,0.19962149136407,0.19182160873175,0.290288012524814,0.290288012524814,0.0920581317080952,0.0920581317080952
-0.0312660983903219,0.063791020894227,0.199850192062302,0.199850192062302,0.19204268987815,0.308886486822401,0.308886486822401,0.0819472439313714,0.0819472439313714
-0.0341651425360385,0.0436160918124135,0.210727288365907,0.210727288365907,0.202479045143363,0.337632275130246,0.337632275130246,0.0754920836813204,0.0754920836813204
0.00298853262371819,0.00223739756883502,0.238021074440971,0.238021074440971,0.22868558703851,0.4210696770886,0.4210696770886,0.014711352042933,0.014711352042933
0.0200217724303522,-0.0133372905784975,0.24686279196899,0.24686279196899,0.237190007474686,0.456542243745251,0.456542243745251,0.0123377624964028,0.0123377624964028
0.0484941568786048,-0.0468231156849629,0.247824594214448,0.247824594214448,0.238181187913154,0.45652515781694,0.45652515781694,0.0436005079861985,0.0436005079861985
0.052755197013287,-0.0604387695969998,0.241997631306832,0.241997631306832,0.232647306943327,0.456996463563336,0.456996463563336,0.0769066946762854,0.0769066946762854
0.0535130678544732,-0.076388560348117,0.236063439217783,0.236063439217783,0.227044238606788,0.461341438529537,0.461341438529537,0.0757531456334858,0.0757531456334858
0.0662615346268859,-0.0762256748483175,0.228452342111109,0.228452342111109,0.219787040626538,0.460698734284896,0.460698734284896,0.0246441239573349,0.0246441239573349
0.0748011603548424,-0.0734289952494424,0.217792474770512,0.217792474770512,0.209609405867376,0.463197890671053,0.463197890671053,0.0272316180559797,0.0272316180559797
0.0777837418018141,-0.0780768625455175,0.209011936520927,0.209011936520927,0.201283110738333,0.435288817472451,0.435288817472451,0.0311790440490109,0.0311790440490109
0.0951328627957601,-0.0835744911192814,0.198921502578255,0.198921502578255,0.191688424414854,0.418898733164721,0.418898733164721,0.079565020404533,0.079565020404533
0.121985966145543,-0.0795033070937829,0.174015051031769,0.174015051031769,0.167850327002351,0.350403923563459,0.350403923563459,0.145732969813475,0.145732969813475
0.129753824575209,-0.0801618008556293,0.160799742113348,0.160799742113348,0.15519019587254,0.310641127458588,0.310641127458588,0.153962038609429,0.153962038609429
0.121073921229493,-0.0706198332613129,0.138597264190425,0.138597264190425,0.133837325921314,0.303582755653842,0.303582755653842,0.135553173667456,0.135553173667456
0.127068594935735,-0.0662915730275501,0.128637094871915,0.128637094871915,0.1242543123829,0.300869524011893,0.300869524011893,0.0946006103651509,0.0946006103651509
0.0943904108166184,-0.0756283110513787,0.115032817123881,0.115032817123881,0.111148440093876,0.309043493845559,0.309043493845559,0.0369934214152773,0.0369934214152773
0.0726875969826758,-0.105004047870135,0.100048052474222,0.100048052474222,0.0966847887987042,0.315147912779132,0.315147912779132,0.0958724390985473,0.0958724390985473
0.056312793634743,-0.130862713651926,0.0827988707930407,0.0827988707930407,0.080028247766042,0.306904440763955,0.306904440763955,0.0964181762396513,0.0964181762396513
0.0667799264617107,-0.137942859683262,0.0702877056406535,0.0702877056406535,0.0679432581952113,0.297242853973233,0.297242853973233,0.109410140442282,0.109410140442282
0.090146945889227,-0.11361132125884,0.0712624360565151,0.0712624360565151,0.0688846565166468,0.285770967606723,0.285770967606723,0.149189729039106,0.149189729039106
0.100367376627118,-0.0898809852856406,0.0693831842248485,0.0693831842248485,0.0670645140017994,0.279556317770599,0.279556317770599,0.200459525910505,0.200459525910505
0.109736405352425,-0.0859979367240403,0.0686604298584141,0.0686604298584141,0.0663628609725423,0.272691473995821,0.272691473995821,0.21987833143066,0.21987833143066
0.132860126760952,-0.0852500509703081,0.0732991249597413,0.0732991249597413,0.0708376910473443,0.272765129339394,0.272765129339394,0.254367779702782,0.254367779702782
0.156359094672666,-0.0893344108905366,0.0821171922411967,0.0821171922411967,0.0793352938711586,0.290817798808888,0.290817798808888,0.265967579494806,0.265967579494806
0.166986284810707,-0.0878003536369547,0.0844402816657354,0.0844402816657354,0.0815577071202317,0.2993883632275,0.2993883632275,0.287877658467254,0.287877658467254
0.189195883014259,-0.0806310096673534,0.0851770399108507,0.0851770399108507,0.0822434946288189,0.312025306679442,0.312025306679442,0.3121159458475,0.3121159458475
0.203560597648908,-0.0608537811785124,0.0866708313426889,0.0866708313426889,0.0836461389673359,0.336073470845112,0.336073470845112,0.316163520273076,0.316163520273076
0.200749421120265,-0.0385465005847912,0.095376613428751,0.095376613428751,0.0920156096123048,0.366357545644071,0.366357545644071,0.392681609591217,0.392681609591217
0.186320730025441,-0.0209658183439145,0.097000477373488,0.097000477373488,0.0935579280913605,0.365675929453403,0.365675929453403,0.383836424311437,0.383836424311437
0.181767413144063,-0.0140128890272629,0.0947242038970695,0.0947242038970695,0.0913518459812118,0.370766343647943,0.370766343647943,0.390672709006413,0.390672709006413
0.170132829437045,-0.0121577944862695,0.0901580373012712,0.0901580373012712,0.0869247169754775,0.382762944792198,0.382762944792198,0.412695581209022,0.412695581209022
0.169385228888466,-0.00648049317887446,0.0787627240704908,0.0787627240704908,0.075916428322616,0.38193702800422,0.38193702800422,0.36120682547176,0.36120682547176
0.158404621168486,0.000128779133469978,0.075131746486623,0.075131746486623,0.0724059600054702,0.378297620803946,0.378297620803946,0.311128417537677,0.311128417537677
0.147808671217345,0.0117275288286551,0.070475805445363,0.070475805445363,0.0679099266727396,0.362319085291321,0.362319085291321,0.325155386090248,0.325155386090248
0.143529229717305,0.0141720859637537,0.0601759757208233,0.0601759757208233,0.0579770538477156,0.339568663741849,0.339568663741849,0.255065126851067,0.255065126851067
0.145700233745668,0.0079483178823504,0.0533339900414495,0.0533339900414495,0.051381858532626,0.349824931866931,0.349824931866931,0.242712668579542,0.242712668579542
0.13860462093473,-0.00949957374281212,0.0445238741297625,0.0445238741297625,0.0428873136170553,0.344700505397328,0.344700505397328,0.251992571856285,0.251992571856285
0.170004169466314,-0.0163193451112238,0.033455307305537,0.033455307305537,0.032217728549626,0.312936573897088,0.312936573897088,0.101950840640745,0.101950840640745
0.184157530721984,-0.00876795979567446,0.0352845761264644,0.0352845761264644,0.0339705386318589,0.31637540188458,0.31637540188458,0.0633512190897994,0.0633512190897994
0.209303147527213,0.00686743812261167,0.037603805896533,0.037603805896533,0.0361979607258426,0.314594426483669,0.314594426483669,0.0216652545336274,0.0216652545336274
0.239876146490936,0.00577619123943436,0.0395952369459162,0.0395952369459162,0.0381018174133838,0.31197521127311,0.31197521127311,-0.0496192893822668,-0.0496192893822668
0.217347111154596,0.020004028308345,0.0335632028743023,0.0335632028743023,0.032288956682001,0.311325257324217,0.311325257324217,-0.0368189835360012,-0.0368189835360012
0.151598451850518,0.0697312364321217,0.0195089028115628,0.0195089028115628,0.0187612746464736,0.336376895891226,0.336376895891226,-0.0350218362250456,-0.0350218362250456
0.136417286747703,0.0972249946549891,0.029255598818292,0.029255598818292,0.0281228995369966,0.350424763355103,0.350424763355103,0.00579701249325584,0.00579701249325584
0.132943377109371,0.114447749767402,0.0353415808715711,0.0353415808715711,0.0339632302297993,0.319927594877666,0.319927594877666,-0.00167367985036946,-0.00167367985036946
0.148619638656902,0.135060345903557,0.033693074378429,0.033693074378429,0.0323672761588335,0.309248401691039,0.309248401691039,-0.0115315888880386,-0.0115315888880386
0.149860791333938,0.145918726807257,0.0268117089319173,0.0268117089319173,0.0257514803885078,0.304446493503312,0.304446493503312,0.0125323992744592,0.0125323992744592
0.163684761365238,0.147747466126335,0.015763056681679,0.015763056681679,0.0151371802514455,0.290357073480354,0.290357073480354,0.0240673817201605,0.0240673817201605
0.168440362067077,0.148022094965647,0.00911722649661269,0.00911722649661269,0.0087542196240901,0.280457269813805,0.280457269813805,0.0437759673404133,0.0437759673404133
0.160805065939986,0.148598167063983,-0.000114675905830237,-0.000114675905830237,-0.000110086957140143,0.266565036784898,0.266565036784898,0.0413704888441385,0.0413704888441385
0.150819908867664,0.168622754236914,-0.0196626953223215,-0.0196626953223215,-0.0188690984769538,0.250728275269091,0.250728275269091,0.0696165835461702,0.0696165835461702
0.190535071627925,0.169873623628269,-0.0321822678071111,-0.0321822678071111,-0.0308767351891032,0.238299771834722,0.238299771834722,0.0680329901314262,0.0680329901314262
0.243615029788856,0.128183674956008,-0.0536170512364,-0.0536170512364,-0.0514229604675995,0.179244843777395,0.179244843777395,0.0590731467055575,0.0590731467055575
0.258886650544581,0.119989088599754,-0.0822345589037713,-0.0822345589037713,-0.0788536251373168,0.14801538087431,0.14801538087431,0.0422587770979221,0.0422587770979221
0.278089316646509,0.112158008594689,-0.125838581649135,-0.125838581649135,-0.120621470298522,0.12622115407983,0.12622115407983,0.0353464786477963,0.0353464786477963
0.293596524014668,0.115455565277028,-0.15064620435561,-0.15064620435561,-0.144348086607927,0.0921805566681678,0.0921805566681678,0.0356157174765467,0.0356157174765467
0.302396308229945,0.120732471531972,-0.162740390053985,-0.162740390053985,-0.155897878469393,0.0743291060782576,0.0743291060782576,0.0519829939357303,0.0519829939357303
0.316470975989574,0.122333321418888,-0.178508061179619,-0.178508061179619,-0.170933688168486,0.0515369484704372,0.0515369484704372,0.0406117869802977,0.0406117869802977
0.319156851357415,0.122949850170928,-0.192018412775023,-0.192018412775023,-0.183813921057206,0.0390377833738766,0.0390377833738766,0.056101778776408,0.056101778776408
0.319839227413016,0.124881544670764,-0.197258335058985,-0.197258335058985,-0.18879671903129,0.0346863569022423,0.0346863569022423,0.0533198448399228,0.0533198448399228
0.321130142383437,0.12825055462566,-0.203648162942404,-0.203648162942404,-0.194845871260674,0.0256363135438585,0.0256363135438585,0.0533472894674544,0.0533472894674544
0.315954634503676,0.137826558842869,-0.201346085897173,-0.201346085897173,-0.19257146305603,0.0176559559181724,0.0176559559181724,0.0419149792441989,0.0419149792441989
0.282229873728484,0.163974883904659,-0.158990688963051,-0.158990688963051,-0.152008158916565,-0.00803029144113379,-0.00803029144113379,0.0868886234163799,0.0868886234163799
0.269340992427544,0.170665521875319,-0.142690170452405,-0.142690170452405,-0.13637020621197,0.00318415038157355,0.00318415038157355,0.110702252160411,0.110702252160411
0.252929255267689,0.14895274920397,-0.12044771997816,-0.12044771997816,-0.115052011199743,0.0336791946777902,0.0336791946777902,0.118563638557197,0.118563638557197
0.234403592058845,0.128982206218057,-0.0823882598781518,-0.0823882598781518,-0.0786667526773758,0.0635385669821083,0.0635385669821083,0.143492726692065,0.143492726692065
0.233652122697303,0.118853554217343,-0.0604814882722804,-0.0604814882722804,-0.0577352742522779,0.076813007724516,0.076813007724516,0.145688502560753,0.145688502560753
0.219190353856251,0.112454838577311,-0.0387591065452798,-0.0387591065452798,-0.0369799745223876,0.0834258708327738,0.0834258708327738,0.110595438011222,0.110595438011222
0.212946428827559,0.104715642915165,-0.0207484326557233,-0.0207484326557233,-0.0197888620057229,0.095303483290151,0.095303483290151,0.0924301827340162,0.0924301827340162
0.198851155587952,0.078147136281887,-0.00680478056470334,-0.00680478056470334,-0.00648488093598324,0.142753525852164,0.142753525852164,0.0898247106823925,0.0898247106823925
0.193460033465789,0.0495437221269541,-0.000970071415745972,-0.000970071415745972,-0.000923755647984247,0.18273057393159,0.18273057393159,0.0611326972321964,0.0611326972321964
0.177867380938494,0.0174798282046709,0.00244179925969727,0.00244179925969727,0.00232303415821529,0.221268183267201,0.221268183267201,0.0261712865561749,0.0261712865561749
0.164279330128424,1.74197125223585e-05,0.00640949866089213,0.00640949866089213,0.00609543560154839,0.242067041444245,0.242067041444245,0.00521909085299349,0.00521909085299349
0.133938384370034,-0.0159804602396311,0.015093462169222,0.015093462169222,0.0143434458985664,0.260010290723685,0.260010290723685,0.00992596595799501,0.00992596595799501
0.112270188823785,-0.024319875129316,0.0214183126627413,0.0214183126627413,0.0203328988107377,0.280886518825416,0.280886518825416,0.00988044372813499,0.00988044372813499
0.100951424314451,-0.0360071063756529,0.0139892226843964,0.0139892226843964,0.0132725648729459,0.276667022061439,0.276667022061439,-0.00165762226441492,-0.00165762226441492
0.0904407096262445,-0.0660773573173822,0.00175168914266263,0.00175168914266263,0.00166115460386958,0.274868919047595,0.274868919047595,-0.000724141580483239,-0.000724141580483239
0.078064472676162,-0.0908117284916218,0.000973868942534386,0.000973868942534386,0.000923316318134314,0.283841075683223,0.283841075683223,0.0121801535590235,0.0121801535590235
0.0681365825246225,-0.118726264014776,0.00375864092620258,0.00375864092620258,0.00356306122780057,0.284045714375994,0.284045714375994,0.0479345345622312,0.0479345345622312
0.0772342882988172,-0.129461043003486,0.00793001511340829,0.00793001511340829,0.00751783423514706,0.276265795852576,0.276265795852576,0.0574740212479086,0.0574740212479086
0.0639706572003145,-0.152229375580249,0.0178517925351585,0.0178517925351585,0.0169294054780891,0.26349849130633,0.26349849130633,0.0937850063380417,0.0937850063380417
0.050115568644656,-0.171764921435223,0.0160121538811498,0.0160121538811498,0.0151890095867718,0.263810166331827,0.263810166331827,0.104622743113904,0.104622743113904
0.0240598052919087,-0.211155126704368,0.0196575883193545,0.0196575883193545,0.0186563286338017,0.25547028580493,0.25547028580493,0.126750519220903,0.126750519220903
-0.0156678523914186,-0.22863200437047,0.0249799071154346,0.0249799071154346,0.0237146922722749,0.245802603857998,0.245802603857998,0.151423419831958,0.151423419831958
-0.0301677379580755,-0.236662933017287,0.0483126468824333,0.0483126468824333,0.0458712115322983,0.256547115730923,0.256547115730923,0.190465816766175,0.190465816766175
-0.0062764427991278,-0.245791376203146,0.0766097781868854,0.0766097781868854,0.0727132353429485,0.266489808965904,0.266489808965904,0.173867506682666,0.173867506682666
0.0109415348433722,-0.246453003127337,0.0915633860751359,0.0915633860751359,0.0868703774551088,0.274970847539671,0.274970847539671,0.167985301577217,0.167985301577217
0.0289801148512478,-0.23797590171122,0.104886838023733,0.104886838023733,0.0994582944012992,0.288161063490987,0.288161063490987,0.148563707130718,0.148563707130718
0.0305305271506571,-0.205712943336341,0.131199665615424,0.131199665615424,0.124278970499338,0.304272354317517,0.304272354317517,0.157075968261426,0.157075968261426
0.0425085039116587,-0.174524226400405,0.145829366956805,0.145829366956805,0.138045524220615,0.323852293166339,0.323852293166339,0.162794993470375,0.162794993470375
0.0449627541651674,-0.158328366668046,0.156968453753255,0.156968453753255,0.148538508118591,0.326587624234864,0.326587624234864,0.173841259218352,0.173841259218352
0.0531026900844162,-0.143743470549473,0.171437260790148,0.171437260790148,0.162113178286871,0.324240074129524,0.324240074129524,0.163704671103419,0.163704671103419
0.0563470555025244,-0.121817498380369,0.197056887996762,0.197056887996762,0.186124581188177,0.342141233561159,0.342141233561159,0.122465596772264,0.122465596772264
0.0623633616342805,-0.114192613615111,0.215732475938215,0.215732475938215,0.203622711773299,0.357065841126997,0.357065841126997,0.0755547355168656,0.0755547355168656
0.0705032703827018,-0.109057977279359,0.236416236024221,0.236416236024221,0.223007786740609,0.3712906335155,0.3712906335155,0.0343118948249677,0.0343118948249677
0.047116197511389,-0.0834720977246096,0.271727069903667,0.271727069903667,0.256115895644929,0.393461721291615,0.393461721291615,0.0588618687695398,0.0588618687695398
0.0467105324689171,-0.0729202094990502,0.290177708744107,0.290177708744107,0.273405618574317,0.407496977935953,0.407496977935953,0.0702760703010107,0.0702760703010107
0.0420141075064763,-0.0612786443551729,0.309779899239707,0.309779899239707,0.291818481947945,0.407817268076915,0.407817268076915,0.0730097528408098,0.0730097528408098
0.0336643792793965,-0.055748617391416,0.312772517077147,0.312772517077147,0.294680910783526,0.414049451028043,0.414049451028043,0.0793223177753651,0.0793223177753651
0.0274529093148344,-0.0590873038398198,0.314534888774721,0.314534888774721,0.296358410142359,0.419390168510642,0.419390168510642,0.0767207429443157,0.0767207429443157
0.0267563373327604,-0.0661005708475337,0.315571364885931,0.315571364885931,0.297380389986304,0.409928976117908,0.409928976117908,0.0668639211547554,0.0668639211547554
0.0282360832973402,-0.0687945024229181,0.311626489979834,0.311626489979834,0.293710537633515,0.408882168541576,0.408882168541576,0.0868168722064327,0.0868168722064327
0.034605416053519,-0.0727925739049712,0.306907831615794,0.306907831615794,0.289384607844841,0.388437202505967,0.388437202505967,0.0787380453896941,0.0787380453896941
0.0372495538033394,-0.0798279992073529,0.300040290700839,0.300040290700839,0.283013466571373,0.368204881729542,0.368204881729542,0.0744379419877201,0.0744379419877201
0.0207355083360709,-0.0887998970714017,0.293021825081143,0.293021825081143,0.276539571507915,0.346749004458975,0.346749004458975,0.0961020675729011,0.0961020675729011
